GEOID,neon_12_to_14,neon_13_to_14,neon_14_to_14,neon_15_to_14,neon_16_to_14,neon_17_to_14,neon_19_to_14,neon_1_to_14,neon_2_to_14,neon_3_to_14,neon_5_to_14,neon_6_to_14,neon_7_to_14,neon_8_to_14
10001,7.281791,24.233577,20.208492,37.744491,18.258842,25.585633,23.846159,39.979417,8.785875,17.03087,23.767532,11.055026,2.204642,5.348843
10003,6.442908,23.202981,19.209893,36.126828,17.834867,24.69695,23.708259,38.283409,9.248557,15.979216,23.861579,10.553057,3.385369,5.91914
10005,7.281791,24.233577,20.208492,37.744491,18.258842,25.585633,23.846159,39.979417,8.785875,17.03087,23.767532,11.055026,2.204642,5.348843
01001,3.778213,28.205572,26.397438,28.278623,39.157241,3.979766,11.049017,35.711574,18.163992,30.83582,16.032666,18.822883,5.895509,28.096333
01003,8.687321,32.708111,24.386996,43.300573,33.728394,15.374566,12.665274,41.230196,35.315529,10.589449,23.377834,26.58609,16.42381,37.554984
01005,9.620202,24.962751,18.051244,23.231789,16.987705,5.056152,12.308853,33.620635,22.068753,2.7567,6.698883,22.234198,7.340934,31.864509
01007,3.778213,28.205572,26.397438,28.278623,39.157241,3.979766,11.049017,35.711574,18.163992,30.83582,16.032666,18.822883,5.895509,28.096333
01009,3.164481,28.259302,24.821494,27.2273,37.526015,3.816996,10.845143,34.892087,16.793121,29.244872,15.488368,17.45816,4.192278,30.333889
01011,9.308375,24.688763,18.975481,22.517683,17.382775,4.120999,11.749714,33.279473,19.691125,4.998561,7.149757,20.758263,5.755199,31.593188
01013,8.434273,32.438131,24.633547,42.199928,33.932126,15.271441,12.347664,42.052933,34.7236,10.397731,23.003948,26.27381,16.447447,37.499534
01015,6.958368,22.623926,25.940774,17.135993,20.360126,-2.926552,7.535898,30.708386,1.772714,21.893803,10.547657,9.635234,-6.19531,29.548447
01017,6.958368,22.623926,25.940774,17.135993,20.360126,-2.926552,7.535898,30.708386,1.772714,21.893803,10.547657,9.635234,-6.19531,29.548447
01019,3.031643,20.127347,22.995784,12.224516,22.678128,-4.422971,7.190534,31.935069,2.505623,16.561411,11.99921,4.124924,-14.580249,33.586575
01021,3.778213,28.205572,26.397438,28.278623,39.157241,3.979766,11.049017,35.711574,18.163992,30.83582,16.032666,18.822883,5.895509,28.096333
01023,7.583734,31.664955,24.955763,39.656875,34.886616,13.208752,12.110436,40.894535,31.698599,14.131227,21.73048,24.912723,14.519888,35.781819
01025,8.434273,32.438131,24.633547,42.199928,33.932126,15.271441,12.347664,42.052933,34.7236,10.397731,23.003948,26.27381,16.447447,37.499534
01027,6.958368,22.623926,25.940774,17.135993,20.360126,-2.926552,7.535898,30.708386,1.772714,21.893803,10.547657,9.635234,-6.19531,29.548447
01029,6.958368,22.623926,25.940774,17.135993,20.360126,-2.926552,7.535898,30.708386,1.772714,21.893803,10.547657,9.635234,-6.19531,29.548447
01031,9.620202,24.962751,18.051244,23.231789,16.987705,5.056152,12.308853,33.620635,22.068753,2.7567,6.698883,22.234198,7.340934,31.864509
01033,0.100174,28.52757,16.95294,21.978138,29.381448,3.004301,9.827218,30.800462,9.94848,21.301411,12.770732,10.644218,-4.311806,41.505806
01035,8.434273,32.438131,24.633547,42.199928,33.932126,15.271441,12.347664,42.052933,34.7236,10.397731,23.003948,26.27381,16.447447,37.499534
01037,5.396131,25.365885,26.165108,22.60976,29.594124,0.466145,9.261702,33.166179,9.824856,26.286529,13.242143,14.148626,-0.255749,28.835103
01039,8.551468,31.6994,23.983072,40.325462,32.257648,14.261948,12.343829,41.219638,33.473025,9.642631,21.392652,25.874608,15.547525,36.94267
01041,8.769691,30.323857,22.771863,36.835139,29.139708,12.382234,12.336687,39.668012,31.144409,8.236606,18.39236,25.13128,13.871837,35.905771
01043,1.551932,28.400474,20.680778,24.465002,33.240051,3.389327,10.309474,32.738927,13.191225,25.064738,14.05825,13.872419,-0.282877,36.212953
01045,9.620202,24.962751,18.051244,23.231789,16.987705,5.056152,12.308853,33.620635,22.068753,2.7567,6.698883,22.234198,7.340934,31.864509
01047,4.854992,29.184411,25.989513,31.498121,37.948859,6.591125,11.349348,37.178102,21.993635,26.109224,17.644873,20.546015,8.335793,30.270956
01049,1.028281,18.853626,21.493289,9.718746,23.860741,-5.186424,7.014333,32.560907,2.879544,13.840896,12.739774,1.313637,-18.858133,35.646775
01051,5.992396,24.31935,26.079486,20.520564,26.069745,-0.82876,8.603007,32.228103,6.75156,24.609938,12.213727,12.42598,-2.522726,29.107368
01053,8.434273,32.438131,24.633547,42.199928,33.932126,15.271441,12.347664,42.052933,34.7236,10.397731,23.003948,26.27381,16.447447,37.499534
01055,5.139527,22.135646,24.783864,16.15095,22.82167,-2.919701,7.696885,31.587609,3.420476,20.538265,11.564756,8.239202,-8.469643,31.066351
01057,3.778213,28.205572,26.397438,28.278623,39.157241,3.979766,11.049017,35.711574,18.163992,30.83582,16.032666,18.822883,5.895509,28.096333
01059,0.100174,28.52757,16.95294,21.978138,29.381448,3.004301,9.827218,30.800462,9.94848,21.301411,12.770732,10.644218,-4.311806,41.505806
01061,9.620202,24.962751,18.051244,23.231789,16.987705,5.056152,12.308853,33.620635,22.068753,2.7567,6.698883,22.234198,7.340934,31.864509
01063,3.778213,28.205572,26.397438,28.278623,39.157241,3.979766,11.049017,35.711574,18.163992,30.83582,16.032666,18.822883,5.895509,28.096333
01065,3.778213,28.205572,26.397438,28.278623,39.157241,3.979766,11.049017,35.711574,18.163992,30.83582,16.032666,18.822883,5.895509,28.096333
01067,9.620202,24.962751,18.051244,23.231789,16.987705,5.056152,12.308853,33.620635,22.068753,2.7567,6.698883,22.234198,7.340934,31.864509
01069,9.620202,24.962751,18.051244,23.231789,16.987705,5.056152,12.308853,33.620635,22.068753,2.7567,6.698883,22.234198,7.340934,31.864509
01071,0.920114,19.981081,20.964131,11.147523,24.504155,-4.231832,7.342162,32.355735,3.703396,14.710386,12.743382,2.401075,-17.162824,36.329618
01073,3.778213,28.205572,26.397438,28.278623,39.157241,3.979766,11.049017,35.711574,18.163992,30.83582,16.032666,18.822883,5.895509,28.096333
01075,3.778213,28.205572,26.397438,28.278623,39.157241,3.979766,11.049017,35.711574,18.163992,30.83582,16.032666,18.822883,5.895509,28.096333
01077,0.100174,28.52757,16.95294,21.978138,29.381448,3.004301,9.827218,30.800462,9.94848,21.301411,12.770732,10.644218,-4.311806,41.505806
01079,0.100174,28.52757,16.95294,21.978138,29.381448,3.004301,9.827218,30.800462,9.94848,21.301411,12.770732,10.644218,-4.311806,41.505806
01081,6.958368,22.623926,25.940774,17.135993,20.360126,-2.926552,7.535898,30.708386,1.772714,21.893803,10.547657,9.635234,-6.19531,29.548447
01083,0.100174,28.52757,16.95294,21.978138,29.381448,3.004301,9.827218,30.800462,9.94848,21.301411,12.770732,10.644218,-4.311806,41.505806
01085,6.886196,31.030863,25.220017,37.571283,35.669406,11.517112,11.915882,39.944517,29.217755,17.193118,20.686092,23.796478,12.939071,34.373097
01087,6.958368,22.623926,25.940774,17.135993,20.360126,-2.926552,7.535898,30.708386,1.772714,21.893803,10.547657,9.635234,-6.19531,29.548447
01089,0.100174,28.52757,16.95294,21.978138,29.381448,3.004301,9.827218,30.800462,9.94848,21.301411,12.770732,10.644218,-4.311806,41.505806
01091,5.753916,30.001571,25.648967,34.185841,36.940071,8.771155,11.600071,38.402399,25.19072,22.163339,18.990786,21.98453,10.373006,32.086387
01093,1.533629,28.402076,20.633778,24.433649,33.191403,3.384472,10.303394,32.714487,13.150341,25.017291,14.042017,13.831718,-0.333672,36.279684
01095,0.444462,24.9495,18.634845,17.445661,27.342289,-0.024828,8.787191,31.452939,7.336263,18.544733,12.760188,7.195505,-9.689038,39.335076
01097,8.468273,32.474406,24.600419,42.347813,33.904752,15.285297,12.390339,41.942388,34.803133,10.423491,23.054184,26.315768,16.444271,37.506984
01099,8.434273,32.438131,24.633547,42.199928,33.932126,15.271441,12.347664,42.052933,34.7236,10.397731,23.003948,26.27381,16.447447,37.499534
01101,7.240531,26.167238,23.397465,25.471962,25.876359,3.948236,10.590459,34.519449,16.979218,16.371741,12.534675,18.266026,4.325923,31.107971
01103,0.100174,28.52757,16.95294,21.978138,29.381448,3.004301,9.827218,30.800462,9.94848,21.301411,12.770732,10.644218,-4.311806,41.505806
01105,3.778213,28.205572,26.397438,28.278623,39.157241,3.979766,11.049017,35.711574,18.163992,30.83582,16.032666,18.822883,5.895509,28.096333
01107,3.778213,28.205572,26.397438,28.278623,39.157241,3.979766,11.049017,35.711574,18.163992,30.83582,16.032666,18.822883,5.895509,28.096333
01109,9.620202,24.962751,18.051244,23.231789,16.987705,5.056152,12.308853,33.620635,22.068753,2.7567,6.698883,22.234198,7.340934,31.864509
01111,6.958368,22.623926,25.940774,17.135993,20.360126,-2.926552,7.535898,30.708386,1.772714,21.893803,10.547657,9.635234,-6.19531,29.548447
01113,7.645449,23.227632,23.904302,18.70946,19.489625,-0.86603,8.767909,31.460105,7.011595,16.95407,9.554199,12.887321,-2.701289,30.146277
01115,4.789935,26.429849,26.252157,24.733749,33.177198,1.782616,9.931367,34.119878,12.949333,27.99104,14.287686,15.899959,2.048982,28.558303
01117,3.778213,28.205572,26.397438,28.278623,39.157241,3.979766,11.049017,35.711574,18.163992,30.83582,16.032666,18.822883,5.895509,28.096333
01119,3.778213,28.205572,26.397438,28.278623,39.157241,3.979766,11.049017,35.711574,18.163992,30.83582,16.032666,18.822883,5.895509,28.096333
01121,5.980096,24.340939,26.081252,20.563663,26.142451,-0.802047,8.616596,32.247455,6.814961,24.644525,12.234943,12.461518,-2.47596,29.101751
01123,6.958368,22.623926,25.940774,17.135993,20.360126,-2.926552,7.535898,30.708386,1.772714,21.893803,10.547657,9.635234,-6.19531,29.548447
01125,3.778213,28.205572,26.397438,28.278623,39.157241,3.979766,11.049017,35.711574,18.163992,30.83582,16.032666,18.822883,5.895509,28.096333
01127,3.778213,28.205572,26.397438,28.278623,39.157241,3.979766,11.049017,35.711574,18.163992,30.83582,16.032666,18.822883,5.895509,28.096333
01129,8.434273,32.438131,24.633547,42.199928,33.932126,15.271441,12.347664,42.052933,34.7236,10.397731,23.003948,26.27381,16.447447,37.499534
01131,8.298358,32.314579,24.685036,41.793553,34.084652,14.941828,12.309755,41.867823,34.240211,10.994336,22.800451,26.056311,16.139427,37.225046
01133,1.414068,28.412544,20.326769,24.228841,32.873624,3.352763,10.263678,32.554843,12.883282,24.707359,13.935982,13.565857,-0.665478,36.715582
12001,1.803739,16.311032,6.43334,12.933809,13.893351,7.874854,8.252912,-6.932491,17.79674,-21.758313,14.378126,12.89806,-7.962626,23.038193
12003,-1.493505,8.385508,2.916041,5.936635,4.749791,-1.215184,-0.55044,-6.256306,15.024276,-18.554842,2.916466,10.778704,-13.998211,17.540182
12005,1.567942,24.671985,4.589354,19.585139,9.760471,2.213096,9.925179,11.350635,22.668897,-9.884933,6.948434,24.044481,-4.082978,24.029635
12007,1.803739,16.311032,6.43334,12.933809,13.893351,7.874854,8.252912,-6.932491,17.79674,-21.758313,14.378126,12.89806,-7.962626,23.038193
12009,4.663998,22.651138,9.137823,35.184121,34.226263,17.681746,10.719823,1.645934,32.010745,-8.77761,19.148118,7.568154,-10.364074,26.4676
12011,-21.344678,-6.670093,-32.116379,4.565109,4.168615,-4.23922,-18.928948,-7.361832,0.411323,-24.010151,-15.581758,-28.123935,-9.631503,1.225835
12013,-0.991316,20.845501,5.073214,12.661875,5.603403,-1.847742,4.786302,13.981854,18.723977,-9.169934,1.908185,20.109589,-4.646393,25.174374
12015,-0.292079,14.52299,5.562739,28.377572,21.194871,14.167718,6.252303,7.725635,19.674657,-13.290628,14.672615,-4.349561,-2.201826,22.373462
12017,1.803739,16.311032,6.43334,12.933809,13.893351,7.874854,8.252912,-6.932491,17.79674,-21.758313,14.378126,12.89806,-7.962626,23.038193
12019,1.803739,16.311032,6.43334,12.933809,13.893351,7.874854,8.252912,-6.932491,17.79674,-21.758313,14.378126,12.89806,-7.962626,23.038193
12021,-20.696558,-7.443401,-27.660385,14.177088,2.134906,0.125784,-16.2613,-9.073812,0.013097,-23.808228,-11.106116,-25.657723,-8.290219,3.085916
12023,-0.365691,11.096412,4.119124,8.33,7.877321,1.89404,2.460723,-6.487594,15.97259,-19.650581,6.836897,11.503624,-11.933755,19.420762
12027,-0.292079,14.52299,5.562739,28.377572,21.194871,14.167718,6.252303,7.725635,19.674657,-13.290628,14.672615,-4.349561,-2.201826,22.373462
12029,1.803739,16.311032,6.43334,12.933809,13.893351,7.874854,8.252912,-6.932491,17.79674,-21.758313,14.378126,12.89806,-7.962626,23.038193
12031,-1.627674,8.063008,2.772918,5.651912,4.377728,-1.585068,-0.908659,-6.228792,14.911461,-18.424489,2.450077,10.692465,-14.243806,17.316461
12033,-2.296075,29.057422,11.677388,30.786407,21.63783,10.278675,2.977682,27.449281,31.092562,2.302973,14.627084,24.066217,7.760061,34.373734
12035,4.89561,20.070324,9.724793,20.488526,19.449111,12.370429,8.490422,-6.208984,22.09028,-16.483177,19.614253,13.898442,-10.439024,26.637393
12037,4.412756,28.925421,4.051505,27.280886,14.381376,6.727033,15.63744,8.425831,27.053983,-10.67971,12.551062,28.418419,-3.456698,22.757168
12039,-2.903233,17.98689,5.434687,7.489786,2.497826,-4.881428,0.947256,15.94753,15.776888,-8.635787,-1.857179,17.169993,-5.067297,26.029562
12041,1.803739,16.311032,6.43334,12.933809,13.893351,7.874854,8.252912,-6.932491,17.79674,-21.758313,14.378126,12.89806,-7.962626,23.038193
12043,-0.047964,17.338691,4.598578,31.883157,30.522489,14.497314,9.800972,6.428746,27.708708,-12.048598,12.55933,-0.276027,-5.114406,21.631396
12045,4.412756,28.925421,4.051505,27.280886,14.381376,6.727033,15.63744,8.425831,27.053983,-10.67971,12.551062,28.418419,-3.456698,22.757168
12047,-4.777511,0.491805,-0.587136,-1.032444,-4.357057,-10.268724,-9.318446,-5.582837,12.262945,-15.364233,-8.499174,8.667858,-20.009563,12.064246
12049,-0.292079,14.52299,5.562739,28.377572,21.194871,14.167718,6.252303,7.725635,19.674657,-13.290628,14.672615,-4.349561,-2.201826,22.373462
12051,-8.311135,7.73852,-9.368572,21.447499,19.408205,7.403444,-1.526273,1.09473,16.415315,-16.789485,2.019934,-11.314057,-6.561773,13.855695
12053,1.803739,16.311032,6.43334,12.933809,13.893351,7.874854,8.252912,-6.932491,17.79674,-21.758313,14.378126,12.89806,-7.962626,23.038193
12055,-0.188489,15.717826,5.1536,29.865158,25.153023,14.307582,7.758172,7.175303,23.083887,-12.763576,13.775848,-2.620967,-3.437772,22.058568
12057,-0.292079,14.52299,5.562739,28.377572,21.194871,14.167718,6.252303,7.725635,19.674657,-13.290628,14.672615,-4.349561,-2.201826,22.373462
12059,-2.903233,17.98689,5.434687,7.489786,2.497826,-4.881428,0.947256,15.94753,15.776888,-8.635787,-1.857179,17.169993,-5.067297,26.029562
12061,0.091042,18.942028,4.049558,33.879333,35.83389,14.684995,11.821682,5.690262,32.283517,-11.341352,11.355968,2.043555,-6.772909,21.208843
12063,-2.903233,17.98689,5.434687,7.489786,2.497826,-4.881428,0.947256,15.94753,15.776888,-8.635787,-1.857179,17.169993,-5.067297,26.029562
12065,-1.450368,18.375549,4.38598,11.001008,4.39519,-2.869094,3.075218,11.606256,17.940523,-9.922037,0.645917,18.721512,-6.51125,23.582643
12067,1.803739,16.311032,6.43334,12.933809,13.893351,7.874854,8.252912,-6.932491,17.79674,-21.758313,14.378126,12.89806,-7.962626,23.038193
12069,1.641251,16.172405,6.365843,14.131164,14.459438,8.362739,8.097804,-5.796047,17.942335,-21.101814,14.400958,11.560852,-7.515991,22.986657
12071,-7.178582,6.844089,-5.036844,25.236788,14.286262,10.135232,-0.993952,1.65091,12.85447,-16.864143,6.631692,-11.218399,-4.04967,16.088859
12073,-2.317176,18.863136,5.323885,9.075179,3.449774,-3.951517,2.124033,15.344994,16.680255,-8.799519,-0.702987,18.071063,-4.938278,25.767423
12075,1.803739,16.311032,6.43334,12.933809,13.893351,7.874854,8.252912,-6.932491,17.79674,-21.758313,14.378126,12.89806,-7.962626,23.038193
12077,1.965674,25.266657,4.514157,20.661079,10.406518,2.844188,10.723808,10.941719,23.281974,-9.996051,7.731735,24.655999,-3.995418,23.851732
12079,-4.061823,2.502554,0.231303,0.62028,-2.372384,-8.332177,-7.300517,-5.214116,12.938055,-15.822112,-6.06225,9.341461,-18.470984,13.451349
12081,-0.292079,14.52299,5.562739,28.377572,21.194871,14.167718,6.252303,7.725635,19.674657,-13.290628,14.672615,-4.349561,-2.201826,22.373462
12083,1.803739,16.311032,6.43334,12.933809,13.893351,7.874854,8.252912,-6.932491,17.79674,-21.758313,14.378126,12.89806,-7.962626,23.038193
12085,0.091042,18.942028,4.049558,33.879333,35.83389,14.684995,11.821682,5.690262,32.283517,-11.341352,11.355968,2.043555,-6.772909,21.208843
12086,-21.344678,-6.670093,-32.116379,4.565109,4.168615,-4.23922,-18.928948,-7.361832,0.411323,-24.010151,-15.581758,-28.123935,-9.631503,1.225835
12087,-21.926889,-7.642025,-31.366974,6.918695,2.454015,-3.31014,-18.913398,-8.795649,-0.673806,-24.64066,-14.678845,-27.935637,-9.593791,1.335024
12089,-4.736439,0.59053,-0.543323,-0.945284,-4.24316,-10.155494,-9.208787,-5.59126,12.29748,-15.404137,-8.356402,8.694258,-19.934381,12.132732
12091,-2.329367,28.974724,11.689924,30.581467,21.693639,10.231524,2.852144,27.68205,31.074761,2.255596,14.558332,23.999292,7.813901,34.466222
12093,0.091042,18.942028,4.049558,33.879333,35.83389,14.684995,11.821682,5.690262,32.283517,-11.341352,11.355968,2.043555,-6.772909,21.208843
12095,4.019747,19.631356,8.899779,23.755095,22.079108,13.314595,8.60923,-3.049167,23.372967,-14.966353,18.59897,10.378818,-9.246431,25.858762
12097,-0.020877,17.651113,4.491597,32.272126,31.557454,14.533885,10.194723,6.284847,28.600143,-11.910786,12.324846,0.175961,-5.437578,21.549058
12099,-6.412599,11.171259,-6.923261,24.985337,26.226581,8.94335,2.491879,1.73023,22.613429,-15.185092,3.183007,-7.109323,-7.640212,15.145957
12101,-0.099119,14.687613,5.642894,26.955679,20.522627,13.58834,6.436497,6.376075,19.501759,-14.07024,14.645502,-2.761589,-2.732217,22.434663
12103,-0.292079,14.52299,5.562739,28.377572,21.194871,14.167718,6.252303,7.725635,19.674657,-13.290628,14.672615,-4.349561,-2.201826,22.373462
12105,-0.279603,14.666887,5.513465,28.556726,21.671562,14.184562,6.433658,7.659357,20.085239,-13.227154,14.564615,-4.141382,-2.350674,22.335538
12107,1.803739,16.311032,6.43334,12.933809,13.893351,7.874854,8.252912,-6.932491,17.79674,-21.758313,14.378126,12.89806,-7.962626,23.038193
12109,1.926419,16.460193,6.563939,13.233566,14.113793,8.05323,8.262336,-6.903784,17.967099,-21.549006,14.585886,12.937753,-8.060885,23.181003
12111,0.091042,18.942028,4.049558,33.879333,35.83389,14.684995,11.821682,5.690262,32.283517,-11.341352,11.355968,2.043555,-6.772909,21.208843
12113,-2.329367,28.974724,11.689924,30.581467,21.693639,10.231524,2.852144,27.68205,31.074761,2.255596,14.558332,23.999292,7.813901,34.466222
12115,-0.292079,14.52299,5.562739,28.377572,21.194871,14.167718,6.252303,7.725635,19.674657,-13.290628,14.672615,-4.349561,-2.201826,22.373462
12117,6.980684,22.60549,11.944459,25.583222,23.195765,15.402123,8.650592,-5.72107,24.985728,-12.925769,23.145355,14.573073,-12.10904,29.064595
12119,1.646854,16.177186,6.36817,14.089871,14.439915,8.345914,8.103154,-5.835239,17.937313,-21.124455,14.40017,11.606968,-7.531394,22.988434
12121,0.481752,13.133396,5.023125,10.128383,10.227359,4.230322,4.723322,-6.661384,16.685157,-20.473923,9.782722,12.048332,-10.382515,20.833837
12123,2.380761,19.100883,5.906563,16.106869,14.001285,7.620997,9.886105,-3.535779,19.844111,-19.308123,13.974045,16.330608,-6.966076,22.976041
12125,1.803739,16.311032,6.43334,12.933809,13.893351,7.874854,8.252912,-6.932491,17.79674,-21.758313,14.378126,12.89806,-7.962626,23.038193
12127,8.164384,24.044708,13.204568,28.47549,25.322747,17.123222,8.741521,-5.444081,26.629479,-10.906221,25.149968,14.956062,-13.057112,30.442523
12129,4.412756,28.925421,4.051505,27.280886,14.381376,6.727033,15.63744,8.425831,27.053983,-10.67971,12.551062,28.418419,-3.456698,22.757168
12131,-2.640797,21.608052,7.413448,15.065154,8.745473,0.061856,1.714096,19.606036,20.775513,-5.186482,3.531716,19.469031,-0.944035,28.683096
12133,-2.903233,17.98689,5.434687,7.489786,2.497826,-4.881428,0.947256,15.94753,15.776888,-8.635787,-1.857179,17.169993,-5.067297,26.029562
13001,10.201854,11.565911,8.844462,17.078694,8.416053,-1.756072,-1.308425,14.725671,21.149084,-2.974694,-3.204062,14.057764,-5.529087,22.19448
13003,10.201854,11.565911,8.844462,17.078694,8.416053,-1.756072,-1.308425,14.725671,21.149084,-2.974694,-3.204062,14.057764,-5.529087,22.19448
13005,10.201854,11.565911,8.844462,17.078694,8.416053,-1.756072,-1.308425,14.725671,21.149084,-2.974694,-3.204062,14.057764,-5.529087,22.19448
13007,9.4918,23.154895,12.640095,21.131063,12.424989,2.075745,9.750131,31.456722,19.674527,0.931201,3.388706,17.566314,5.941638,30.113164
13009,6.650602,10.666363,12.419926,4.369499,8.251809,-10.88085,-0.362129,21.432473,-4.565203,-1.589962,3.412673,3.190913,-13.105987,18.191131
13011,-3.99528,8.159614,6.359214,-4.534895,10.947737,-15.991579,2.626363,25.804643,-14.451539,4.566347,6.404376,-9.267554,-24.547284,20.998917
13013,6.260515,14.626557,14.939922,8.033675,11.341211,-9.303219,1.852047,24.302765,-2.946145,6.041275,5.207796,3.185261,-11.085457,22.47368
13015,-0.592353,17.552806,17.642559,9.342573,21.112164,-9.150586,7.532844,31.453705,1.359908,11.97068,11.134465,-4.500995,-19.900731,36.833898
13017,10.201854,11.565911,8.844462,17.078694,8.416053,-1.756072,-1.308425,14.725671,21.149084,-2.974694,-3.204062,14.057764,-5.529087,22.19448
13019,10.201854,11.565911,8.844462,17.078694,8.416053,-1.756072,-1.308425,14.725671,21.149084,-2.974694,-3.204062,14.057764,-5.529087,22.19448
13021,6.368591,13.859274,14.447514,7.330668,10.705573,-9.603868,1.40303,23.721748,-3.27523,4.561292,4.83722,3.224385,-11.425903,21.588517
13023,6.650602,10.666363,12.419926,4.369499,8.251809,-10.88085,-0.362129,21.432473,-4.565203,-1.589962,3.412673,3.190913,-13.105987,18.191131
13025,10.201854,11.565911,8.844462,17.078694,8.416053,-1.756072,-1.308425,14.725671,21.149084,-2.974694,-3.204062,14.057764,-5.529087,22.19448
13027,10.201854,11.565911,8.844462,17.078694,8.416053,-1.756072,-1.308425,14.725671,21.149084,-2.974694,-3.204062,14.057764,-5.529087,22.19448
13029,12.43711,14.632955,10.657052,20.285765,11.238978,-0.002873,-2.398692,16.317768,21.614458,-0.147767,-0.166069,15.835938,-6.645177,25.271069
13031,6.805223,10.705529,12.26425,4.922858,8.25896,-10.483557,-0.40333,21.140459,-3.445602,-1.650253,3.12458,3.664056,-12.776089,18.365437
13033,6.650602,10.666363,12.419926,4.369499,8.251809,-10.88085,-0.362129,21.432473,-4.565203,-1.589962,3.412673,3.190913,-13.105987,18.191131
13035,5.722491,21.174404,19.092828,14.114865,16.327278,-6.678234,5.447102,28.966599,-0.319833,18.654145,8.100934,3.301072,-7.57674,29.372112
13037,9.4918,23.154895,12.640095,21.131063,12.424989,2.075745,9.750131,31.456722,19.674527,0.931201,3.388706,17.566314,5.941638,30.113164
13039,10.201854,11.565911,8.844462,17.078694,8.416053,-1.756072,-1.308425,14.725671,21.149084,-2.974694,-3.204062,14.057764,-5.529087,22.19448
13043,6.650602,10.666363,12.419926,4.369499,8.251809,-10.88085,-0.362129,21.432473,-4.565203,-1.589962,3.412673,3.190913,-13.105987,18.191131
13045,5.722491,21.174404,19.092828,14.114865,16.327278,-6.678234,5.447102,28.966599,-0.319833,18.654145,8.100934,3.301072,-7.57674,29.372112
13047,-1.125812,17.246865,17.520044,8.939424,21.516377,-9.359442,7.709042,31.663808,1.501807,11.406082,11.390728,-5.16009,-20.941824,37.464247
13049,10.201854,11.565911,8.844462,17.078694,8.416053,-1.756072,-1.308425,14.725671,21.149084,-2.974694,-3.204062,14.057764,-5.529087,22.19448
13051,24.649273,31.060839,19.876925,38.71195,26.345087,10.213105,-8.136515,24.328622,26.579044,14.816147,15.334404,26.381086,-11.724059,42.011689
13053,5.722491,21.174404,19.092828,14.114865,16.327278,-6.678234,5.447102,28.966599,-0.319833,18.654145,8.100934,3.301072,-7.57674,29.372112
13055,-1.125812,17.246865,17.520044,8.939424,21.516377,-9.359442,7.709042,31.663808,1.501807,11.406082,11.390728,-5.16009,-20.941824,37.464247
13057,-0.687184,17.49842,17.62078,9.270906,21.18402,-9.187713,7.564166,31.491054,1.385133,11.870314,11.18002,-4.61816,-20.085802,36.945953
13059,6.650602,10.666363,12.419926,4.369499,8.251809,-10.88085,-0.362129,21.432473,-4.565203,-1.589962,3.412673,3.190913,-13.105987,18.191131
13061,9.4918,23.154895,12.640095,21.131063,12.424989,2.075745,9.750131,31.456722,19.674527,0.931201,3.388706,17.566314,5.941638,30.113164
13063,5.722491,21.174404,19.092828,14.114865,16.327278,-6.678234,5.447102,28.966599,-0.319833,18.654145,8.100934,3.301072,-7.57674,29.372112
13065,10.201854,11.565911,8.844462,17.078694,8.416053,-1.756072,-1.308425,14.725671,21.149084,-2.974694,-3.204062,14.057764,-5.529087,22.19448
13067,5.722491,21.174404,19.092828,14.114865,16.327278,-6.678234,5.447102,28.966599,-0.319833,18.654145,8.100934,3.301072,-7.57674,29.372112
13069,10.201854,11.565911,8.844462,17.078694,8.416053,-1.756072,-1.308425,14.725671,21.149084,-2.974694,-3.204062,14.057764,-5.529087,22.19448
13071,9.816007,17.863425,10.907028,19.280772,10.59453,0.326157,4.700852,23.817411,20.347802,-0.85221,0.378482,15.964328,0.704165,26.497534
13073,6.650602,10.666363,12.419926,4.369499,8.251809,-10.88085,-0.362129,21.432473,-4.565203,-1.589962,3.412673,3.190913,-13.105987,18.191131
13075,10.201854,11.565911,8.844462,17.078694,8.416053,-1.756072,-1.308425,14.725671,21.149084,-2.974694,-3.204062,14.057764,-5.529087,22.19448
13077,5.722491,21.174404,19.092828,14.114865,16.327278,-6.678234,5.447102,28.966599,-0.319833,18.654145,8.100934,3.301072,-7.57674,29.372112
13079,5.724198,21.155075,19.080553,14.096938,16.312423,-6.685965,5.436416,28.95274,-0.327643,18.616906,8.09231,3.300869,-7.586911,29.351544
13081,9.810374,17.955368,10.937142,19.312922,10.626335,0.356558,4.788586,23.950149,20.336104,-0.821222,0.430787,15.992164,0.79517,26.560358
13083,-1.125812,17.246865,17.520044,8.939424,21.516377,-9.359442,7.709042,31.663808,1.501807,11.406082,11.390728,-5.16009,-20.941824,37.464247
13085,-1.125812,17.246865,17.520044,8.939424,21.516377,-9.359442,7.709042,31.663808,1.501807,11.406082,11.390728,-5.16009,-20.941824,37.464247
13087,9.4918,23.154895,12.640095,21.131063,12.424989,2.075745,9.750131,31.456722,19.674527,0.931201,3.388706,17.566314,5.941638,30.113164
13089,5.722491,21.174404,19.092828,14.114865,16.327278,-6.678234,5.447102,28.966599,-0.319833,18.654145,8.100934,3.301072,-7.57674,29.372112
13091,8.835222,11.219737,10.220411,12.187802,8.352847,-5.267569,-0.944261,17.306656,11.253431,-2.441806,-0.657738,9.875863,-8.444913,20.653868
13093,8.742578,18.393169,12.675331,17.038912,11.54321,-1.814207,5.015474,25.543312,14.068692,2.518517,2.435206,12.701595,-1.410789,26.578122
13095,9.4918,23.154895,12.640095,21.131063,12.424989,2.075745,9.750131,31.456722,19.674527,0.931201,3.388706,17.566314,5.941638,30.113164
13097,5.722491,21.174404,19.092828,14.114865,16.327278,-6.678234,5.447102,28.966599,-0.319833,18.654145,8.100934,3.301072,-7.57674,29.372112
13099,9.4918,23.154895,12.640095,21.131063,12.424989,2.075745,9.750131,31.456722,19.674527,0.931201,3.388706,17.566314,5.941638,30.113164
13101,10.201854,11.565911,8.844462,17.078694,8.416053,-1.756072,-1.308425,14.725671,21.149084,-2.974694,-3.204062,14.057764,-5.529087,22.19448
13103,7.874489,12.774288,12.016735,9.159391,10.834779,-9.018073,1.114193,24.376193,-2.009183,0.66625,4.195361,5.61193,-11.28314,20.042319
13105,0.899302,9.312124,9.145705,-0.440984,9.708249,-13.641855,1.252365,23.794481,-9.906168,1.735904,5.028901,-3.539613,-19.287,19.708001
13107,6.650602,10.666363,12.419926,4.369499,8.251809,-10.88085,-0.362129,21.432473,-4.565203,-1.589962,3.412673,3.190913,-13.105987,18.191131
13109,9.342788,11.348306,9.709384,14.004278,8.376321,-3.963401,-1.079511,16.348079,14.928673,-2.639721,-1.603442,11.42902,-7.361976,21.226051
13111,-1.125812,17.246865,17.520044,8.939424,21.516377,-9.359442,7.709042,31.663808,1.501807,11.406082,11.390728,-5.16009,-20.941824,37.464247
13113,5.722491,21.174404,19.092828,14.114865,16.327278,-6.678234,5.447102,28.966599,-0.319833,18.654145,8.100934,3.301072,-7.57674,29.372112
13115,-0.796692,17.435617,17.59563,9.188149,21.266996,-9.230587,7.600336,31.534184,1.414262,11.754414,11.232625,-4.753458,-20.299517,37.07535
13117,-0.694079,17.494466,17.619196,9.265696,21.189244,-9.190413,7.566444,31.49377,1.386967,11.863017,11.183332,-4.626678,-20.099258,36.9541
13119,-3.99528,8.159614,6.359214,-4.534895,10.947737,-15.991579,2.626363,25.804643,-14.451539,4.566347,6.404376,-9.267554,-24.547284,20.998917
13121,5.291834,20.92742,18.993923,13.789406,16.653596,-6.846843,5.589345,29.136214,-0.205279,18.198348,8.307814,2.768989,-8.417207,29.880988
13123,-1.125812,17.246865,17.520044,8.939424,21.516377,-9.359442,7.709042,31.663808,1.501807,11.406082,11.390728,-5.16009,-20.941824,37.464247
13125,6.650602,10.666363,12.419926,4.369499,8.251809,-10.88085,-0.362129,21.432473,-4.565203,-1.589962,3.412673,3.190913,-13.105987,18.191131
13127,10.201854,11.565911,8.844462,17.078694,8.416053,-1.756072,-1.308425,14.725671,21.149084,-2.974694,-3.204062,14.057764,-5.529087,22.19448
13129,-1.125812,17.246865,17.520044,8.939424,21.516377,-9.359442,7.709042,31.663808,1.501807,11.406082,11.390728,-5.16009,-20.941824,37.464247
13131,9.4918,23.154895,12.640095,21.131063,12.424989,2.075745,9.750131,31.456722,19.674527,0.931201,3.388706,17.566314,5.941638,30.113164
13133,6.650602,10.666363,12.419926,4.369499,8.251809,-10.88085,-0.362129,21.432473,-4.565203,-1.589962,3.412673,3.190913,-13.105987,18.191131
13135,5.258402,20.908246,18.986245,13.764141,16.678928,-6.859932,5.600387,29.149381,-0.196386,18.162965,8.323874,2.727684,-8.482452,29.920492
13137,-3.99528,8.159614,6.359214,-4.534895,10.947737,-15.991579,2.626363,25.804643,-14.451539,4.566347,6.404376,-9.267554,-24.547284,20.998917
13139,-1.885075,14.825509,14.543083,5.34849,18.691032,-11.126793,6.350496,30.097631,-2.757339,9.587666,10.056913,-6.248202,-21.891312,33.062515
13141,6.650602,10.666363,12.419926,4.369499,8.251809,-10.88085,-0.362129,21.432473,-4.565203,-1.589962,3.412673,3.190913,-13.105987,18.191131
13143,5.722491,21.174404,19.092828,14.114865,16.327278,-6.678234,5.447102,28.966599,-0.319833,18.654145,8.100934,3.301072,-7.57674,29.372112
13145,5.722491,21.174404,19.092828,14.114865,16.327278,-6.678234,5.447102,28.966599,-0.319833,18.654145,8.100934,3.301072,-7.57674,29.372112
13147,-3.99528,8.159614,6.359214,-4.534895,10.947737,-15.991579,2.626363,25.804643,-14.451539,4.566347,6.404376,-9.267554,-24.547284,20.998917
13149,5.722491,21.174404,19.092828,14.114865,16.327278,-6.678234,5.447102,28.966599,-0.319833,18.654145,8.100934,3.301072,-7.57674,29.372112
13151,5.722491,21.174404,19.092828,14.114865,16.327278,-6.678234,5.447102,28.966599,-0.319833,18.654145,8.100934,3.301072,-7.57674,29.372112
13153,6.475356,12.650484,13.679898,6.209613,9.776614,-10.087315,0.734766,22.855062,-3.763595,2.232516,4.297907,3.211713,-12.061959,20.302316
13155,10.201854,11.565911,8.844462,17.078694,8.416053,-1.756072,-1.308425,14.725671,21.149084,-2.974694,-3.204062,14.057764,-5.529087,22.19448
13157,-0.066409,9.572424,9.071622,-0.662447,10.505975,-13.832615,1.834473,24.570895,-10.215985,2.924568,5.590276,-4.622568,-20.203788,20.790353
13159,6.397848,13.528029,14.237165,7.023466,10.451011,-9.736347,1.219906,23.48425,-3.409056,3.923139,4.689432,3.220913,-11.600201,21.23606
13161,10.201854,11.565911,8.844462,17.078694,8.416053,-1.756072,-1.308425,14.725671,21.149084,-2.974694,-3.204062,14.057764,-5.529087,22.19448
13163,6.650602,10.666363,12.419926,4.369499,8.251809,-10.88085,-0.362129,21.432473,-4.565203,-1.589962,3.412673,3.190913,-13.105987,18.191131
13165,6.650602,10.666363,12.419926,4.369499,8.251809,-10.88085,-0.362129,21.432473,-4.565203,-1.589962,3.412673,3.190913,-13.105987,18.191131
13167,6.650602,10.666363,12.419926,4.369499,8.251809,-10.88085,-0.362129,21.432473,-4.565203,-1.589962,3.412673,3.190913,-13.105987,18.191131
13169,6.62407,10.966751,12.61068,4.648085,8.482658,-10.760712,-0.196063,21.647847,-4.443842,-1.011254,3.546694,3.194062,-12.947925,18.510756
13171,5.722491,21.174404,19.092828,14.114865,16.327278,-6.678234,5.447102,28.966599,-0.319833,18.654145,8.100934,3.301072,-7.57674,29.372112
13173,10.201854,11.565911,8.844462,17.078694,8.416053,-1.756072,-1.308425,14.725671,21.149084,-2.974694,-3.204062,14.057764,-5.529087,22.19448
13175,6.747883,10.691005,12.321981,4.717651,8.256308,-10.630889,-0.388051,21.248749,-3.860795,-1.627895,3.231416,3.488596,-12.898428,18.300797
13177,9.4918,23.154895,12.640095,21.131063,12.424989,2.075745,9.750131,31.456722,19.674527,0.931201,3.388706,17.566314,5.941638,30.113164
13179,11.97616,13.946497,10.195564,19.727853,10.59814,-0.278287,-2.163183,15.863967,21.857797,-0.81056,-0.948025,15.578502,-6.28799,24.624604
13181,6.650602,10.666363,12.419926,4.369499,8.251809,-10.88085,-0.362129,21.432473,-4.565203,-1.589962,3.412673,3.190913,-13.105987,18.191131
13183,10.201854,11.565911,8.844462,17.078694,8.416053,-1.756072,-1.308425,14.725671,21.149084,-2.974694,-3.204062,14.057764,-5.529087,22.19448
13185,10.201854,11.565911,8.844462,17.078694,8.416053,-1.756072,-1.308425,14.725671,21.149084,-2.974694,-3.204062,14.057764,-5.529087,22.19448
13187,-1.125812,17.246865,17.520044,8.939424,21.516377,-9.359442,7.709042,31.663808,1.501807,11.406082,11.390728,-5.16009,-20.941824,37.464247
13189,6.650602,10.666363,12.419926,4.369499,8.251809,-10.88085,-0.362129,21.432473,-4.565203,-1.589962,3.412673,3.190913,-13.105987,18.191131
13191,11.469989,13.267368,9.810124,18.972106,9.975639,-0.699867,-1.919339,15.539236,21.655617,-1.42794,-1.591623,15.144669,-6.071492,23.931343
13193,5.835256,21.233654,18.899783,14.324766,16.210534,-6.416344,5.575835,29.041095,0.278332,18.123932,7.95996,3.727841,-7.172315,29.394281
13195,0.493393,9.216546,8.91462,-0.780494,9.81104,-13.836719,1.366311,23.961185,-10.283117,1.970634,5.14297,-4.014633,-19.723237,19.815057
13197,6.135243,21.391274,18.386232,14.883161,15.899964,-5.719645,5.918298,29.239276,1.869614,16.713424,7.58493,4.863162,-6.096434,29.453259
13199,5.722491,21.174404,19.092828,14.114865,16.327278,-6.678234,5.447102,28.966599,-0.319833,18.654145,8.100934,3.301072,-7.57674,29.372112
13201,9.4918,23.154895,12.640095,21.131063,12.424989,2.075745,9.750131,31.456722,19.674527,0.931201,3.388706,17.566314,5.941638,30.113164
13205,9.4918,23.154895,12.640095,21.131063,12.424989,2.075745,9.750131,31.456722,19.674527,0.931201,3.388706,17.566314,5.941638,30.113164
13207,5.75123,20.849016,18.886197,13.813093,16.077216,-6.808371,5.267216,28.7333,-0.451294,18.027273,7.955759,3.297661,-7.747957,29.025885
13209,8.727617,11.19248,10.328749,11.802709,8.34787,-5.544054,-0.915588,17.509875,10.474277,-2.399848,-0.457248,9.546593,-8.674496,20.532564
13211,6.650602,10.666363,12.419926,4.369499,8.251809,-10.88085,-0.362129,21.432473,-4.565203,-1.589962,3.412673,3.190913,-13.105987,18.191131
13213,-1.125812,17.246865,17.520044,8.939424,21.516377,-9.359442,7.709042,31.663808,1.501807,11.406082,11.390728,-5.16009,-20.941824,37.464247
13215,5.722491,21.174404,19.092828,14.114865,16.327278,-6.678234,5.447102,28.966599,-0.319833,18.654145,8.100934,3.301072,-7.57674,29.372112
13217,5.851992,19.708192,18.161742,12.755071,15.200489,-7.264635,4.636527,27.915345,-0.9122,15.829437,7.44677,3.285701,-8.348249,27.812003
13219,6.650602,10.666363,12.419926,4.369499,8.251809,-10.88085,-0.362129,21.432473,-4.565203,-1.589962,3.412673,3.190913,-13.105987,18.191131
13221,6.650602,10.666363,12.419926,4.369499,8.251809,-10.88085,-0.362129,21.432473,-4.565203,-1.589962,3.412673,3.190913,-13.105987,18.191131
13223,5.722491,21.174404,19.092828,14.114865,16.327278,-6.678234,5.447102,28.966599,-0.319833,18.654145,8.100934,3.301072,-7.57674,29.372112
13225,5.858634,19.632997,18.113991,12.685334,15.142701,-7.294709,4.594956,27.861431,-0.94258,15.684571,7.413221,3.284913,-8.387816,27.731992
13227,-1.125812,17.246865,17.520044,8.939424,21.516377,-9.359442,7.709042,31.663808,1.501807,11.406082,11.390728,-5.16009,-20.941824,37.464247
13229,10.201854,11.565911,8.844462,17.078694,8.416053,-1.756072,-1.308425,14.725671,21.149084,-2.974694,-3.204062,14.057764,-5.529087,22.19448
13231,5.722491,21.174404,19.092828,14.114865,16.327278,-6.678234,5.447102,28.966599,-0.319833,18.654145,8.100934,3.301072,-7.57674,29.372112
13233,5.722491,21.174404,19.092828,14.114865,16.327278,-6.678234,5.447102,28.966599,-0.319833,18.654145,8.100934,3.301072,-7.57674,29.372112
13235,8.196886,11.058043,10.863099,9.903331,8.323324,-6.907743,-0.774164,18.512201,6.6313,-2.192901,0.531617,7.922552,-9.806857,19.934268
13237,6.650602,10.666363,12.419926,4.369499,8.251809,-10.88085,-0.362129,21.432473,-4.565203,-1.589962,3.412673,3.190913,-13.105987,18.191131
13239,9.4918,23.154895,12.640095,21.131063,12.424989,2.075745,9.750131,31.456722,19.674527,0.931201,3.388706,17.566314,5.941638,30.113164
13241,-3.99528,8.159614,6.359214,-4.534895,10.947737,-15.991579,2.626363,25.804643,-14.451539,4.566347,6.404376,-9.267554,-24.547284,20.998917
13243,9.4918,23.154895,12.640095,21.131063,12.424989,2.075745,9.750131,31.456722,19.674527,0.931201,3.388706,17.566314,5.941638,30.113164
13245,6.650602,10.666363,12.419926,4.369499,8.251809,-10.88085,-0.362129,21.432473,-4.565203,-1.589962,3.412673,3.190913,-13.105987,18.191131
13247,5.722491,21.174404,19.092828,14.114865,16.327278,-6.678234,5.447102,28.966599,-0.319833,18.654145,8.100934,3.301072,-7.57674,29.372112
13249,6.772089,21.72589,17.296006,16.068588,15.24065,-4.24061,6.645319,29.659996,5.247776,13.719031,6.788772,7.273357,-3.812426,29.578464
13251,6.650602,10.666363,12.419926,4.369499,8.251809,-10.88085,-0.362129,21.432473,-4.565203,-1.589962,3.412673,3.190913,-13.105987,18.191131
13253,9.4918,23.154895,12.640095,21.131063,12.424989,2.075745,9.750131,31.456722,19.674527,0.931201,3.388706,17.566314,5.941638,30.113164
13255,5.722491,21.174404,19.092828,14.114865,16.327278,-6.678234,5.447102,28.966599,-0.319833,18.654145,8.100934,3.301072,-7.57674,29.372112
13257,-3.99528,8.159614,6.359214,-4.534895,10.947737,-15.991579,2.626363,25.804643,-14.451539,4.566347,6.404376,-9.267554,-24.547284,20.998917
13259,9.289519,23.048611,12.986383,20.754536,12.634407,1.60596,9.519207,31.323088,18.601522,1.88231,3.641589,16.800764,5.216169,30.073395
13261,9.464786,23.140701,12.686341,21.080778,12.452957,2.013006,9.719291,31.438875,19.531228,1.058221,3.422478,17.464075,5.844753,30.107853
13263,5.722491,21.174404,19.092828,14.114865,16.327278,-6.678234,5.447102,28.966599,-0.319833,18.654145,8.100934,3.301072,-7.57674,29.372112
13265,6.650602,10.666363,12.419926,4.369499,8.251809,-10.88085,-0.362129,21.432473,-4.565203,-1.589962,3.412673,3.190913,-13.105987,18.191131
13267,9.688325,11.435832,9.361492,15.240881,8.392302,-3.075561,-1.171586,15.695508,17.430671,-2.774455,-2.24725,12.486363,-6.624744,21.615576
13269,5.722491,21.174404,19.092828,14.114865,16.327278,-6.678234,5.447102,28.966599,-0.319833,18.654145,8.100934,3.301072,-7.57674,29.372112
13271,10.201854,11.565911,8.844462,17.078694,8.416053,-1.756072,-1.308425,14.725671,21.149084,-2.974694,-3.204062,14.057764,-5.529087,22.19448
13273,9.4918,23.154895,12.640095,21.131063,12.424989,2.075745,9.750131,31.456722,19.674527,0.931201,3.388706,17.566314,5.941638,30.113164
13275,9.512231,22.821442,12.530882,21.014463,12.309639,1.965492,9.43194,30.975315,19.716955,0.818816,3.19901,17.465361,5.611588,29.885318
13277,10.201854,11.565911,8.844462,17.078694,8.416053,-1.756072,-1.308425,14.725671,21.149084,-2.974694,-3.204062,14.057764,-5.529087,22.19448
13279,9.339998,11.347599,9.712193,13.994291,8.376192,-3.97057,-1.078768,16.353349,14.908467,-2.638633,-1.598243,11.420481,-7.367929,21.222905
13281,-2.761916,12.065524,11.156397,1.256678,15.490383,-13.140933,4.811016,28.323048,-7.594422,7.506223,8.547625,-7.502071,-22.997574,28.076097
13283,6.650602,10.666363,12.419926,4.369499,8.251809,-10.88085,-0.362129,21.432473,-4.565203,-1.589962,3.412673,3.190913,-13.105987,18.191131
13285,5.722491,21.174404,19.092828,14.114865,16.327278,-6.678234,5.447102,28.966599,-0.319833,18.654145,8.100934,3.301072,-7.57674,29.372112
13287,10.116213,12.96368,9.30226,17.567458,8.899578,-1.293909,0.025369,16.743636,20.971235,-2.503597,-2.408896,14.480937,-4.14558,23.149568
13289,6.650602,10.666363,12.419926,4.369499,8.251809,-10.88085,-0.362129,21.432473,-4.565203,-1.589962,3.412673,3.190913,-13.105987,18.191131
13291,-1.125812,17.246865,17.520044,8.939424,21.516377,-9.359442,7.709042,31.663808,1.501807,11.406082,11.390728,-5.16009,-20.941824,37.464247
13293,5.722491,21.174404,19.092828,14.114865,16.327278,-6.678234,5.447102,28.966599,-0.319833,18.654145,8.100934,3.301072,-7.57674,29.372112
13295,-1.125812,17.246865,17.520044,8.939424,21.516377,-9.359442,7.709042,31.663808,1.501807,11.406082,11.390728,-5.16009,-20.941824,37.464247
13297,6.249489,15.207744,15.30383,8.581266,11.741877,-9.064557,2.148514,24.688583,-2.730433,7.159167,5.438853,3.238521,-10.716349,23.023344
13299,10.201854,11.565911,8.844462,17.078694,8.416053,-1.756072,-1.308425,14.725671,21.149084,-2.974694,-3.204062,14.057764,-5.529087,22.19448
13301,6.650602,10.666363,12.419926,4.369499,8.251809,-10.88085,-0.362129,21.432473,-4.565203,-1.589962,3.412673,3.190913,-13.105987,18.191131
13303,6.650602,10.666363,12.419926,4.369499,8.251809,-10.88085,-0.362129,21.432473,-4.565203,-1.589962,3.412673,3.190913,-13.105987,18.191131
13305,10.201854,11.565911,8.844462,17.078694,8.416053,-1.756072,-1.308425,14.725671,21.149084,-2.974694,-3.204062,14.057764,-5.529087,22.19448
13307,9.440489,23.127935,12.727935,21.035552,12.478111,1.956579,9.691554,31.422824,19.402347,1.172461,3.452853,17.372123,5.757614,30.103076
13309,9.590858,11.411143,9.459623,14.892066,8.387795,-3.325998,-1.145614,15.879582,16.72492,-2.73645,-2.065648,12.188113,-6.832699,21.505701
13311,-2.610912,12.543738,11.743731,1.96576,16.046553,-12.79192,5.07849,28.631384,-6.754883,7.866162,8.81003,-7.285917,-22.807838,28.942578
13313,-1.125812,17.246865,17.520044,8.939424,21.516377,-9.359442,7.709042,31.663808,1.501807,11.406082,11.390728,-5.16009,-20.941824,37.464247
13315,10.201854,11.565911,8.844462,17.078694,8.416053,-1.756072,-1.308425,14.725671,21.149084,-2.974694,-3.204062,14.057764,-5.529087,22.19448
13317,6.650602,10.666363,12.419926,4.369499,8.251809,-10.88085,-0.362129,21.432473,-4.565203,-1.589962,3.412673,3.190913,-13.105987,18.191131
13319,6.650602,10.666363,12.419926,4.369499,8.251809,-10.88085,-0.362129,21.432473,-4.565203,-1.589962,3.412673,3.190913,-13.105987,18.191131
13321,9.625298,20.976043,11.926475,20.369174,11.671267,1.355323,7.671005,28.311107,19.95176,0.196852,2.149195,16.906669,3.78502,28.624368
16001,-1.337021,-15.628251,-3.213996,-4.177684,-0.592808,-4.542438,-19.233248,-20.778982,5.314803,-8.398278,-21.645151,-28.119934,3.75504,-18.570799
16003,-5.665504,-19.833308,-2.426206,-13.817315,-9.398569,-9.097323,-21.017128,-22.178677,2.215804,-23.789281,-22.636081,-32.644419,3.566119,-26.131674
16005,8.642054,6.453307,2.936436,6.313812,18.085376,16.353052,-9.650434,-5.597405,11.514596,20.692824,-5.514057,-8.256091,14.188247,2.503737
16007,13.232606,10.039743,4.638173,8.980219,19.86818,18.236481,-5.026386,-1.28488,14.661806,24.246491,-2.700458,-3.64262,19.394952,5.406511
16009,-10.538122,-15.962251,-3.20738,-14.846523,-12.428628,-1.845372,-14.554411,-18.680165,9.326109,-19.574119,-17.85907,-23.979285,5.797935,-18.533377
16011,8.492351,6.294433,2.748041,6.076535,17.770308,16.204094,-9.726511,-5.758516,11.474977,20.258926,-5.645088,-8.439307,14.120628,2.275883
16013,0.562881,-6.788986,-1.763306,-2.290667,5.776848,4.765378,-16.60817,-17.096364,5.671587,1.658432,-14.85869,-20.847365,7.004593,-11.336797
16015,-8.620595,-16.889086,-6.157718,-13.575461,-7.2374,-2.906066,-20.017958,-26.450783,-1.088197,-20.802331,-21.756578,-31.954671,1.78216,-25.36414
16017,-19.165351,-19.689911,-11.525355,-12.811056,-19.699069,2.036204,-10.981908,-23.612662,17.418969,-25.110899,-17.420613,-20.424524,6.596625,-22.838214
16019,10.121953,7.292221,2.452198,5.992607,16.644613,16.295754,-7.530827,-4.352254,13.052752,19.327832,-4.903319,-7.014673,16.675511,2.39636
16021,-19.62534,-18.607201,-9.896179,-11.494177,-18.756098,3.272713,-10.287152,-23.721364,17.772644,-24.566059,-16.333956,-19.759349,6.850732,-22.05017
16023,1.160668,-1.498977,-6.455883,-5.529117,2.359735,8.901437,-13.458353,-13.655686,9.519861,-0.974559,-12.06689,-17.419159,10.798411,-8.887239
16025,-1.561892,-11.946533,-3.289609,-4.074489,2.187793,-0.150308,-19.936748,-21.341587,4.174859,-3.129288,-18.564739,-25.243788,4.141049,-15.571847
16027,-3.434384,-20.21311,-2.786381,-9.199334,-6.949813,-9.754956,-19.6756,-21.156329,4.454561,-19.786699,-24.193798,-32.350618,3.388408,-24.443213
16029,11.49286,8.680541,3.993242,7.969693,19.192526,17.522691,-6.778826,-2.919259,13.469063,22.899708,-3.766767,-5.391052,17.421694,4.306406
16031,5.919613,0.453911,1.082357,3.852234,13.61113,10.732765,-13.371285,-10.593223,9.584759,14.476665,-9.809464,-13.494929,10.873941,-2.706311
16033,-2.359219,-5.22191,-10.908182,-11.123029,-5.068124,5.40654,-15.241084,-17.436993,8.603149,-11.193148,-15.143139,-21.720133,9.219073,-14.240627
16035,-19.12578,-14.831926,-3.97544,-13.29341,-14.077034,5.08049,-14.122583,-27.402465,2.278382,-24.351616,-17.316267,-27.911443,-0.345842,-23.956555
16037,-7.563646,-14.79532,-7.047243,-13.140112,-6.823393,-1.353783,-19.163952,-24.929971,0.565995,-19.068247,-20.581392,-30.145792,3.062508,-23.397635
16039,-1.412269,-11.845405,-3.228221,-3.874361,2.384162,-0.096498,-19.934826,-21.232525,4.287301,-2.760862,-18.499637,-25.10434,4.190946,-15.367548
16041,8.642054,6.453307,2.936436,6.313812,18.085376,16.353052,-9.650434,-5.597405,11.514596,20.692824,-5.514057,-8.256091,14.188247,2.503737
16043,-0.277533,-1.621738,-7.26442,-8.246205,-1.06884,10.14656,-8.684447,-13.275094,12.929639,-7.644438,-11.893528,-17.815116,11.217247,-11.061232
16045,-5.681123,-19.817746,-2.445929,-13.816037,-9.387146,-9.0646,-21.011847,-22.201257,2.198341,-23.773494,-22.631432,-32.640774,3.55669,-26.127618
16047,1.133394,-10.093398,-2.177229,-0.47537,5.74513,0.851954,-19.912771,-19.376179,6.191989,3.548275,-17.361052,-22.705131,5.047185,-11.865898
16049,-16.474683,-15.403572,-4.24651,-13.416051,-12.632921,2.91398,-15.426857,-26.724962,1.92067,-23.529263,-18.303788,-28.65895,0.385985,-24.079142
16051,-2.359219,-5.22191,-10.908182,-11.123029,-5.068124,5.40654,-15.241084,-17.436993,8.603149,-11.193148,-15.143139,-21.720133,9.219073,-14.240627
16053,1.133394,-10.093398,-2.177229,-0.47537,5.74513,0.851954,-19.912771,-19.376179,6.191989,3.548275,-17.361052,-22.705131,5.047185,-11.865898
16055,-18.337861,-21.604973,-14.403309,-15.149236,-21.361499,-0.161953,-12.218874,-23.413183,16.780746,-26.069621,-19.348338,-21.609007,6.144895,-24.229917
16057,-10.046279,-15.606427,-2.501377,-14.827434,-11.865331,-1.951527,-14.701687,-18.381706,8.856028,-19.16452,-17.765159,-24.128752,5.776056,-18.17416
16059,-7.172133,-12.649635,-7.727221,-12.690495,-6.897839,0.601203,-17.965867,-23.454969,2.438436,-17.664649,-19.156276,-28.138887,4.194979,-21.413021
16061,-12.115984,-15.429877,-2.837395,-14.477748,-12.369496,-0.348553,-14.569679,-20.43802,7.35663,-20.346938,-17.662832,-24.99103,4.380547,-19.492278
16063,1.405094,-9.494656,-1.992191,-0.229704,6.191661,1.41286,-19.541429,-18.877595,6.384587,4.168649,-16.93237,-22.182293,5.377953,-11.345933
16065,-2.359219,-5.22191,-10.908182,-11.123029,-5.068124,5.40654,-15.241084,-17.436993,8.603149,-11.193148,-15.143139,-21.720133,9.219073,-14.240627
16067,7.212982,3.304086,1.963187,5.021673,15.736741,13.402833,-11.603595,-8.219825,10.50158,17.429818,-7.768815,-11.006078,12.448491,-0.231138
16069,-10.046279,-15.606427,-2.501377,-14.827434,-11.865331,-1.951527,-14.701687,-18.381706,8.856028,-19.16452,-17.765159,-24.128752,5.776056,-18.17416
16071,8.642054,6.453307,2.936436,6.313812,18.085376,16.353052,-9.650434,-5.597405,11.514596,20.692824,-5.514057,-8.256091,14.188247,2.503737
16073,0.507996,-15.035646,-3.356506,-0.482247,2.035946,-4.11709,-18.405194,-19.932248,6.926474,-3.875639,-22.066538,-27.1154,3.800105,-16.424904
16075,-5.201928,-20.295178,-1.840831,-13.855256,-9.737599,-10.068568,-21.173871,-21.508497,2.734114,-24.257854,-22.774052,-32.752622,3.845974,-26.25208
16077,8.642054,6.453307,2.936436,6.313812,18.085376,16.353052,-9.650434,-5.597405,11.514596,20.692824,-5.514057,-8.256091,14.188247,2.503737
16079,-20.658764,-13.366389,-1.878391,-8.813242,-13.395043,7.826589,-10.541986,-26.180077,9.795807,-22.917794,-13.833414,-22.604773,3.391279,-20.943123
16081,4.876426,6.069417,0.298013,-1.645608,7.697632,19.497963,4.033889,-4.454398,21.292125,1.172651,-5.08198,-9.295063,15.969276,-3.927102
16083,1.133394,-10.093398,-2.177229,-0.47537,5.74513,0.851954,-19.912771,-19.376179,6.191989,3.548275,-17.361052,-22.705131,5.047185,-11.865898
16085,-8.673666,-16.83621,-6.224734,-13.571117,-7.198587,-2.794875,-20.000013,-26.527508,-1.147534,-20.748687,-21.740783,-31.942283,1.750121,-25.350356
16087,-5.201928,-20.295178,-1.840831,-13.855256,-9.737599,-10.068568,-21.173871,-21.508497,2.734114,-24.257854,-22.774052,-32.752622,3.845974,-26.25208
17001,1.250026,17.56132,14.34866,14.994339,17.136759,29.563594,4.125461,10.589869,32.276983,12.074626,20.95178,-6.482838,38.161599,15.389058
17003,-16.330156,2.297889,-17.179118,21.896415,1.383905,2.406579,0.684712,10.742324,15.092122,5.298835,0.588185,-19.667524,23.88293,5.689719
17005,-9.552818,8.325253,-8.951933,17.504865,2.898474,13.572737,-3.163189,3.972501,25.89351,-9.096137,6.965626,-19.330014,25.359205,9.768878
17007,-11.816777,2.458058,10.434677,16.878184,15.128649,21.661526,-14.264258,2.23349,27.619341,12.616279,9.469201,-4.957725,35.945139,10.400665
17009,0.189458,18.764705,15.224246,14.302467,15.924468,29.192847,2.23255,11.957893,31.129695,10.164839,20.646769,-6.377756,39.13702,12.000415
17011,0.189458,18.764705,15.224246,14.302467,15.924468,29.192847,2.23255,11.957893,31.129695,10.164839,20.646769,-6.377756,39.13702,12.000415
17013,-9.552818,8.325253,-8.951933,17.504865,2.898474,13.572737,-3.163189,3.972501,25.89351,-9.096137,6.965626,-19.330014,25.359205,9.768878
17015,-11.582575,1.182273,10.028449,15.805254,14.21199,22.783678,-15.65363,0.758654,26.497832,13.556353,11.308679,-5.559354,35.759034,11.393141
17017,0.189458,18.764705,15.224246,14.302467,15.924468,29.192847,2.23255,11.957893,31.129695,10.164839,20.646769,-6.377756,39.13702,12.000415
17019,-5.58374,11.752237,5.889229,4.1994,5.61771,12.267237,-2.856557,6.124796,24.037638,0.453271,5.910524,-5.66474,24.604699,4.566867
17021,-9.396096,8.49319,-8.563017,17.453349,3.10802,13.824013,-3.076389,4.10096,25.977743,-8.786291,7.185711,-19.121654,25.580845,9.804776
17023,-20.158432,-7.408678,-15.288146,-5.100839,-1.607525,-4.812018,-14.26237,-4.170046,13.281594,-21.974217,-7.406291,-23.075844,3.003553,-1.144197
17025,-20.158432,-7.408678,-15.288146,-5.100839,-1.607525,-4.812018,-14.26237,-4.170046,13.281594,-21.974217,-7.406291,-23.075844,3.003553,-1.144197
17027,-9.552818,8.325253,-8.951933,17.504865,2.898474,13.572737,-3.163189,3.972501,25.89351,-9.096137,6.965626,-19.330014,25.359205,9.768878
17029,-20.158432,-7.408678,-15.288146,-5.100839,-1.607525,-4.812018,-14.26237,-4.170046,13.281594,-21.974217,-7.406291,-23.075844,3.003553,-1.144197
17031,-10.747605,9.074005,10.382539,16.546792,15.225565,15.491549,-6.689349,7.910433,30.054824,6.212554,2.761099,-3.301909,33.258205,5.655584
17033,-20.158432,-7.408678,-15.288146,-5.100839,-1.607525,-4.812018,-14.26237,-4.170046,13.281594,-21.974217,-7.406291,-23.075844,3.003553,-1.144197
17035,-20.158432,-7.408678,-15.288146,-5.100839,-1.607525,-4.812018,-14.26237,-4.170046,13.281594,-21.974217,-7.406291,-23.075844,3.003553,-1.144197
17037,-11.137896,5.35223,11.004001,17.477304,15.870648,20.319556,-11.128528,4.754215,29.026132,10.800318,7.721459,-4.339646,35.857347,9.031415
17039,-0.822869,17.535074,13.587357,12.530902,14.117185,26.224953,1.340179,10.935063,29.886108,8.461923,18.062778,-6.252729,36.588788,10.696948
17041,-14.108944,0.544404,-6.498096,-1.240608,1.391438,2.277033,-9.528182,0.103013,17.746083,-12.665285,-1.878907,-15.849052,11.969497,1.226282
17043,-12.83277,7.992537,12.196933,21.532658,19.105208,16.793524,-8.237028,8.631472,32.484559,8.538147,1.489364,-2.347799,36.752483,6.095207
17045,-17.035187,-3.30264,-10.749997,-3.107869,-0.059213,-1.152065,-11.818191,-1.96394,15.586532,-17.168178,-4.552599,-19.344778,7.632513,0.07964
17047,-20.158432,-7.408678,-15.288146,-5.100839,-1.607525,-4.812018,-14.26237,-4.170046,13.281594,-21.974217,-7.406291,-23.075844,3.003553,-1.144197
17049,-18.76373,-5.339571,-14.454896,-2.128053,-1.014959,-2.394313,-12.802761,-3.099252,14.940137,-20.280672,-5.516297,-22.583245,5.943456,0.290937
17051,-9.819014,7.930338,-9.110969,16.937471,2.785375,13.111286,-3.441774,3.768126,25.576955,-9.419372,6.604896,-19.424033,24.798087,9.494964
17053,-5.58374,11.752237,5.889229,4.1994,5.61771,12.267237,-2.856557,6.124796,24.037638,0.453271,5.910524,-5.66474,24.604699,4.566867
17055,-11.389862,6.097598,-10.572669,15.880566,2.306898,10.462847,-3.827476,4.116275,23.312317,-8.580318,4.848822,-19.726158,22.74475,8.306802
17057,0.189458,18.764705,15.224246,14.302467,15.924468,29.192847,2.23255,11.957893,31.129695,10.164839,20.646769,-6.377756,39.13702,12.000415
17059,-20.201845,-3.888751,-19.585074,8.62398,1.217875,-4.155758,-12.119441,12.446687,6.141837,-5.874699,-2.89462,-21.375712,-11.851199,7.059092
17061,-9.552818,8.325253,-8.951933,17.504865,2.898474,13.572737,-3.163189,3.972501,25.89351,-9.096137,6.965626,-19.330014,25.359205,9.768878
17063,-5.58374,11.752237,5.889229,4.1994,5.61771,12.267237,-2.856557,6.124796,24.037638,0.453271,5.910524,-5.66474,24.604699,4.566867
17065,-20.158432,-7.408678,-15.288146,-5.100839,-1.607525,-4.812018,-14.26237,-4.170046,13.281594,-21.974217,-7.406291,-23.075844,3.003553,-1.144197
17067,1.709007,18.276256,15.65719,14.711033,17.618775,30.382879,4.22105,11.170136,32.460678,12.791668,21.593971,-5.748749,38.922049,15.110471
17069,-20.203728,-3.736059,-19.771472,9.219354,1.340439,-4.12729,-12.026482,13.167511,5.832119,-5.176312,-2.698906,-21.301962,-12.495589,7.414946
17071,0.189458,18.764705,15.224246,14.302467,15.924468,29.192847,2.23255,11.957893,31.129695,10.164839,20.646769,-6.377756,39.13702,12.000415
17073,0.189458,18.764705,15.224246,14.302467,15.924468,29.192847,2.23255,11.957893,31.129695,10.164839,20.646769,-6.377756,39.13702,12.000415
17075,-5.58374,11.752237,5.889229,4.1994,5.61771,12.267237,-2.856557,6.124796,24.037638,0.453271,5.910524,-5.66474,24.604699,4.566867
17077,-15.200083,3.302908,-15.807294,21.164156,1.636449,4.268456,0.043103,9.613505,16.893176,2.898576,1.651577,-19.611247,24.129088,6.36989
17079,-20.158432,-7.408678,-15.288146,-5.100839,-1.607525,-4.812018,-14.26237,-4.170046,13.281594,-21.974217,-7.406291,-23.075844,3.003553,-1.144197
17081,-10.714171,6.602331,-9.645771,15.029458,2.405051,11.559539,-4.378589,3.080863,24.512459,-10.506334,5.391849,-19.740196,22.91118,8.573857
17083,-9.552818,8.325253,-8.951933,17.504865,2.898474,13.572737,-3.163189,3.972501,25.89351,-9.096137,6.965626,-19.330014,25.359205,9.768878
17085,-11.582575,1.182273,10.028449,15.805254,14.21199,22.783678,-15.65363,0.758654,26.497832,13.556353,11.308679,-5.559354,35.759034,11.393141
17087,-16.778319,1.599775,-17.479047,20.429709,1.378876,1.650625,-0.785943,11.022913,14.020761,4.086885,0.207876,-19.856625,19.67402,5.889324
17089,-12.83277,7.992537,12.196933,21.532658,19.105208,16.793524,-8.237028,8.631472,32.484559,8.538147,1.489364,-2.347799,36.752483,6.095207
17091,-5.58374,11.752237,5.889229,4.1994,5.61771,12.267237,-2.856557,6.124796,24.037638,0.453271,5.910524,-5.66474,24.604699,4.566867
17093,-6.624095,11.212658,6.794489,6.687008,7.553388,12.916833,-3.628743,6.484545,25.24991,1.613584,5.276015,-5.188705,26.348106,4.786209
17095,0.189458,18.764705,15.224246,14.302467,15.924468,29.192847,2.23255,11.957893,31.129695,10.164839,20.646769,-6.377756,39.13702,12.000415
17097,-12.83277,7.992537,12.196933,21.532658,19.105208,16.793524,-8.237028,8.631472,32.484559,8.538147,1.489364,-2.347799,36.752483,6.095207
17099,-1.290306,16.967297,12.831531,11.712888,13.282679,24.85454,0.92813,10.462776,29.311886,7.675608,16.869631,-6.194999,35.412152,10.095077
17101,-20.158432,-7.408678,-15.288146,-5.100839,-1.607525,-4.812018,-14.26237,-4.170046,13.281594,-21.974217,-7.406291,-23.075844,3.003553,-1.144197
17103,-8.17185,6.276452,11.533833,15.36985,14.708148,24.640614,-10.471446,4.003423,27.839827,12.573726,14.014215,-5.796471,36.737742,11.569087
17105,-4.314901,13.293444,7.940888,6.419862,7.882939,15.987164,-1.738068,7.406799,25.596337,2.587689,9.14927,-5.821448,27.798627,6.200619
17107,0.189458,18.764705,15.224246,14.302467,15.924468,29.192847,2.23255,11.957893,31.129695,10.164839,20.646769,-6.377756,39.13702,12.000415
17109,0.189458,18.764705,15.224246,14.302467,15.924468,29.192847,2.23255,11.957893,31.129695,10.164839,20.646769,-6.377756,39.13702,12.000415
17111,-12.83277,7.992537,12.196933,21.532658,19.105208,16.793524,-8.237028,8.631472,32.484559,8.538147,1.489364,-2.347799,36.752483,6.095207
17113,-1.949596,16.166484,11.765486,10.559134,12.105663,22.921661,0.346962,9.796645,28.501984,6.566562,15.186775,-6.113573,33.752583,9.246177
17115,-2.746844,15.612048,7.975229,15.177187,11.978951,24.427158,0.592024,9.542812,29.521445,4.372455,16.473324,-10.218298,34.936408,11.281762
17117,-9.552818,8.325253,-8.951933,17.504865,2.898474,13.572737,-3.163189,3.972501,25.89351,-9.096137,6.965626,-19.330014,25.359205,9.768878
17119,-9.552818,8.325253,-8.951933,17.504865,2.898474,13.572737,-3.163189,3.972501,25.89351,-9.096137,6.965626,-19.330014,25.359205,9.768878
17121,-10.813497,6.454976,-9.705112,14.817747,2.36285,11.387359,-4.482538,3.004604,24.394343,-10.626942,5.25725,-19.775277,22.70181,8.471651
17123,0.189458,18.764705,15.224246,14.302467,15.924468,29.192847,2.23255,11.957893,31.129695,10.164839,20.646769,-6.377756,39.13702,12.000415
17125,0.189458,18.764705,15.224246,14.302467,15.924468,29.192847,2.23255,11.957893,31.129695,10.164839,20.646769,-6.377756,39.13702,12.000415
17127,-18.738406,-1.453494,-18.790818,14.014924,1.356882,-1.655611,-7.218001,12.250094,9.335059,-1.213698,-1.455442,-20.683675,1.265937,6.762315
17129,0.189458,18.764705,15.224246,14.302467,15.924468,29.192847,2.23255,11.957893,31.129695,10.164839,20.646769,-6.377756,39.13702,12.000415
17131,0.189458,18.764705,15.224246,14.302467,15.924468,29.192847,2.23255,11.957893,31.129695,10.164839,20.646769,-6.377756,39.13702,12.000415
17133,-9.552818,8.325253,-8.951933,17.504865,2.898474,13.572737,-3.163189,3.972501,25.89351,-9.096137,6.965626,-19.330014,25.359205,9.768878
17135,-9.552818,8.325253,-8.951933,17.504865,2.898474,13.572737,-3.163189,3.972501,25.89351,-9.096137,6.965626,-19.330014,25.359205,9.768878
17137,-6.449702,11.650434,-1.251322,16.484836,7.047521,18.548063,-1.444535,6.516013,27.561342,-2.96112,11.323351,-15.204453,29.747723,10.479669
17139,-18.896132,-5.554932,-14.43853,-2.574973,-1.061547,-2.683927,-12.970571,-3.207321,14.73314,-20.40512,-5.742599,-22.538158,5.596128,0.085006
17141,-11.582575,1.182273,10.028449,15.805254,14.21199,22.783678,-15.65363,0.758654,26.497832,13.556353,11.308679,-5.559354,35.759034,11.393141
17143,0.189458,18.764705,15.224246,14.302467,15.924468,29.192847,2.23255,11.957893,31.129695,10.164839,20.646769,-6.377756,39.13702,12.000415
17145,-9.552818,8.325253,-8.951933,17.504865,2.898474,13.572737,-3.163189,3.972501,25.89351,-9.096137,6.965626,-19.330014,25.359205,9.768878
17147,-5.58374,11.752237,5.889229,4.1994,5.61771,12.267237,-2.856557,6.124796,24.037638,0.453271,5.910524,-5.66474,24.604699,4.566867
17149,-8.982635,9.056611,-6.905923,17.354688,4.084824,14.673939,-2.821283,4.580307,26.191996,-7.390269,8.142298,-18.437756,26.633608,9.966559
17151,-20.203728,-3.736059,-19.771472,9.219354,1.340439,-4.12729,-12.026482,13.167511,5.832119,-5.176312,-2.698906,-21.301962,-12.495589,7.414946
17153,-16.330156,2.297889,-17.179118,21.896415,1.383905,2.406579,0.684712,10.742324,15.092122,5.298835,0.588185,-19.667524,23.88293,5.689719
17155,0.189458,18.764705,15.224246,14.302467,15.924468,29.192847,2.23255,11.957893,31.129695,10.164839,20.646769,-6.377756,39.13702,12.000415
17157,-10.008488,7.920007,-9.505083,17.800129,2.796643,12.821986,-2.904477,4.427666,25.167284,-8.128299,6.536842,-19.352706,25.259949,9.494618
17159,-20.158432,-7.408678,-15.288146,-5.100839,-1.607525,-4.812018,-14.26237,-4.170046,13.281594,-21.974217,-7.406291,-23.075844,3.003553,-1.144197
17161,-0.384501,17.907455,14.97092,14.375737,15.840974,28.880361,1.36049,11.411862,30.903863,10.330196,20.19148,-6.337854,38.972323,11.970807
17163,-9.552818,8.325253,-8.951933,17.504865,2.898474,13.572737,-3.163189,3.972501,25.89351,-9.096137,6.965626,-19.330014,25.359205,9.768878
17165,-20.201899,-3.884368,-19.590425,8.641072,1.221393,-4.154941,-12.116773,12.467381,6.132945,-5.854649,-2.889001,-21.373595,-11.869699,7.069309
17167,-5.151972,13.041032,1.969092,16.058257,8.782663,20.628757,-0.72579,7.579716,28.258834,-0.39544,13.145763,-13.479134,31.583012,10.776923
17169,0.189458,18.764705,15.224246,14.302467,15.924468,29.192847,2.23255,11.957893,31.129695,10.164839,20.646769,-6.377756,39.13702,12.000415
17171,-9.549362,8.328956,-8.943357,17.503729,2.903095,13.578277,-3.161275,3.975334,25.895367,-9.089305,6.970479,-19.32542,25.364092,9.76967
17173,-13.489283,2.485321,-11.303733,9.11435,1.225991,6.748903,-7.28285,0.950248,21.212369,-13.876069,1.631229,-20.720346,17.061501,5.718293
17175,0.189458,18.764705,15.224246,14.302467,15.924468,29.192847,2.23255,11.957893,31.129695,10.164839,20.646769,-6.377756,39.13702,12.000415
17177,-11.582575,1.182273,10.028449,15.805254,14.21199,22.783678,-15.65363,0.758654,26.497832,13.556353,11.308679,-5.559354,35.759034,11.393141
17179,0.189458,18.764705,15.224246,14.302467,15.924468,29.192847,2.23255,11.957893,31.129695,10.164839,20.646769,-6.377756,39.13702,12.000415
17181,-16.330156,2.297889,-17.179118,21.896415,1.383905,2.406579,0.684712,10.742324,15.092122,5.298835,0.588185,-19.667524,23.88293,5.689719
17183,-5.58374,11.752237,5.889229,4.1994,5.61771,12.267237,-2.856557,6.124796,24.037638,0.453271,5.910524,-5.66474,24.604699,4.566867
17185,-20.158432,-7.408678,-15.288146,-5.100839,-1.607525,-4.812018,-14.26237,-4.170046,13.281594,-21.974217,-7.406291,-23.075844,3.003553,-1.144197
17187,0.189458,18.764705,15.224246,14.302467,15.924468,29.192847,2.23255,11.957893,31.129695,10.164839,20.646769,-6.377756,39.13702,12.000415
17189,-9.552818,8.325253,-8.951933,17.504865,2.898474,13.572737,-3.163189,3.972501,25.89351,-9.096137,6.965626,-19.330014,25.359205,9.768878
17191,-20.158432,-7.408678,-15.288146,-5.100839,-1.607525,-4.812018,-14.26237,-4.170046,13.281594,-21.974217,-7.406291,-23.075844,3.003553,-1.144197
17193,-20.158498,-7.403365,-15.294631,-5.080124,-1.603261,-4.811028,-14.259135,-4.144966,13.270818,-21.949918,-7.399481,-23.073278,2.981133,-1.131816
17195,-8.273103,6.125224,11.489144,15.382775,14.693419,24.585488,-10.625287,3.907097,27.799988,12.602896,13.933897,-5.789432,36.708687,11.563864
17197,-5.882883,11.597087,6.149528,4.914687,6.174295,12.454022,-3.078591,6.228238,24.386215,0.786908,5.728077,-5.527861,25.105999,4.629937
17199,-16.6977,1.725357,-17.425094,20.693551,1.379781,1.786612,-0.521391,10.972439,14.213485,4.304899,0.276289,-19.822608,20.431148,5.853418
17201,-11.582575,1.182273,10.028449,15.805254,14.21199,22.783678,-15.65363,0.758654,26.497832,13.556353,11.308679,-5.559354,35.759034,11.393141
17203,0.189458,18.764705,15.224246,14.302467,15.924468,29.192847,2.23255,11.957893,31.129695,10.164839,20.646769,-6.377756,39.13702,12.000415
18001,-16.270587,-6.973478,-1.988571,1.075963,-4.330699,4.352973,-7.303267,3.25268,19.80033,-4.871155,-9.701202,-0.902809,7.48074,-2.144489
18003,-16.270587,-6.973478,-1.988571,1.075963,-4.330699,4.352973,-7.303267,3.25268,19.80033,-4.871155,-9.701202,-0.902809,7.48074,-2.144489
18005,-20.135428,-17.836866,-18.003948,-17.114465,-4.068111,-15.303023,-13.750556,-4.036829,8.080422,-22.472526,-12.809961,-14.825274,-7.301305,-7.252706
18007,-3.614331,6.255016,5.559746,2.002661,2.557716,10.037556,-1.719555,7.164757,27.547722,1.122815,5.965282,-2.299441,22.016395,6.839678
18009,-16.270587,-6.973478,-1.988571,1.075963,-4.330699,4.352973,-7.303267,3.25268,19.80033,-4.871155,-9.701202,-0.902809,7.48074,-2.144489
18011,-3.84971,6.008995,5.419364,1.985426,2.429606,9.931836,-1.8234,7.092001,27.403638,1.01134,5.67392,-2.273467,21.746063,6.672593
18013,-19.194203,-15.155924,-17.099944,-12.593783,-4.347227,-9.467921,-13.029072,-3.963491,11.511309,-20.490027,-9.52807,-17.018364,-2.997711,-4.29425
18015,-3.614331,6.255016,5.559746,2.002661,2.557716,10.037556,-1.719555,7.164757,27.547722,1.122815,5.965282,-2.299441,22.016395,6.839678
18017,-6.792219,2.933444,3.664422,1.769974,0.828088,8.610201,-3.121582,6.182465,25.602412,-0.382225,2.031549,-1.948757,18.366604,4.583823
18019,-20.135428,-17.836866,-18.003948,-17.114465,-4.068111,-15.303023,-13.750556,-4.036829,8.080422,-22.472526,-12.809961,-14.825274,-7.301305,-7.252706
18021,-17.907726,-11.491585,-15.864341,-6.41487,-4.728725,-1.492447,-12.04294,-3.863252,16.200679,-17.780328,-5.042349,-20.015901,2.884482,-0.250602
18023,-3.774973,6.087112,5.463938,1.990899,2.470284,9.965404,-1.790427,7.115103,27.449387,1.046736,5.766433,-2.281714,21.831899,6.725646
18025,-17.908435,-11.493604,-15.865023,-6.418276,-4.728514,-1.496843,-12.043484,-3.863307,16.198095,-17.781822,-5.044822,-20.014249,2.88124,-0.252831
18027,-17.907726,-11.491585,-15.864341,-6.41487,-4.728725,-1.492447,-12.04294,-3.863252,16.200679,-17.780328,-5.042349,-20.015901,2.884482,-0.250602
18029,-20.135428,-17.836866,-18.003948,-17.114465,-4.068111,-15.303023,-13.750556,-4.036829,8.080422,-22.472526,-12.809961,-14.825274,-7.301305,-7.252706
18031,-20.135428,-17.836866,-18.003948,-17.114465,-4.068111,-15.303023,-13.750556,-4.036829,8.080422,-22.472526,-12.809961,-14.825274,-7.301305,-7.252706
18033,-16.270587,-6.973478,-1.988571,1.075963,-4.330699,4.352973,-7.303267,3.25268,19.80033,-4.871155,-9.701202,-0.902809,7.48074,-2.144489
18035,-16.270587,-6.973478,-1.988571,1.075963,-4.330699,4.352973,-7.303267,3.25268,19.80033,-4.871155,-9.701202,-0.902809,7.48074,-2.144489
18037,-17.907726,-11.491585,-15.864341,-6.41487,-4.728725,-1.492447,-12.04294,-3.863252,16.200679,-17.780328,-5.042349,-20.015901,2.884482,-0.250602
18039,-16.473668,-5.556783,-1.556024,3.169061,-1.200616,7.258392,-8.600924,3.251708,20.479284,-3.474844,-6.224498,-1.121178,11.156364,0.057248
18041,-20.135428,-17.836866,-18.003948,-17.114465,-4.068111,-15.303023,-13.750556,-4.036829,8.080422,-22.472526,-12.809961,-14.825274,-7.301305,-7.252706
18043,-20.135428,-17.836866,-18.003948,-17.114465,-4.068111,-15.303023,-13.750556,-4.036829,8.080422,-22.472526,-12.809961,-14.825274,-7.301305,-7.252706
18045,-3.614331,6.255016,5.559746,2.002661,2.557716,10.037556,-1.719555,7.164757,27.547722,1.122815,5.965282,-2.299441,22.016395,6.839678
18047,-20.135428,-17.836866,-18.003948,-17.114465,-4.068111,-15.303023,-13.750556,-4.036829,8.080422,-22.472526,-12.809961,-14.825274,-7.301305,-7.252706
18049,-9.250216,0.364311,2.198448,1.589998,-0.509725,7.506187,-4.206006,5.422693,24.097775,-1.546326,-1.01107,-1.677515,15.543605,2.83899
18051,-17.907726,-11.491585,-15.864341,-6.41487,-4.728725,-1.492447,-12.04294,-3.863252,16.200679,-17.780328,-5.042349,-20.015901,2.884482,-0.250602
18053,-16.270587,-6.973478,-1.988571,1.075963,-4.330699,4.352973,-7.303267,3.25268,19.80033,-4.871155,-9.701202,-0.902809,7.48074,-2.144489
18055,-17.907726,-11.491585,-15.864341,-6.41487,-4.728725,-1.492447,-12.04294,-3.863252,16.200679,-17.780328,-5.042349,-20.015901,2.884482,-0.250602
18057,-16.270587,-6.973478,-1.988571,1.075963,-4.330699,4.352973,-7.303267,3.25268,19.80033,-4.871155,-9.701202,-0.902809,7.48074,-2.144489
18059,-17.622237,-10.772729,-7.589626,-5.285773,-4.238864,-2.521316,-9.558077,0.703321,15.701528,-11.02688,-10.788428,-5.771911,2.311018,-3.930985
18061,-19.967008,-17.357145,-17.842188,-16.305545,-4.118056,-14.258903,-13.621455,-4.023706,8.694337,-22.117782,-12.222707,-15.2177,-6.53123,-6.723327
18063,-11.663978,-3.739381,-6.505711,-2.737861,-1.545807,3.544176,-7.533402,0.954086,21.15738,-9.522916,-0.233913,-12.276864,11.241828,2.846627
18065,-16.297457,-7.049005,-2.099917,0.949495,-4.328873,4.216316,-7.348092,3.202,19.718848,-4.993528,-9.722815,-0.999605,7.377969,-2.180004
18067,-13.256085,-3.822679,-0.190692,1.296686,-2.689997,5.706943,-5.973323,4.184469,21.645625,-3.443495,-5.969716,-1.235463,10.942882,-0.004616
18069,-16.270587,-6.973478,-1.988571,1.075963,-4.330699,4.352973,-7.303267,3.25268,19.80033,-4.871155,-9.701202,-0.902809,7.48074,-2.144489
18071,-19.97162,-17.370283,-17.846618,-16.3277,-4.116688,-14.2875,-13.624991,-4.024065,8.677523,-22.127498,-12.238791,-15.206953,-6.552321,-6.737825
18073,-3.614331,6.255016,5.559746,2.002661,2.557716,10.037556,-1.719555,7.164757,27.547722,1.122815,5.965282,-2.299441,22.016395,6.839678
18075,-16.270587,-6.973478,-1.988571,1.075963,-4.330699,4.352973,-7.303267,3.25268,19.80033,-4.871155,-9.701202,-0.902809,7.48074,-2.144489
18077,-20.135428,-17.836866,-18.003948,-17.114465,-4.068111,-15.303023,-13.750556,-4.036829,8.080422,-22.472526,-12.809961,-14.825274,-7.301305,-7.252706
18079,-20.135428,-17.836866,-18.003948,-17.114465,-4.068111,-15.303023,-13.750556,-4.036829,8.080422,-22.472526,-12.809961,-14.825274,-7.301305,-7.252706
18081,-20.128072,-17.815914,-17.996883,-17.079134,-4.070293,-15.257419,-13.744917,-4.036255,8.107236,-22.457032,-12.784311,-14.842414,-7.26767,-7.229584
18083,-17.907726,-11.491585,-15.864341,-6.41487,-4.728725,-1.492447,-12.04294,-3.863252,16.200679,-17.780328,-5.042349,-20.015901,2.884482,-0.250602
18085,-16.270587,-6.973478,-1.988571,1.075963,-4.330699,4.352973,-7.303267,3.25268,19.80033,-4.871155,-9.701202,-0.902809,7.48074,-2.144489
18087,-16.551344,-5.014914,-1.39058,3.969645,-0.003398,8.369679,-9.097261,3.251336,20.738975,-2.940772,-4.894701,-1.204701,12.562245,0.899385
18089,-3.627428,6.253794,5.58462,2.065013,2.605473,10.063699,-1.733401,7.179055,27.578956,1.154397,5.956044,-2.284601,22.076925,6.855369
18091,-4.191669,6.201148,6.656221,4.751339,4.663007,11.190015,-2.329921,7.795037,28.924613,2.515054,5.558044,-1.645267,24.684725,7.531353
18093,-17.907726,-11.491585,-15.864341,-6.41487,-4.728725,-1.492447,-12.04294,-3.863252,16.200679,-17.780328,-5.042349,-20.015901,2.884482,-0.250602
18095,-16.270587,-6.973478,-1.988571,1.075963,-4.330699,4.352973,-7.303267,3.25268,19.80033,-4.871155,-9.701202,-0.902809,7.48074,-2.144489
18097,-16.867674,-10.752517,-9.476097,-7.247709,-3.614146,-3.953638,-9.984834,-0.197699,15.246494,-13.06198,-9.011151,-8.932959,2.18078,-3.22186
18099,-9.569994,0.030075,2.00773,1.566584,-0.68377,7.362558,-4.347086,5.323849,23.902027,-1.697772,-1.406906,-1.642227,15.176342,2.611993
18101,-17.907726,-11.491585,-15.864341,-6.41487,-4.728725,-1.492447,-12.04294,-3.863252,16.200679,-17.780328,-5.042349,-20.015901,2.884482,-0.250602
18103,-16.270587,-6.973478,-1.988571,1.075963,-4.330699,4.352973,-7.303267,3.25268,19.80033,-4.871155,-9.701202,-0.902809,7.48074,-2.144489
18105,-17.907726,-11.491585,-15.864341,-6.41487,-4.728725,-1.492447,-12.04294,-3.863252,16.200679,-17.780328,-5.042349,-20.015901,2.884482,-0.250602
18107,-3.614331,6.255016,5.559746,2.002661,2.557716,10.037556,-1.719555,7.164757,27.547722,1.122815,5.965282,-2.299441,22.016395,6.839678
18109,-17.907762,-11.491686,-15.864376,-6.41504,-4.728714,-1.492666,-12.042968,-3.863255,16.20055,-17.780403,-5.042473,-20.015819,2.88432,-0.250714
18111,-3.614331,6.255016,5.559746,2.002661,2.557716,10.037556,-1.719555,7.164757,27.547722,1.122815,5.965282,-2.299441,22.016395,6.839678
18113,-16.270587,-6.973478,-1.988571,1.075963,-4.330699,4.352973,-7.303267,3.25268,19.80033,-4.871155,-9.701202,-0.902809,7.48074,-2.144489
18115,-20.135428,-17.836866,-18.003948,-17.114465,-4.068111,-15.303023,-13.750556,-4.036829,8.080422,-22.472526,-12.809961,-14.825274,-7.301305,-7.252706
18117,-17.907726,-11.491585,-15.864341,-6.41487,-4.728725,-1.492447,-12.04294,-3.863252,16.200679,-17.780328,-5.042349,-20.015901,2.884482,-0.250602
18119,-17.907726,-11.491585,-15.864341,-6.41487,-4.728725,-1.492447,-12.04294,-3.863252,16.200679,-17.780328,-5.042349,-20.015901,2.884482,-0.250602
18121,-11.553671,-3.602424,-6.340373,-2.6729,-1.489575,3.633157,-7.453732,1.039193,21.244949,-9.377033,-0.148963,-12.14014,11.389476,2.901346
18123,-17.948598,-11.361112,-16.031966,-6.056167,-4.664038,-1.505676,-12.003409,-3.483828,16.054459,-17.450529,-4.889153,-20.019219,2.520936,0.050303
18125,-17.907726,-11.491585,-15.864341,-6.41487,-4.728725,-1.492447,-12.04294,-3.863252,16.200679,-17.780328,-5.042349,-20.015901,2.884482,-0.250602
18127,-3.641561,6.252475,5.61146,2.132299,2.657009,10.091911,-1.748342,7.194484,27.612662,1.188478,5.946075,-2.268587,22.142243,6.8723
18129,-18.135926,-10.763116,-16.800237,-4.412127,-4.367558,-1.56631,-11.822226,-1.744821,15.384287,-15.938964,-4.187013,-20.034425,0.854698,1.42944
18131,-3.614331,6.255016,5.559746,2.002661,2.557716,10.037556,-1.719555,7.164757,27.547722,1.122815,5.965282,-2.299441,22.016395,6.839678
18133,-15.230628,-8.167715,-11.851692,-4.838299,-3.364003,0.667078,-10.10941,-1.797748,18.325937,-14.239843,-2.980662,-16.697676,6.467816,1.07738
18135,-16.270587,-6.973478,-1.988571,1.075963,-4.330699,4.352973,-7.303267,3.25268,19.80033,-4.871155,-9.701202,-0.902809,7.48074,-2.144489
18137,-20.135428,-17.836866,-18.003948,-17.114465,-4.068111,-15.303023,-13.750556,-4.036829,8.080422,-22.472526,-12.809961,-14.825274,-7.301305,-7.252706
18139,-20.135428,-17.836866,-18.003948,-17.114465,-4.068111,-15.303023,-13.750556,-4.036829,8.080422,-22.472526,-12.809961,-14.825274,-7.301305,-7.252706
18141,-9.484211,1.424923,3.708067,5.261263,3.234395,10.187401,-5.227277,6.157323,26.001059,0.655926,0.772741,-1.198872,20.341673,4.850584
18143,-20.135428,-17.836866,-18.003948,-17.114465,-4.068111,-15.303023,-13.750556,-4.036829,8.080422,-22.472526,-12.809961,-14.825274,-7.301305,-7.252706
18145,-20.135428,-17.836866,-18.003948,-17.114465,-4.068111,-15.303023,-13.750556,-4.036829,8.080422,-22.472526,-12.809961,-14.825274,-7.301305,-7.252706
18147,-18.132572,-10.773823,-16.786482,-4.441562,-4.372866,-1.565225,-11.82547,-1.775956,15.396285,-15.966027,-4.199583,-20.034153,0.88453,1.404749
18149,-3.614331,6.255016,5.559746,2.002661,2.557716,10.037556,-1.719555,7.164757,27.547722,1.122815,5.965282,-2.299441,22.016395,6.839678
18151,-16.556756,-4.977164,-1.379054,4.02542,0.080009,8.4471,-9.13184,3.25131,20.757067,-2.903565,-4.802058,-1.21052,12.66019,0.958055
18153,-17.907726,-11.491585,-15.864341,-6.41487,-4.728725,-1.492447,-12.04294,-3.863252,16.200679,-17.780328,-5.042349,-20.015901,2.884482,-0.250602
18155,-20.135428,-17.836866,-18.003948,-17.114465,-4.068111,-15.303023,-13.750556,-4.036829,8.080422,-22.472526,-12.809961,-14.825274,-7.301305,-7.252706
18157,-3.614331,6.255016,5.559746,2.002661,2.557716,10.037556,-1.719555,7.164757,27.547722,1.122815,5.965282,-2.299441,22.016395,6.839678
18159,-16.270587,-6.973478,-1.988571,1.075963,-4.330699,4.352973,-7.303267,3.25268,19.80033,-4.871155,-9.701202,-0.902809,7.48074,-2.144489
18161,-20.135428,-17.836866,-18.003948,-17.114465,-4.068111,-15.303023,-13.750556,-4.036829,8.080422,-22.472526,-12.809961,-14.825274,-7.301305,-7.252706
18163,-18.040381,-11.068121,-16.408384,-5.250661,-4.518776,-1.535384,-11.914638,-2.631793,15.726104,-16.70993,-4.545136,-20.026669,1.704554,0.726019
18165,-9.086645,-0.539378,-2.642596,-1.220042,-0.231942,5.623224,-5.671926,2.942617,23.203438,-6.114369,1.750943,-9.082296,14.691625,4.125121
18167,-17.907726,-11.491585,-15.864341,-6.41487,-4.728725,-1.492447,-12.04294,-3.863252,16.200679,-17.780328,-5.042349,-20.015901,2.884482,-0.250602
18169,-16.270587,-6.973478,-1.988571,1.075963,-4.330699,4.352973,-7.303267,3.25268,19.80033,-4.871155,-9.701202,-0.902809,7.48074,-2.144489
18171,-3.614331,6.255016,5.559746,2.002661,2.557716,10.037556,-1.719555,7.164757,27.547722,1.122815,5.965282,-2.299441,22.016395,6.839678
18173,-17.911283,-11.48023,-15.878929,-6.383653,-4.723095,-1.493598,-12.0395,-3.830232,16.187954,-17.751627,-5.029017,-20.01619,2.852844,-0.224415
18175,-19.823135,-16.947345,-17.704005,-15.614529,-4.16072,-13.36697,-13.511171,-4.012496,9.218771,-21.814744,-11.721048,-15.552929,-5.873398,-6.271107
18177,-17.144324,-9.4294,-5.60922,-3.036408,-4.271335,-0.090723,-8.760827,1.604717,17.150771,-8.850356,-10.404009,-4.050307,4.138914,-3.299321
18179,-16.270587,-6.973478,-1.988571,1.075963,-4.330699,4.352973,-7.303267,3.25268,19.80033,-4.871155,-9.701202,-0.902809,7.48074,-2.144489
18181,-3.614331,6.255016,5.559746,2.002661,2.557716,10.037556,-1.719555,7.164757,27.547722,1.122815,5.965282,-2.299441,22.016395,6.839678
18183,-16.270587,-6.973478,-1.988571,1.075963,-4.330699,4.352973,-7.303267,3.25268,19.80033,-4.871155,-9.701202,-0.902809,7.48074,-2.144489
19001,1.669264,5.013449,9.089691,8.54481,8.776408,14.438438,11.874864,-2.921983,28.767609,8.398826,17.632147,-10.288661,27.013504,3.265134
19003,1.669264,5.013449,9.089691,8.54481,8.776408,14.438438,11.874864,-2.921983,28.767609,8.398826,17.632147,-10.288661,27.013504,3.265134
19005,-4.385278,-4.620289,14.024,10.210826,4.774374,17.669833,-1.71802,-0.919904,23.683669,22.059399,17.345384,-4.281577,34.496086,10.810797
19007,8.624802,17.243488,17.501504,13.299827,20.530104,31.436821,10.553153,6.765333,35.177048,21.803403,26.857511,-5.926803,36.367818,23.294082
19009,-1.109467,-1.880871,6.841575,3.314704,-1.963116,10.740808,6.202758,-4.744558,21.900738,9.450437,9.555679,-7.678248,26.447883,0.71446
19011,-3.16711,-6.251974,15.230762,9.408016,2.851014,16.00822,1.398665,-1.077517,21.963759,23.483239,17.773827,-3.991205,33.960876,10.413871
19013,-3.16711,-6.251974,15.230762,9.408016,2.851014,16.00822,1.398665,-1.077517,21.963759,23.483239,17.773827,-3.991205,33.960876,10.413871
19015,-3.797979,-8.469899,5.781928,-0.639848,-10.937491,8.051438,0.647807,-5.951363,15.827977,11.938442,3.316781,-4.957978,26.780661,-0.467695
19017,-3.16711,-6.251974,15.230762,9.408016,2.851014,16.00822,1.398665,-1.077517,21.963759,23.483239,17.773827,-3.991205,33.960876,10.413871
19019,-3.16711,-6.251974,15.230762,9.408016,2.851014,16.00822,1.398665,-1.077517,21.963759,23.483239,17.773827,-3.991205,33.960876,10.413871
19021,-3.876709,-8.746687,4.602753,-1.893779,-12.658238,7.058465,0.554103,-6.559598,15.062257,10.4977,1.512603,-5.078627,25.884601,-1.825668
19023,-3.16711,-6.251974,15.230762,9.408016,2.851014,16.00822,1.398665,-1.077517,21.963759,23.483239,17.773827,-3.991205,33.960876,10.413871
19025,-3.876709,-8.746687,4.602753,-1.893779,-12.658238,7.058465,0.554103,-6.559598,15.062257,10.4977,1.512603,-5.078627,25.884601,-1.825668
19027,-3.876709,-8.746687,4.602753,-1.893779,-12.658238,7.058465,0.554103,-6.559598,15.062257,10.4977,1.512603,-5.078627,25.884601,-1.825668
19029,1.669264,5.013449,9.089691,8.54481,8.776408,14.438438,11.874864,-2.921983,28.767609,8.398826,17.632147,-10.288661,27.013504,3.265134
19031,-4.395971,4.316841,12.218784,12.596868,11.588329,23.820092,-5.899892,2.011734,29.601752,17.88831,18.551009,-5.252332,36.470945,13.346643
19033,-3.16711,-6.251974,15.230762,9.408016,2.851014,16.00822,1.398665,-1.077517,21.963759,23.483239,17.773827,-3.991205,33.960876,10.413871
19035,-3.876709,-8.746687,4.602753,-1.893779,-12.658238,7.058465,0.554103,-6.559598,15.062257,10.4977,1.512603,-5.078627,25.884601,-1.825668
19037,-3.16711,-6.251974,15.230762,9.408016,2.851014,16.00822,1.398665,-1.077517,21.963759,23.483239,17.773827,-3.991205,33.960876,10.413871
19039,4.614952,10.192901,12.652114,10.558572,13.754127,21.637295,11.315116,1.180619,31.482022,14.075697,21.539112,-8.441404,30.975079,11.747443
19041,-3.876709,-8.746687,4.602753,-1.893779,-12.658238,7.058465,0.554103,-6.559598,15.062257,10.4977,1.512603,-5.078627,25.884601,-1.825668
19043,-4.987485,-3.813658,13.427432,10.607698,5.725196,18.491259,-3.258768,-0.841988,24.533914,21.355517,17.133581,-4.425124,34.760669,11.00702
19045,-8.995477,1.554877,9.456971,13.249085,12.053397,23.958262,-13.513219,-0.323413,30.192724,16.670829,15.723927,-5.380498,36.521606,12.312978
19047,-3.876709,-8.746687,4.602753,-1.893779,-12.658238,7.058465,0.554103,-6.559598,15.062257,10.4977,1.512603,-5.078627,25.884601,-1.825668
19049,-1.115774,-1.89652,6.836471,3.302832,-1.987494,10.732415,6.189883,-4.748696,21.885151,9.452824,9.537346,-7.672323,26.446599,0.70867
19051,8.624802,17.243488,17.501504,13.299827,20.530104,31.436821,10.553153,6.765333,35.177048,21.803403,26.857511,-5.926803,36.367818,23.294082
19053,4.590683,10.150229,12.622764,10.541981,13.713117,21.577986,11.319728,1.146819,31.459659,14.028927,21.506923,-8.456623,30.942441,11.67756
19055,-4.631505,-4.290477,13.780079,10.373097,5.163142,18.005693,-2.347993,-0.888046,24.031313,21.771599,17.258783,-4.34027,34.604268,10.891028
19057,5.432551,18.475007,16.337243,13.500963,17.40139,29.567553,6.303411,9.425691,34.115418,16.873558,25.679518,-5.913599,38.097274,18.351496
19059,-3.876709,-8.746687,4.602753,-1.893779,-12.658238,7.058465,0.554103,-6.559598,15.062257,10.4977,1.512603,-5.078627,25.884601,-1.825668
19061,-8.995477,1.554877,9.456971,13.249085,12.053397,23.958262,-13.513219,-0.323413,30.192724,16.670829,15.723927,-5.380498,36.521606,12.312978
19063,-3.876709,-8.746687,4.602753,-1.893779,-12.658238,7.058465,0.554103,-6.559598,15.062257,10.4977,1.512603,-5.078627,25.884601,-1.825668
19065,-3.16711,-6.251974,15.230762,9.408016,2.851014,16.00822,1.398665,-1.077517,21.963759,23.483239,17.773827,-3.991205,33.960876,10.413871
19067,-3.16711,-6.251974,15.230762,9.408016,2.851014,16.00822,1.398665,-1.077517,21.963759,23.483239,17.773827,-3.991205,33.960876,10.413871
19069,-3.16711,-6.251974,15.230762,9.408016,2.851014,16.00822,1.398665,-1.077517,21.963759,23.483239,17.773827,-3.991205,33.960876,10.413871
19071,1.669264,5.013449,9.089691,8.54481,8.776408,14.438438,11.874864,-2.921983,28.767609,8.398826,17.632147,-10.288661,27.013504,3.265134
19073,-3.876709,-8.746687,4.602753,-1.893779,-12.658238,7.058465,0.554103,-6.559598,15.062257,10.4977,1.512603,-5.078627,25.884601,-1.825668
19075,-3.16711,-6.251974,15.230762,9.408016,2.851014,16.00822,1.398665,-1.077517,21.963759,23.483239,17.773827,-3.991205,33.960876,10.413871
19077,-1.095298,-1.845716,6.853038,3.341372,-1.908355,10.759662,6.23168,-4.735265,21.935753,9.445075,9.596862,-7.691559,26.450767,0.727466
19079,-3.456445,-7.269179,10.897252,4.799774,-3.472795,12.359008,1.0543,-3.312804,19.149712,18.18846,11.143406,-4.434595,30.667821,5.423269
19081,-3.498859,-7.418293,10.261992,4.124239,-4.399819,11.824061,1.003818,-3.640481,18.737193,17.412284,10.171435,-4.499593,30.185083,4.691683
19083,-3.16711,-6.251974,15.230762,9.408016,2.851014,16.00822,1.398665,-1.077517,21.963759,23.483239,17.773827,-3.991205,33.960876,10.413871
19085,-1.043612,-1.717479,6.894854,3.438654,-1.708595,10.82844,6.337184,-4.701364,22.063479,9.425514,9.747087,-7.740113,26.461288,0.77491
19087,8.624802,17.243488,17.501504,13.299827,20.530104,31.436821,10.553153,6.765333,35.177048,21.803403,26.857511,-5.926803,36.367818,23.294082
19089,-3.16711,-6.251974,15.230762,9.408016,2.851014,16.00822,1.398665,-1.077517,21.963759,23.483239,17.773827,-3.991205,33.960876,10.413871
19091,-3.876709,-8.746687,4.602753,-1.893779,-12.658238,7.058465,0.554103,-6.559598,15.062257,10.4977,1.512603,-5.078627,25.884601,-1.825668
19093,-3.876709,-8.746687,4.602753,-1.893779,-12.658238,7.058465,0.554103,-6.559598,15.062257,10.4977,1.512603,-5.078627,25.884601,-1.825668
19095,2.666076,5.370687,16.354045,11.333205,11.59645,23.640391,5.927178,2.802159,28.500067,22.652263,22.267315,-4.948701,35.151535,16.785413
19097,-8.995477,1.554877,9.456971,13.249085,12.053397,23.958262,-13.513219,-0.323413,30.192724,16.670829,15.723927,-5.380498,36.521606,12.312978
19099,2.666366,5.371265,16.354101,11.333301,11.596885,23.640771,5.927404,2.802352,28.500392,22.652222,22.267539,-4.948748,35.151594,16.78573
19101,8.624802,17.243488,17.501504,13.299827,20.530104,31.436821,10.553153,6.765333,35.177048,21.803403,26.857511,-5.926803,36.367818,23.294082
19103,3.070511,6.176525,16.431926,11.466685,12.202801,24.169556,6.241156,3.07115,28.953251,22.594649,22.578864,-5.015087,35.234087,17.227174
19105,-7.563403,-0.363326,10.875635,12.305305,9.792301,22.004876,-9.849255,-0.508702,28.170804,18.34469,16.227603,-5.039138,35.892415,11.846353
19107,8.624802,17.243488,17.501504,13.299827,20.530104,31.436821,10.553153,6.765333,35.177048,21.803403,26.857511,-5.926803,36.367818,23.294082
19109,-3.876709,-8.746687,4.602753,-1.893779,-12.658238,7.058465,0.554103,-6.559598,15.062257,10.4977,1.512603,-5.078627,25.884601,-1.825668
19111,8.326291,17.358648,17.392632,13.318636,20.237534,31.262024,10.155755,7.014106,35.077773,21.342407,26.747356,-5.925568,36.529542,22.831895
19113,-3.16711,-6.251974,15.230762,9.408016,2.851014,16.00822,1.398665,-1.077517,21.963759,23.483239,17.773827,-3.991205,33.960876,10.413871
19115,6.458427,18.07924,16.711395,13.436325,18.406848,30.168269,7.669127,8.570747,34.456588,18.457835,26.058083,-5.917842,37.541489,19.939867
19117,8.624802,17.243488,17.501504,13.299827,20.530104,31.436821,10.553153,6.765333,35.177048,21.803403,26.857511,-5.926803,36.367818,23.294082
19119,5.224446,-0.138574,9.301613,1.620237,-8.873064,11.22775,1.539726,-4.279151,15.21566,7.068321,4.511627,1.834289,28.306045,0.979076
19121,1.669264,5.013449,9.089691,8.54481,8.776408,14.438438,11.874864,-2.921983,28.767609,8.398826,17.632147,-10.288661,27.013504,3.265134
19123,8.624802,17.243488,17.501504,13.299827,20.530104,31.436821,10.553153,6.765333,35.177048,21.803403,26.857511,-5.926803,36.367818,23.294082
19125,8.624802,17.243488,17.501504,13.299827,20.530104,31.436821,10.553153,6.765333,35.177048,21.803403,26.857511,-5.926803,36.367818,23.294082
19127,-3.16711,-6.251974,15.230762,9.408016,2.851014,16.00822,1.398665,-1.077517,21.963759,23.483239,17.773827,-3.991205,33.960876,10.413871
19129,1.669264,5.013449,9.089691,8.54481,8.776408,14.438438,11.874864,-2.921983,28.767609,8.398826,17.632147,-10.288661,27.013504,3.265134
19131,-3.16711,-6.251974,15.230762,9.408016,2.851014,16.00822,1.398665,-1.077517,21.963759,23.483239,17.773827,-3.991205,33.960876,10.413871
19133,-2.847151,-7.772904,5.134306,-1.49626,-12.230044,7.530111,0.6656,-6.301625,15.079611,10.109755,1.851864,-4.296612,26.158524,-1.508385
19135,8.624802,17.243488,17.501504,13.299827,20.530104,31.436821,10.553153,6.765333,35.177048,21.803403,26.857511,-5.926803,36.367818,23.294082
19137,1.669264,5.013449,9.089691,8.54481,8.776408,14.438438,11.874864,-2.921983,28.767609,8.398826,17.632147,-10.288661,27.013504,3.265134
19139,5.144434,18.586158,16.232163,13.519117,17.119009,29.398842,5.919851,9.665802,34.019601,16.428616,25.573198,-5.912407,38.253366,17.905403
19141,-3.876709,-8.746687,4.602753,-1.893779,-12.658238,7.058465,0.554103,-6.559598,15.062257,10.4977,1.512603,-5.078627,25.884601,-1.825668
19143,-3.876709,-8.746687,4.602753,-1.893779,-12.658238,7.058465,0.554103,-6.559598,15.062257,10.4977,1.512603,-5.078627,25.884601,-1.825668
19145,1.669264,5.013449,9.089691,8.54481,8.776408,14.438438,11.874864,-2.921983,28.767609,8.398826,17.632147,-10.288661,27.013504,3.265134
19147,-3.876709,-8.746687,4.602753,-1.893779,-12.658238,7.058465,0.554103,-6.559598,15.062257,10.4977,1.512603,-5.078627,25.884601,-1.825668
19149,5.31821,-0.049889,9.350023,1.65644,-8.834067,11.270704,1.549881,-4.255657,15.217241,7.03299,4.542524,1.905508,28.330992,1.007971
19151,-3.876709,-8.746687,4.602753,-1.893779,-12.658238,7.058465,0.554103,-6.559598,15.062257,10.4977,1.512603,-5.078627,25.884601,-1.825668
19153,2.261043,4.576107,15.153641,10.287195,9.900809,22.11699,5.957249,1.905291,27.691787,21.007098,20.639521,-5.265926,34.079728,14.860972
19155,1.669264,5.013449,9.089691,8.54481,8.776408,14.438438,11.874864,-2.921983,28.767609,8.398826,17.632147,-10.288661,27.013504,3.265134
19157,2.651431,5.341506,16.351225,11.328372,11.574493,23.62123,5.915809,2.792419,28.483656,22.654349,22.256033,-4.946297,35.148545,16.769416
19159,1.669264,5.013449,9.089691,8.54481,8.776408,14.438438,11.874864,-2.921983,28.767609,8.398826,17.632147,-10.288661,27.013504,3.265134
19161,-3.876709,-8.746687,4.602753,-1.893779,-12.658238,7.058465,0.554103,-6.559598,15.062257,10.4977,1.512603,-5.078627,25.884601,-1.825668
19163,-0.199171,13.377046,13.760064,13.480427,14.724802,27.187846,-1.39085,7.079036,32.525605,15.315222,22.103822,-5.73723,38.111496,14.902385
19165,-1.114651,-1.893734,6.83738,3.304946,-1.983153,10.733909,6.192175,-4.747959,21.887926,9.452399,9.540611,-7.673378,26.446828,0.709701
19167,4.036699,-1.261976,8.688388,1.16164,-9.367048,10.683637,1.411097,-4.576761,15.19564,7.515872,4.120239,0.932118,27.990035,0.613042
19169,-3.16711,-6.251974,15.230762,9.408016,2.851014,16.00822,1.398665,-1.077517,21.963759,23.483239,17.773827,-3.991205,33.960876,10.413871
19171,-3.16711,-6.251974,15.230762,9.408016,2.851014,16.00822,1.398665,-1.077517,21.963759,23.483239,17.773827,-3.991205,33.960876,10.413871
19173,1.669264,5.013449,9.089691,8.54481,8.776408,14.438438,11.874864,-2.921983,28.767609,8.398826,17.632147,-10.288661,27.013504,3.265134
19175,1.669264,5.013449,9.089691,8.54481,8.776408,14.438438,11.874864,-2.921983,28.767609,8.398826,17.632147,-10.288661,27.013504,3.265134
19177,8.624802,17.243488,17.501504,13.299827,20.530104,31.436821,10.553153,6.765333,35.177048,21.803403,26.857511,-5.926803,36.367818,23.294082
19179,8.624802,17.243488,17.501504,13.299827,20.530104,31.436821,10.553153,6.765333,35.177048,21.803403,26.857511,-5.926803,36.367818,23.294082
19181,8.014588,16.170537,16.763529,12.882666,19.498943,29.94554,10.669108,5.915457,34.614742,20.627409,26.048163,-6.309472,35.547157,21.536927
19183,8.624802,17.243488,17.501504,13.299827,20.530104,31.436821,10.553153,6.765333,35.177048,21.803403,26.857511,-5.926803,36.367818,23.294082
19185,8.624802,17.243488,17.501504,13.299827,20.530104,31.436821,10.553153,6.765333,35.177048,21.803403,26.857511,-5.926803,36.367818,23.294082
19187,-3.876709,-8.746687,4.602753,-1.893779,-12.658238,7.058465,0.554103,-6.559598,15.062257,10.4977,1.512603,-5.078627,25.884601,-1.825668
19189,-3.498064,-7.4155,10.273893,4.136896,-4.382451,11.834083,1.004764,-3.634342,18.744921,17.426826,10.189645,-4.498375,30.194127,4.70539
19191,-3.16711,-6.251974,15.230762,9.408016,2.851014,16.00822,1.398665,-1.077517,21.963759,23.483239,17.773827,-3.991205,33.960876,10.413871
19193,0.456068,-4.648632,6.839734,-0.220865,-10.856234,9.043332,1.023327,-5.473948,15.135288,8.865079,2.940345,-1.787603,27.037375,-0.490417
19195,-3.16711,-6.251974,15.230762,9.408016,2.851014,16.00822,1.398665,-1.077517,21.963759,23.483239,17.773827,-3.991205,33.960876,10.413871
19197,-3.49951,-7.420581,10.252247,4.113877,-4.414039,11.815855,1.003044,-3.645507,18.730865,17.400378,10.156525,-4.50059,30.177678,4.680461
20001,-8.784219,8.771373,3.683198,11.756984,12.614918,13.488947,-2.946088,6.235278,17.201846,6.808858,16.741391,-21.344785,29.816312,7.119568
20003,-16.109393,7.891413,4.963006,9.554209,14.372385,1.416564,-3.875697,1.873559,22.306338,-0.195597,13.373742,-28.487178,25.424623,2.383805
20005,-16.109393,7.891413,4.963006,9.554209,14.372385,1.416564,-3.875697,1.873559,22.306338,-0.195597,13.373742,-28.487178,25.424623,2.383805
20007,10.574207,12.401142,4.560672,13.688638,17.516734,32.850953,-17.924516,10.98416,27.340368,22.894709,19.139234,-13.335875,41.161262,27.609855
20009,-5.443012,4.589414,-0.184506,5.703859,14.416373,-0.07903,-14.997729,-8.995781,24.646014,7.105031,13.109467,-28.239719,29.408606,-8.21487
20011,-7.671976,8.904984,3.488874,12.09145,12.348067,15.322,-2.804938,6.897555,16.426788,7.872404,17.25273,-20.260295,30.483139,7.838639
20013,-7.20547,7.775681,7.688424,6.848142,18.370009,8.281384,1.714335,2.625032,27.378404,1.185882,14.824801,-16.501163,27.222728,0.96908
20015,-1.482522,9.759815,1.611008,12.210214,10.842521,20.074557,-16.539712,4.525234,23.76439,17.241952,19.373855,-22.334289,31.149716,15.184418
20017,-15.615362,2.846008,-1.063079,6.313889,7.618852,-3.674699,-17.082616,-9.833897,20.919467,4.140833,14.345987,-34.611577,22.433911,-8.955558
20019,1.282594,11.206889,2.687303,14.29603,11.675004,27.500071,-9.098517,10.581765,18.773745,18.041334,20.682795,-15.859182,34.407381,18.643718
20021,-2.287812,9.551774,2.548187,13.710538,11.05629,24.195469,-2.121655,10.103515,12.674874,13.020833,19.728027,-15.010478,33.711128,11.31953
20023,3.637419,7.263863,12.590287,13.290424,11.913722,-3.974383,6.679567,3.52693,30.525241,0.02289,-7.005857,-14.193233,22.702609,-10.293758
20025,19.007849,11.631078,7.161173,11.868113,25.33929,35.772708,-20.378462,10.847802,30.765233,22.409071,15.33907,-8.227311,50.234818,29.73613
20027,-15.615362,2.846008,-1.063079,6.313889,7.618852,-3.674699,-17.082616,-9.833897,20.919467,4.140833,14.345987,-34.611577,22.433911,-8.955558
20029,-15.615362,2.846008,-1.063079,6.313889,7.618852,-3.674699,-17.082616,-9.833897,20.919467,4.140833,14.345987,-34.611577,22.433911,-8.955558
20031,-16.109393,7.891413,4.963006,9.554209,14.372385,1.416564,-3.875697,1.873559,22.306338,-0.195597,13.373742,-28.487178,25.424623,2.383805
20033,19.007849,11.631078,7.161173,11.868113,25.33929,35.772708,-20.378462,10.847802,30.765233,22.409071,15.33907,-8.227311,50.234818,29.73613
20035,4.963895,12.913412,2.830741,14.899707,12.312934,30.907313,-16.292077,11.074869,25.062045,23.217769,21.667217,-16.734246,35.12526,26.195393
20037,-2.287812,9.551774,2.548187,13.710538,11.05629,24.195469,-2.121655,10.103515,12.674874,13.020833,19.728027,-15.010478,33.711128,11.31953
20039,3.883808,7.021283,6.195825,6.255665,22.378848,1.621505,-7.209798,-6.182369,27.000444,11.934484,4.126602,-14.174196,29.424945,-11.645049
20041,-15.615362,2.846008,-1.063079,6.313889,7.618852,-3.674699,-17.082616,-9.833897,20.919467,4.140833,14.345987,-34.611577,22.433911,-8.955558
20043,-8.94757,7.798325,7.155181,7.377599,17.587852,6.938245,0.620615,2.478003,26.386027,0.915588,14.540894,-18.846291,26.870919,1.245879
20045,-16.109393,7.891413,4.963006,9.554209,14.372385,1.416564,-3.875697,1.873559,22.306338,-0.195597,13.373742,-28.487178,25.424623,2.383805
20047,12.147077,9.126853,4.130061,8.724347,23.278087,20.670489,-16.942774,1.97569,29.574183,16.599073,13.749452,-14.713069,43.63843,12.384075
20049,1.26218,11.197426,2.686508,14.292682,11.671466,27.481177,-9.058627,10.579031,18.738875,18.01263,20.677336,-15.854329,34.4034,18.601843
20051,4.282521,6.256241,0.655476,5.120625,20.915316,3.358701,-13.00442,-8.194479,28.208874,9.939028,11.927261,-22.147743,36.076941,-7.506716
20053,-15.615362,2.846008,-1.063079,6.313889,7.618852,-3.674699,-17.082616,-9.833897,20.919467,4.140833,14.345987,-34.611577,22.433911,-8.955558
20055,7.239113,7.335416,1.961707,6.475404,21.803573,9.866874,-14.485,-4.371118,28.722147,12.442797,12.612293,-19.352761,38.919599,-0.028996
20057,18.385367,11.403868,6.886158,11.582877,25.152276,34.402473,-20.06674,10.04283,30.657168,21.881926,15.194842,-8.815768,49.636323,28.161766
20059,-16.109393,7.891413,4.963006,9.554209,14.372385,1.416564,-3.875697,1.873559,22.306338,-0.195597,13.373742,-28.487178,25.424623,2.383805
20061,-15.615362,2.846008,-1.063079,6.313889,7.618852,-3.674699,-17.082616,-9.833897,20.919467,4.140833,14.345987,-34.611577,22.433911,-8.955558
20063,4.282521,6.256241,0.655476,5.120625,20.915316,3.358701,-13.00442,-8.194479,28.208874,9.939028,11.927261,-22.147743,36.076941,-7.506716
20065,4.282521,6.256241,0.655476,5.120625,20.915316,3.358701,-13.00442,-8.194479,28.208874,9.939028,11.927261,-22.147743,36.076941,-7.506716
20067,19.419636,18.827262,10.582412,14.560116,27.518868,37.035189,-3.06202,13.94335,27.789063,14.942683,17.646779,-5.247787,46.766448,36.793124
20069,16.033977,10.545596,5.847306,10.505415,24.44584,29.226496,-18.889228,7.002094,30.24896,19.890668,14.650033,-11.038629,47.375546,22.214703
20071,4.030883,5.233097,7.980098,12.263483,8.235022,-5.588328,7.431716,2.332275,33.652312,-1.853363,-5.017336,-22.410508,29.659242,-4.067455
20073,-6.722344,8.639839,2.530853,11.437051,11.564722,14.335327,-9.281441,4.177028,20.093332,10.407024,17.476353,-22.952132,29.627715,8.757274
20075,8.763195,10.614786,9.369619,13.432229,14.457624,7.540588,7.298575,6.392503,31.353588,1.919991,2.251382,-16.689568,34.229733,9.546385
20077,4.963895,12.913412,2.830741,14.899707,12.312934,30.907313,-16.292077,11.074869,25.062045,23.217769,21.667217,-16.734246,35.12526,26.195393
20079,-15.615362,2.846008,-1.063079,6.313889,7.618852,-3.674699,-17.082616,-9.833897,20.919467,4.140833,14.345987,-34.611577,22.433911,-8.955558
20081,19.007849,11.631078,7.161173,11.868113,25.33929,35.772708,-20.378462,10.847802,30.765233,22.409071,15.33907,-8.227311,50.234818,29.73613
20083,4.282521,6.256241,0.655476,5.120625,20.915316,3.358701,-13.00442,-8.194479,28.208874,9.939028,11.927261,-22.147743,36.076941,-7.506716
20085,-16.109393,7.891413,4.963006,9.554209,14.372385,1.416564,-3.875697,1.873559,22.306338,-0.195597,13.373742,-28.487178,25.424623,2.383805
20087,-16.109393,7.891413,4.963006,9.554209,14.372385,1.416564,-3.875697,1.873559,22.306338,-0.195597,13.373742,-28.487178,25.424623,2.383805
20089,-6.299385,2.917606,4.60209,5.991985,7.937066,-0.20012,-12.591549,-8.632903,22.780856,3.950218,13.559866,-20.984287,22.001969,-10.048177
20091,-16.109393,7.891413,4.963006,9.554209,14.372385,1.416564,-3.875697,1.873559,22.306338,-0.195597,13.373742,-28.487178,25.424623,2.383805
20093,8.720231,9.610791,7.073646,11.302504,17.014736,9.330426,-0.381826,3.383722,30.595238,5.902946,5.777054,-17.167096,36.280188,7.465036
20095,4.963895,12.913412,2.830741,14.899707,12.312934,30.907313,-16.292077,11.074869,25.062045,23.217769,21.667217,-16.734246,35.12526,26.195393
20097,19.007849,11.631078,7.161173,11.868113,25.33929,35.772708,-20.378462,10.847802,30.765233,22.409071,15.33907,-8.227311,50.234818,29.73613
20099,-2.287812,9.551774,2.548187,13.710538,11.05629,24.195469,-2.121655,10.103515,12.674874,13.020833,19.728027,-15.010478,33.711128,11.31953
20101,4.282521,6.256241,0.655476,5.120625,20.915316,3.358701,-13.00442,-8.194479,28.208874,9.939028,11.927261,-22.147743,36.076941,-7.506716
20103,-16.109393,7.891413,4.963006,9.554209,14.372385,1.416564,-3.875697,1.873559,22.306338,-0.195597,13.373742,-28.487178,25.424623,2.383805
20105,-15.615362,2.846008,-1.063079,6.313889,7.618852,-3.674699,-17.082616,-9.833897,20.919467,4.140833,14.345987,-34.611577,22.433911,-8.955558
20107,-16.109393,7.891413,4.963006,9.554209,14.372385,1.416564,-3.875697,1.873559,22.306338,-0.195597,13.373742,-28.487178,25.424623,2.383805
20109,4.194967,5.900251,3.203987,7.605893,16.503365,0.245694,-5.893921,-4.531826,30.10285,5.836012,6.031599,-22.239169,33.843983,-6.310068
20111,-15.981324,6.583482,3.400851,8.714214,12.621652,0.096745,-7.299354,-1.16139,21.946817,0.928545,13.625779,-30.074819,24.649334,-0.555722
20113,-15.615362,2.846008,-1.063079,6.313889,7.618852,-3.674699,-17.082616,-9.833897,20.919467,4.140833,14.345987,-34.611577,22.433911,-8.955558
20115,-15.615362,2.846008,-1.063079,6.313889,7.618852,-3.674699,-17.082616,-9.833897,20.919467,4.140833,14.345987,-34.611577,22.433911,-8.955558
20117,-6.394714,3.011132,4.624582,6.020528,8.120532,-0.079984,-12.359136,-8.424945,22.840791,3.892542,13.582137,-21.007989,22.097301,-9.825766
20119,19.007849,11.631078,7.161173,11.868113,25.33929,35.772708,-20.378462,10.847802,30.765233,22.409071,15.33907,-8.227311,50.234818,29.73613
20121,-16.109393,7.891413,4.963006,9.554209,14.372385,1.416564,-3.875697,1.873559,22.306338,-0.195597,13.373742,-28.487178,25.424623,2.383805
20123,-15.615362,2.846008,-1.063079,6.313889,7.618852,-3.674699,-17.082616,-9.833897,20.919467,4.140833,14.345987,-34.611577,22.433911,-8.955558
20125,-2.287812,9.551774,2.548187,13.710538,11.05629,24.195469,-2.121655,10.103515,12.674874,13.020833,19.728027,-15.010478,33.711128,11.31953
20127,-15.615362,2.846008,-1.063079,6.313889,7.618852,-3.674699,-17.082616,-9.833897,20.919467,4.140833,14.345987,-34.611577,22.433911,-8.955558
20129,19.658723,23.005419,12.568808,16.123112,28.784347,37.768195,6.992033,15.740647,26.061076,10.607643,18.986652,-3.517854,44.752688,40.890466
20131,-8.980171,7.798748,7.145203,7.387507,17.573215,6.91311,0.600148,2.475251,26.367457,0.91053,14.535581,-18.890177,26.864335,1.251059
20133,-2.287812,9.551774,2.548187,13.710538,11.05629,24.195469,-2.121655,10.103515,12.674874,13.020833,19.728027,-15.010478,33.711128,11.31953
20135,4.282521,6.256241,0.655476,5.120625,20.915316,3.358701,-13.00442,-8.194479,28.208874,9.939028,11.927261,-22.147743,36.076941,-7.506716
20137,3.884377,7.02019,6.187912,6.254043,22.376758,1.623986,-7.218074,-6.185243,27.00217,11.931634,4.137743,-14.185585,29.434446,-11.639138
20139,-16.109393,7.891413,4.963006,9.554209,14.372385,1.416564,-3.875697,1.873559,22.306338,-0.195597,13.373742,-28.487178,25.424623,2.383805
20141,-5.025903,4.660901,-0.148481,5.678845,14.6951,0.068408,-14.91224,-8.961415,24.798818,7.226575,13.058764,-27.978446,29.694598,-8.184499
20143,-15.615362,2.846008,-1.063079,6.313889,7.618852,-3.674699,-17.082616,-9.833897,20.919467,4.140833,14.345987,-34.611577,22.433911,-8.955558
20145,4.282521,6.256241,0.655476,5.120625,20.915316,3.358701,-13.00442,-8.194479,28.208874,9.939028,11.927261,-22.147743,36.076941,-7.506716
20147,3.884146,7.020633,6.191119,6.254701,22.377605,1.622981,-7.214719,-6.184078,27.00147,11.932789,4.133228,-14.180969,29.430595,-11.641534
20149,-15.787617,4.605205,1.038054,7.443701,9.973627,-1.899513,-12.47772,-5.751823,21.403032,2.628837,14.006991,-32.476164,23.476691,-5.001828
20151,11.723682,12.296185,4.915111,13.440508,18.582919,33.249177,-18.25898,10.965575,27.807165,22.828518,18.621285,-12.639597,42.397954,27.899658
20153,3.824335,7.077595,7.737484,7.946413,19.861804,0.269562,-3.856634,-3.847187,27.850026,9.07497,1.435683,-14.173655,27.806183,-11.319262
20155,-8.040048,6.551863,0.370253,9.474366,9.346764,9.05509,-16.791615,-2.137289,22.444368,11.163136,17.040964,-28.030853,27.105651,3.98366
20157,-3.968035,2.935523,6.019815,5.911428,8.0167,0.669403,-11.467646,-8.332351,23.246674,3.902517,13.363136,-17.574018,21.893874,-10.321607
20159,-15.615362,2.846008,-1.063079,6.313889,7.618852,-3.674699,-17.082616,-9.833897,20.919467,4.140833,14.345987,-34.611577,22.433911,-8.955558
20161,-15.615362,2.846008,-1.063079,6.313889,7.618852,-3.674699,-17.082616,-9.833897,20.919467,4.140833,14.345987,-34.611577,22.433911,-8.955558
20163,4.282521,6.256241,0.655476,5.120625,20.915316,3.358701,-13.00442,-8.194479,28.208874,9.939028,11.927261,-22.147743,36.076941,-7.506716
20165,4.282521,6.256241,0.655476,5.120625,20.915316,3.358701,-13.00442,-8.194479,28.208874,9.939028,11.927261,-22.147743,36.076941,-7.506716
20167,-5.220548,4.627541,-0.165292,5.690518,14.565031,-0.000394,-14.952134,-8.977452,24.727511,7.169856,13.082425,-28.10037,29.561139,-8.198672
20169,-15.615362,2.846008,-1.063079,6.313889,7.618852,-3.674699,-17.082616,-9.833897,20.919467,4.140833,14.345987,-34.611577,22.433911,-8.955558
20171,4.282521,6.256241,0.655476,5.120625,20.915316,3.358701,-13.00442,-8.194479,28.208874,9.939028,11.927261,-22.147743,36.076941,-7.506716
20173,4.210361,12.544782,2.688164,14.585327,12.141055,29.641052,-16.321023,10.30927,24.91036,22.519245,21.399142,-17.388845,34.660551,24.9083
20175,19.007849,11.631078,7.161173,11.868113,25.33929,35.772708,-20.378462,10.847802,30.765233,22.409071,15.33907,-8.227311,50.234818,29.73613
20177,-16.109393,7.891413,4.963006,9.554209,14.372385,1.416564,-3.875697,1.873559,22.306338,-0.195597,13.373742,-28.487178,25.424623,2.383805
20179,4.282521,6.256241,0.655476,5.120625,20.915316,3.358701,-13.00442,-8.194479,28.208874,9.939028,11.927261,-22.147743,36.076941,-7.506716
20181,4.030883,5.233097,7.980098,12.263483,8.235022,-5.588328,7.431716,2.332275,33.652312,-1.853363,-5.017336,-22.410508,29.659242,-4.067455
20183,-0.550148,5.231345,5.515557,6.1419,16.077861,0.828027,-9.544529,-7.247457,25.159116,8.452278,8.231258,-17.117842,26.174309,-10.955665
20185,-3.897923,5.714211,0.615117,7.203801,14.125832,5.434783,-15.932271,-5.49161,24.643309,9.498039,14.295993,-26.389216,30.702493,-1.742996
20187,19.658723,23.005419,12.568808,16.123112,28.784347,37.768195,6.992033,15.740647,26.061076,10.607643,18.986652,-3.517854,44.752688,40.890466
20189,19.415962,18.763058,10.551888,14.536098,27.499422,37.023926,-3.216516,13.915732,27.815616,15.009297,17.62619,-5.27437,46.797393,36.730162
20191,4.963895,12.913412,2.830741,14.899707,12.312934,30.907313,-16.292077,11.074869,25.062045,23.217769,21.667217,-16.734246,35.12526,26.195393
20193,4.229876,6.042189,2.187864,6.614986,18.262464,1.486888,-8.728964,-5.992171,29.347699,7.471935,8.382272,-22.202716,34.734291,-6.787187
20195,4.282521,6.256241,0.655476,5.120625,20.915316,3.358701,-13.00442,-8.194479,28.208874,9.939028,11.927261,-22.147743,36.076941,-7.506716
20197,-15.912681,5.882453,2.563563,8.263991,11.683289,-0.610655,-9.134377,-2.788071,21.754119,1.531066,13.760866,-30.925768,24.233792,-2.131259
20199,4.030883,5.233097,7.980098,12.263483,8.235022,-5.588328,7.431716,2.332275,33.652312,-1.853363,-5.017336,-22.410508,29.659242,-4.067455
20201,-6.309131,2.917531,4.596164,5.992322,7.936733,-0.203755,-12.596247,-8.63416,22.778909,3.950418,13.560688,-20.998543,22.002421,-10.047034
20203,4.10092,5.51786,5.941501,10.275475,11.764215,-3.098181,1.743909,-0.597543,32.137288,1.428708,-0.301297,-22.337375,31.445423,-5.024674
20205,-2.287812,9.551774,2.548187,13.710538,11.05629,24.195469,-2.121655,10.103515,12.674874,13.020833,19.728027,-15.010478,33.711128,11.31953
20207,-8.830894,8.765766,3.691353,11.742948,12.626117,13.412024,-2.952011,6.207486,17.234371,6.764227,16.719933,-21.390295,29.788329,7.089393
20209,-16.109393,7.891413,4.963006,9.554209,14.372385,1.416564,-3.875697,1.873559,22.306338,-0.195597,13.373742,-28.487178,25.424623,2.383805
21001,-9.097684,-2.873585,-6.110496,-10.792406,4.822264,-17.811909,-5.768628,7.548546,-7.229953,-11.937731,-4.844144,-18.549609,-15.055203,7.588071
21003,-12.984206,-1.832507,-7.443888,-5.605453,5.827647,-14.110851,-6.464895,8.958296,-4.002232,-8.58559,-4.683224,-18.494343,-13.555796,9.32402
21005,-18.863435,-7.881292,-5.932512,-16.733435,5.937298,-18.863113,-7.37541,-4.586259,5.6105,-19.633578,-12.820267,-15.219138,-5.746627,0.433853
21007,-17.998341,4.969669,-11.63068,16.001149,5.498833,-0.482749,2.069098,8.313187,9.215489,6.666986,-2.06606,-18.049348,23.355516,5.216229
21009,-9.097684,-2.873585,-6.110496,-10.792406,4.822264,-17.811909,-5.768628,7.548546,-7.229953,-11.937731,-4.844144,-18.549609,-15.055203,7.588071
21011,-17.807337,-7.138791,-4.510665,-19.648616,4.50268,-23.091158,-5.861984,-0.102539,-2.335666,-20.435926,-12.328796,-15.402914,-7.014803,-4.250284
21013,-4.184077,-2.102707,-5.577576,-11.592007,3.517779,-21.421574,-2.310593,5.001696,-10.731289,-7.888746,-3.179175,-13.827378,-13.171823,4.213721
21015,-18.942866,-7.922022,-5.931064,-16.781756,5.946367,-18.871663,-7.388479,-4.684958,5.714939,-19.696173,-12.885141,-15.192049,-5.670916,0.375664
21017,-18.942866,-7.922022,-5.931064,-16.781756,5.946367,-18.871663,-7.388479,-4.684958,5.714939,-19.696173,-12.885141,-15.192049,-5.670916,0.375664
21019,-16.709274,-6.381401,-3.137131,-22.420886,3.106626,-27.171435,-4.385855,4.328686,-10.120649,-21.151272,-11.790808,-15.606822,-8.314349,-8.723603
21021,-9.097684,-2.873585,-6.110496,-10.792406,4.822264,-17.811909,-5.768628,7.548546,-7.229953,-11.937731,-4.844144,-18.549609,-15.055203,7.588071
21023,-18.942866,-7.922022,-5.931064,-16.781756,5.946367,-18.871663,-7.388479,-4.684958,5.714939,-19.696173,-12.885141,-15.192049,-5.670916,0.375664
21025,-2.263336,-1.801368,-5.369256,-11.904573,3.007853,-22.832602,-0.958838,4.006126,-12.09997,-6.305986,-2.528334,-11.981446,-12.435605,2.894678
21027,-20.705883,-0.289441,-9.294149,2.378994,7.266067,-7.129976,-8.129301,9.333423,3.039322,-4.526067,-4.652408,-19.020326,-8.978302,11.393006
21029,-17.201622,-7.029143,-5.962799,-15.722465,5.747555,-18.684232,-7.101988,-2.521309,3.425473,-18.323995,-11.46299,-15.785876,-7.330644,1.651269
21031,-21.316567,0.399473,-10.302561,5.514917,7.983099,-6.176109,-7.957628,11.980674,2.917716,-1.398896,-4.338224,-18.375857,-10.341202,13.04574
21033,-21.316567,0.399473,-10.302561,5.514917,7.983099,-6.176109,-7.957628,11.980674,2.917716,-1.398896,-4.338224,-18.375857,-10.341202,13.04574
21035,-21.316567,0.399473,-10.302561,5.514917,7.983099,-6.176109,-7.957628,11.980674,2.917716,-1.398896,-4.338224,-18.375857,-10.341202,13.04574
21037,-18.942866,-7.922022,-5.931064,-16.781756,5.946367,-18.871663,-7.388479,-4.684958,5.714939,-19.696173,-12.885141,-15.192049,-5.670916,0.375664
21039,-17.998341,4.969669,-11.63068,16.001149,5.498833,-0.482749,2.069098,8.313187,9.215489,6.666986,-2.06606,-18.049348,23.355516,5.216229
21041,-18.942866,-7.922022,-5.931064,-16.781756,5.946367,-18.871663,-7.388479,-4.684958,5.714939,-19.696173,-12.885141,-15.192049,-5.670916,0.375664
21043,-16.709274,-6.381401,-3.137131,-22.420886,3.106626,-27.171435,-4.385855,4.328686,-10.120649,-21.151272,-11.790808,-15.606822,-8.314349,-8.723603
21045,-9.097684,-2.873585,-6.110496,-10.792406,4.822264,-17.811909,-5.768628,7.548546,-7.229953,-11.937731,-4.844144,-18.549609,-15.055203,7.588071
21047,-21.316567,0.399473,-10.302561,5.514917,7.983099,-6.176109,-7.957628,11.980674,2.917716,-1.398896,-4.338224,-18.375857,-10.341202,13.04574
21049,-17.619532,-7.24344,-5.955182,-15.976702,5.795271,-18.729217,-7.170748,-3.0406,3.97496,-18.653327,-11.804316,-15.643353,-6.932298,1.345115
21051,-4.893549,-2.214013,-5.654524,-11.476553,3.706133,-20.900377,-2.809896,5.369434,-10.225734,-8.473375,-3.419579,-14.509218,-13.443763,4.700941
21053,-9.097684,-2.873585,-6.110496,-10.792406,4.822264,-17.811909,-5.768628,7.548546,-7.229953,-11.937731,-4.844144,-18.549609,-15.055203,7.588071
21055,-21.316567,0.399473,-10.302561,5.514917,7.983099,-6.176109,-7.957628,11.980674,2.917716,-1.398896,-4.338224,-18.375857,-10.341202,13.04574
21057,-9.097684,-2.873585,-6.110496,-10.792406,4.822264,-17.811909,-5.768628,7.548546,-7.229953,-11.937731,-4.844144,-18.549609,-15.055203,7.588071
21059,-21.352844,0.35372,-10.230651,5.318267,7.933452,-6.180877,-7.993806,11.737696,3.014237,-1.642191,-4.367227,-18.442474,-10.158419,12.916232
21061,-14.651312,-1.385941,-8.01584,-3.380533,6.258901,-12.523299,-6.763555,9.563001,-2.617716,-7.147705,-4.614198,-18.470637,-12.912633,10.068647
21063,-16.709274,-6.381401,-3.137131,-22.420886,3.106626,-27.171435,-4.385855,4.328686,-10.120649,-21.151272,-11.790808,-15.606822,-8.314349,-8.723603
21065,-9.057513,-2.867283,-6.106139,-10.798943,4.811599,-17.841419,-5.740358,7.527725,-7.258577,-11.904629,-4.830533,-18.511003,-15.039806,7.560485
21067,-18.589819,-7.740986,-5.937499,-16.566979,5.906057,-18.833661,-7.330391,-4.246266,5.250737,-19.417956,-12.596792,-15.312451,-6.007435,0.6343
21069,-17.418004,-6.870248,-4.02366,-20.631561,4.007691,-24.537874,-5.338603,1.46861,-5.095934,-20.689562,-12.138045,-15.475212,-7.475574,-5.836358
21071,-2.263336,-1.801368,-5.369256,-11.904573,3.007853,-22.832602,-0.958838,4.006126,-12.09997,-6.305986,-2.528334,-11.981446,-12.435605,2.894678
21073,-18.942866,-7.922022,-5.931064,-16.781756,5.946367,-18.871663,-7.388479,-4.684958,5.714939,-19.696173,-12.885141,-15.192049,-5.670916,0.375664
21075,-17.998341,4.969669,-11.63068,16.001149,5.498833,-0.482749,2.069098,8.313187,9.215489,6.666986,-2.06606,-18.049348,23.355516,5.216229
21077,-18.942866,-7.922022,-5.931064,-16.781756,5.946367,-18.871663,-7.388479,-4.684958,5.714939,-19.696173,-12.885141,-15.192049,-5.670916,0.375664
21079,-9.097684,-2.873585,-6.110496,-10.792406,4.822264,-17.811909,-5.768628,7.548546,-7.229953,-11.937731,-4.844144,-18.549609,-15.055203,7.588071
21081,-18.942866,-7.922022,-5.931064,-16.781756,5.946367,-18.871663,-7.388479,-4.684958,5.714939,-19.696173,-12.885141,-15.192049,-5.670916,0.375664
21083,-20.653455,1.312777,-10.567971,7.610478,7.486645,-5.038352,-5.953895,11.247766,4.176258,0.212984,-3.884157,-18.310608,-3.607275,11.481097
21085,-17.392212,-0.65174,-8.95619,0.277473,6.96793,-9.913194,-7.254584,10.557201,-0.341424,-4.783667,-4.500711,-18.431661,-11.855204,11.292894
21087,-9.097684,-2.873585,-6.110496,-10.792406,4.822264,-17.811909,-5.768628,7.548546,-7.229953,-11.937731,-4.844144,-18.549609,-15.055203,7.588071
21089,-16.709274,-6.381401,-3.137131,-22.420886,3.106626,-27.171435,-4.385855,4.328686,-10.120649,-21.151272,-11.790808,-15.606822,-8.314349,-8.723603
21091,-22.0085,-0.473176,-8.930999,1.764155,7.036169,-6.267044,-8.647665,7.346307,4.758685,-6.03932,-4.891405,-19.646466,-6.854938,10.575595
21093,-9.865377,-3.231162,-6.113205,-11.169629,4.916597,-17.845554,-5.895614,6.66882,-6.242942,-12.466417,-5.431488,-18.302904,-14.349674,7.080179
21095,-2.263336,-1.801368,-5.369256,-11.904573,3.007853,-22.832602,-0.958838,4.006126,-12.09997,-6.305986,-2.528334,-11.981446,-12.435605,2.894678
21097,-18.942866,-7.922022,-5.931064,-16.781756,5.946367,-18.871663,-7.388479,-4.684958,5.714939,-19.696173,-12.885141,-15.192049,-5.670916,0.375664
21099,-9.097684,-2.873585,-6.110496,-10.792406,4.822264,-17.811909,-5.768628,7.548546,-7.229953,-11.937731,-4.844144,-18.549609,-15.055203,7.588071
21101,-21.570342,0.079417,-9.799522,4.139276,7.6358,-6.20946,-8.210708,10.280959,3.592916,-3.100832,-4.541111,-18.841869,-9.062569,12.139782
21103,-18.942866,-7.922022,-5.931064,-16.781756,5.946367,-18.871663,-7.388479,-4.684958,5.714939,-19.696173,-12.885141,-15.192049,-5.670916,0.375664
21105,-17.998341,4.969669,-11.63068,16.001149,5.498833,-0.482749,2.069098,8.313187,9.215489,6.666986,-2.06606,-18.049348,23.355516,5.216229
21107,-21.316567,0.399473,-10.302561,5.514917,7.983099,-6.176109,-7.957628,11.980674,2.917716,-1.398896,-4.338224,-18.375857,-10.341202,13.04574
21109,-9.097684,-2.873585,-6.110496,-10.792406,4.822264,-17.811909,-5.768628,7.548546,-7.229953,-11.937731,-4.844144,-18.549609,-15.055203,7.588071
21111,-18.942866,-7.922022,-5.931064,-16.781756,5.946367,-18.871663,-7.388479,-4.684958,5.714939,-19.696173,-12.885141,-15.192049,-5.670916,0.375664
21113,-12.782574,-4.763132,-6.043338,-13.034122,5.242997,-18.208558,-6.374912,2.969746,-2.384892,-14.841589,-7.853758,-17.292929,-11.542818,4.888585
21115,-6.007891,-2.988566,-4.790663,-14.630524,3.033456,-23.957278,-1.847161,4.089737,-11.586907,-10.154057,-4.929275,-12.921185,-11.367328,-0.116915
21117,-18.942866,-7.922022,-5.931064,-16.781756,5.946367,-18.871663,-7.388479,-4.684958,5.714939,-19.696173,-12.885141,-15.192049,-5.670916,0.375664
21119,-2.263336,-1.801368,-5.369256,-11.904573,3.007853,-22.832602,-0.958838,4.006126,-12.09997,-6.305986,-2.528334,-11.981446,-12.435605,2.894678
21121,-7.712599,-2.656284,-5.960273,-11.017804,4.454546,-18.829429,-4.793851,6.83062,-8.216936,-10.796372,-4.37481,-17.21847,-14.524302,6.636883
21123,-9.097684,-2.873585,-6.110496,-10.792406,4.822264,-17.811909,-5.768628,7.548546,-7.229953,-11.937731,-4.844144,-18.549609,-15.055203,7.588071
21125,-9.097684,-2.873585,-6.110496,-10.792406,4.822264,-17.811909,-5.768628,7.548546,-7.229953,-11.937731,-4.844144,-18.549609,-15.055203,7.588071
21127,-16.617658,-6.352355,-3.151287,-22.354192,3.106,-27.143918,-4.364121,4.32664,-10.133202,-21.057124,-11.732066,-15.58383,-8.340486,-8.649921
21129,-4.921122,-2.218339,-5.657515,-11.472066,3.713453,-20.880121,-2.829301,5.383726,-10.206086,-8.496097,-3.428922,-14.535717,-13.454332,4.719876
21131,-2.263336,-1.801368,-5.369256,-11.904573,3.007853,-22.832602,-0.958838,4.006126,-12.09997,-6.305986,-2.528334,-11.981446,-12.435605,2.894678
21133,-2.263336,-1.801368,-5.369256,-11.904573,3.007853,-22.832602,-0.958838,4.006126,-12.09997,-6.305986,-2.528334,-11.981446,-12.435605,2.894678
21135,-16.709274,-6.381401,-3.137131,-22.420886,3.106626,-27.171435,-4.385855,4.328686,-10.120649,-21.151272,-11.790808,-15.606822,-8.314349,-8.723603
21137,-9.097684,-2.873585,-6.110496,-10.792406,4.822264,-17.811909,-5.768628,7.548546,-7.229953,-11.937731,-4.844144,-18.549609,-15.055203,7.588071
21139,-21.316567,0.399473,-10.302561,5.514917,7.983099,-6.176109,-7.957628,11.980674,2.917716,-1.398896,-4.338224,-18.375857,-10.341202,13.04574
21141,-21.316567,0.399473,-10.302561,5.514917,7.983099,-6.176109,-7.957628,11.980674,2.917716,-1.398896,-4.338224,-18.375857,-10.341202,13.04574
21143,-21.316567,0.399473,-10.302561,5.514917,7.983099,-6.176109,-7.957628,11.980674,2.917716,-1.398896,-4.338224,-18.375857,-10.341202,13.04574
21145,-19.942516,2.291955,-10.852524,9.857184,6.954384,-3.818533,-3.805639,10.461996,5.525575,1.941123,-3.397339,-18.240652,3.612346,9.803601
21147,-9.097684,-2.873585,-6.110496,-10.792406,4.822264,-17.811909,-5.768628,7.548546,-7.229953,-11.937731,-4.844144,-18.549609,-15.055203,7.588071
21149,-21.316567,0.399473,-10.302561,5.514917,7.983099,-6.176109,-7.957628,11.980674,2.917716,-1.398896,-4.338224,-18.375857,-10.341202,13.04574
21151,-9.170477,-2.910912,-6.10917,-10.83669,4.830575,-17.819745,-5.780605,7.458094,-7.134241,-11.995095,-4.903598,-18.524784,-14.985818,7.534744
21153,-2.263336,-1.801368,-5.369256,-11.904573,3.007853,-22.832602,-0.958838,4.006126,-12.09997,-6.305986,-2.528334,-11.981446,-12.435605,2.894678
21155,-9.097684,-2.873585,-6.110496,-10.792406,4.822264,-17.811909,-5.768628,7.548546,-7.229953,-11.937731,-4.844144,-18.549609,-15.055203,7.588071
21157,-21.316567,0.399473,-10.302561,5.514917,7.983099,-6.176109,-7.957628,11.980674,2.917716,-1.398896,-4.338224,-18.375857,-10.341202,13.04574
21159,-3.844346,-2.302622,-5.124965,-13.055512,3.018663,-23.307457,-1.333902,4.041428,-11.883347,-7.930702,-3.542049,-12.378219,-11.984562,1.623136
21161,-18.442729,-7.577053,-5.305458,-18.044447,5.310504,-20.730114,-6.716144,-2.66666,2.169099,-20.021993,-12.640103,-15.284923,-6.262822,-1.661806
21163,-18.79795,-4.445502,-5.851352,-11.247353,5.182717,-13.220253,-8.295684,-1.520107,4.316383,-16.830216,-8.166422,-19.217071,-4.654324,3.872789
21165,-13.456461,-5.378291,-3.74601,-19.806961,3.180004,-25.890765,-3.6979,3.949221,-10.040603,-17.681572,-9.693727,-14.757472,-9.174421,-5.73864
21167,-10.515545,-3.600639,-6.084655,-11.654967,4.984152,-17.96453,-6.001912,5.786729,-5.365684,-13.055069,-6.002175,-18.066067,-13.703718,6.549371
21169,-9.097684,-2.873585,-6.110496,-10.792406,4.822264,-17.811909,-5.768628,7.548546,-7.229953,-11.937731,-4.844144,-18.549609,-15.055203,7.588071
21171,-9.097684,-2.873585,-6.110496,-10.792406,4.822264,-17.811909,-5.768628,7.548546,-7.229953,-11.937731,-4.844144,-18.549609,-15.055203,7.588071
21173,-18.942866,-7.922022,-5.931064,-16.781756,5.946367,-18.871663,-7.388479,-4.684958,5.714939,-19.696173,-12.885141,-15.192049,-5.670916,0.375664
21175,-11.47075,-4.720546,-3.946565,-18.60736,3.070808,-25.598046,-3.143117,4.211716,-10.838409,-15.767933,-8.431961,-14.292153,-9.808839,-4.510471
21177,-21.316567,0.399473,-10.302561,5.514917,7.983099,-6.176109,-7.957628,11.980674,2.917716,-1.398896,-4.338224,-18.375857,-10.341202,13.04574
21179,-11.380378,-4.044111,-6.068893,-12.181091,5.082897,-18.057623,-6.144205,4.712097,-4.228562,-13.736596,-6.708522,-17.771128,-12.879371,5.915809
21181,-18.942866,-7.922022,-5.931064,-16.781756,5.946367,-18.871663,-7.388479,-4.684958,5.714939,-19.696173,-12.885141,-15.192049,-5.670916,0.375664
21183,-21.316567,0.399473,-10.302561,5.514917,7.983099,-6.176109,-7.957628,11.980674,2.917716,-1.398896,-4.338224,-18.375857,-10.341202,13.04574
21185,-18.942866,-7.922022,-5.931064,-16.781756,5.946367,-18.871663,-7.388479,-4.684958,5.714939,-19.696173,-12.885141,-15.192049,-5.670916,0.375664
21187,-18.942866,-7.922022,-5.931064,-16.781756,5.946367,-18.871663,-7.388479,-4.684958,5.714939,-19.696173,-12.885141,-15.192049,-5.670916,0.375664
21189,-4.009801,-2.075365,-5.558675,-11.620367,3.471511,-21.549602,-2.187943,4.911364,-10.855475,-7.745135,-3.120122,-13.659889,-13.105023,4.094039
21191,-18.942866,-7.922022,-5.931064,-16.781756,5.946367,-18.871663,-7.388479,-4.684958,5.714939,-19.696173,-12.885141,-15.192049,-5.670916,0.375664
21193,-2.263336,-1.801368,-5.369256,-11.904573,3.007853,-22.832602,-0.958838,4.006126,-12.09997,-6.305986,-2.528334,-11.981446,-12.435605,2.894678
21195,-2.263336,-1.801368,-5.369256,-11.904573,3.007853,-22.832602,-0.958838,4.006126,-12.09997,-6.305986,-2.528334,-11.981446,-12.435605,2.894678
21197,-8.276382,-3.09096,-5.8981,-11.676399,4.456954,-19.234892,-4.665954,5.409885,-7.229614,-11.226019,-5.030792,-16.493537,-13.4402,5.642974
21199,-9.097684,-2.873585,-6.110496,-10.792406,4.822264,-17.811909,-5.768628,7.548546,-7.229953,-11.937731,-4.844144,-18.549609,-15.055203,7.588071
21201,-18.942866,-7.922022,-5.931064,-16.781756,5.946367,-18.871663,-7.388479,-4.684958,5.714939,-19.696173,-12.885141,-15.192049,-5.670916,0.375664
21203,-9.097684,-2.873585,-6.110496,-10.792406,4.822264,-17.811909,-5.768628,7.548546,-7.229953,-11.937731,-4.844144,-18.549609,-15.055203,7.588071
21205,-16.709274,-6.381401,-3.137131,-22.420886,3.106626,-27.171435,-4.385855,4.328686,-10.120649,-21.151272,-11.790808,-15.606822,-8.314349,-8.723603
21207,-9.097684,-2.873585,-6.110496,-10.792406,4.822264,-17.811909,-5.768628,7.548546,-7.229953,-11.937731,-4.844144,-18.549609,-15.055203,7.588071
21209,-18.942866,-7.922022,-5.931064,-16.781756,5.946367,-18.871663,-7.388479,-4.684958,5.714939,-19.696173,-12.885141,-15.192049,-5.670916,0.375664
21211,-18.942866,-7.922022,-5.931064,-16.781756,5.946367,-18.871663,-7.388479,-4.684958,5.714939,-19.696173,-12.885141,-15.192049,-5.670916,0.375664
21213,-21.316567,0.399473,-10.302561,5.514917,7.983099,-6.176109,-7.957628,11.980674,2.917716,-1.398896,-4.338224,-18.375857,-10.341202,13.04574
21215,-18.942866,-7.922022,-5.931064,-16.781756,5.946367,-18.871663,-7.388479,-4.684958,5.714939,-19.696173,-12.885141,-15.192049,-5.670916,0.375664
21217,-9.097684,-2.873585,-6.110496,-10.792406,4.822264,-17.811909,-5.768628,7.548546,-7.229953,-11.937731,-4.844144,-18.549609,-15.055203,7.588071
21219,-21.316567,0.399473,-10.302561,5.514917,7.983099,-6.176109,-7.957628,11.980674,2.917716,-1.398896,-4.338224,-18.375857,-10.341202,13.04574
21221,-21.316567,0.399473,-10.302561,5.514917,7.983099,-6.176109,-7.957628,11.980674,2.917716,-1.398896,-4.338224,-18.375857,-10.341202,13.04574
21223,-18.942866,-7.922022,-5.931064,-16.781756,5.946367,-18.871663,-7.388479,-4.684958,5.714939,-19.696173,-12.885141,-15.192049,-5.670916,0.375664
21225,-21.317657,0.398098,-10.3004,5.509009,7.981608,-6.176252,-7.958715,11.973374,2.920616,-1.406205,-4.339096,-18.377858,-10.33571,13.04185
21227,-19.785215,-0.010729,-9.777183,3.471175,7.586962,-7.634384,-7.683288,11.42521,1.645943,-2.719693,-4.401629,-18.397633,-10.931992,12.361749
21229,-9.164618,-2.907908,-6.109276,-10.833126,4.829906,-17.819114,-5.779641,7.465374,-7.141944,-11.990479,-4.898813,-18.526782,-14.991402,7.539036
21231,-9.097684,-2.873585,-6.110496,-10.792406,4.822264,-17.811909,-5.768628,7.548546,-7.229953,-11.937731,-4.844144,-18.549609,-15.055203,7.588071
21233,-21.316567,0.399473,-10.302561,5.514917,7.983099,-6.176109,-7.957628,11.980674,2.917716,-1.398896,-4.338224,-18.375857,-10.341202,13.04574
21235,-9.097684,-2.873585,-6.110496,-10.792406,4.822264,-17.811909,-5.768628,7.548546,-7.229953,-11.937731,-4.844144,-18.549609,-15.055203,7.588071
21237,-2.263336,-1.801368,-5.369256,-11.904573,3.007853,-22.832602,-0.958838,4.006126,-12.09997,-6.305986,-2.528334,-11.981446,-12.435605,2.894678
21239,-18.44229,-7.665336,-5.940187,-16.47723,5.889212,-18.81778,-7.306118,-4.062949,5.05676,-19.301697,-12.476299,-15.362763,-6.148057,0.742377
22001,0.730366,42.214874,-5.014723,45.132676,31.820558,19.237639,2.218065,6.350105,23.555028,12.149613,38.884571,10.157214,24.982075,40.51143
22003,10.319867,43.896181,2.819939,45.78782,44.883952,27.260219,8.910894,20.458242,24.387821,7.666675,44.522621,16.823228,35.205061,50.101135
22005,-14.408919,38.437238,-4.509283,46.561633,17.317513,14.213074,3.047724,-2.011729,35.73716,5.292117,26.122613,13.307115,6.762498,38.303981
22007,-14.215462,38.594373,-4.942132,48.461075,16.104674,13.94765,3.236329,-2.409907,36.194495,6.58137,27.244562,13.321867,6.181077,38.160717
22009,10.319867,43.896181,2.819939,45.78782,44.883952,27.260219,8.910894,20.458242,24.387821,7.666675,44.522621,16.823228,35.205061,50.101135
22011,10.319867,43.896181,2.819939,45.78782,44.883952,27.260219,8.910894,20.458242,24.387821,7.666675,44.522621,16.823228,35.205061,50.101135
22013,16.223434,51.788356,21.045743,47.341518,57.848032,44.83882,26.379631,24.760826,26.716546,48.429782,49.494321,19.419745,42.182776,9.273154
22015,17.125399,52.122613,22.938734,46.689795,58.540415,47.636545,28.307519,24.366322,26.035431,54.451385,50.154498,19.29738,43.565377,4.860042
22017,17.834932,45.927439,17.790327,39.566785,49.504788,50.601168,24.259238,16.227013,17.784702,57.750069,49.929824,15.373557,46.986115,14.90246
22019,-2.302031,41.687331,-7.485696,44.911011,27.674354,16.704634,0.095402,1.857643,23.273809,13.679934,37.101143,8.04705,21.749961,37.404778
22021,11.327654,45.24344,5.931233,46.053049,47.097026,30.26103,11.89295,21.192728,24.785353,14.625272,45.371331,17.266475,36.396214,43.131464
22023,-5.745936,40.507705,-10.457371,44.097748,22.18151,13.183813,-2.734369,-4.210011,22.069778,17.213858,34.652744,5.200094,18.056536,32.396355
22025,10.319867,43.896181,2.819939,45.78782,44.883952,27.260219,8.910894,20.458242,24.387821,7.666675,44.522621,16.823228,35.205061,50.101135
22027,17.037377,52.876474,23.558591,47.555732,59.63543,47.262436,28.7881,25.354037,27.037614,54.049918,50.179784,19.777735,43.144816,3.644074
22029,10.319867,43.896181,2.819939,45.78782,44.883952,27.260219,8.910894,20.458242,24.387821,7.666675,44.522621,16.823228,35.205061,50.101135
22031,13.417573,45.707414,8.047094,42.824992,46.089853,32.569196,11.406087,17.703776,20.840005,34.266046,46.398751,17.992589,38.926834,33.095215
22033,-15.407954,36.625312,1.756957,19.423847,36.319922,18.669321,0.421405,4.801168,28.004716,-12.429185,11.5966,12.914317,17.108984,40.767707
22035,9.317243,44.625554,20.947228,40.111252,53.539804,32.32867,20.069274,23.431032,23.430605,42.513569,38.956235,16.624577,27.308615,5.274487
22037,-15.961916,36.467699,1.738436,18.838109,36.148909,18.487661,0.237022,4.469183,28.077144,-12.873611,10.878477,12.829984,16.726995,40.568699
22039,10.319867,43.896181,2.819939,45.78782,44.883952,27.260219,8.910894,20.458242,24.387821,7.666675,44.522621,16.823228,35.205061,50.101135
22041,12.307262,46.553028,8.955531,46.310862,49.248221,33.177935,14.791625,21.906677,25.17177,21.389297,46.19631,17.697328,37.554061,36.356674
22043,10.319867,43.896181,2.819939,45.78782,44.883952,27.260219,8.910894,20.458242,24.387821,7.666675,44.522621,16.823228,35.205061,50.101135
22045,-6.821476,40.885616,-11.120631,44.639397,21.557175,12.957337,-2.992979,-4.691315,22.971788,15.614584,34.429682,4.978246,16.916419,33.025031
22047,-4.222583,41.018022,-5.118064,45.983731,26.68793,17.417676,2.377105,3.314479,27.489445,10.357979,34.970761,11.012839,18.872659,39.575214
22049,15.555419,50.895321,18.983412,47.16571,56.381089,42.849722,24.402965,24.273969,26.45304,43.817253,48.931751,19.125938,41.393217,13.893023
22051,-14.239426,38.586947,-4.922107,48.473462,16.087002,13.95086,3.256518,-2.402513,36.23735,6.552094,27.221275,13.348909,6.146283,38.177362
22053,-0.013331,42.084483,-5.622327,45.081868,30.807449,18.615461,1.699015,5.255973,23.490443,12.49728,38.447321,9.640242,24.189249,39.767717
22055,-4.984253,41.212942,-9.68359,44.74226,24.035761,14.456786,-1.770356,-2.05728,23.058747,14.821106,35.524718,6.184771,18.889947,34.79669
22057,-14.239426,38.586947,-4.922107,48.473462,16.087002,13.95086,3.256518,-2.402513,36.23735,6.552094,27.221275,13.348909,6.146283,38.177362
22059,10.319867,43.896181,2.819939,45.78782,44.883952,27.260219,8.910894,20.458242,24.387821,7.666675,44.522621,16.823228,35.205061,50.101135
22061,17.037377,52.876474,23.558591,47.555732,59.63543,47.262436,28.7881,25.354037,27.037614,54.049918,50.179784,19.777735,43.144816,3.644074
22063,-16.451434,36.633134,0.465542,23.522722,32.146052,17.372944,0.531611,2.697498,29.709513,-9.891505,12.88294,12.803475,14.188326,39.829842
22065,9.685367,45.290165,20.728485,40.559675,53.777663,33.509181,20.498619,23.297396,23.859335,42.439579,39.66427,16.872854,28.752592,6.094586
22067,17.037377,52.876474,23.558591,47.555732,59.63543,47.262436,28.7881,25.354037,27.037614,54.049918,50.179784,19.777735,43.144816,3.644074
22069,10.319867,43.896181,2.819939,45.78782,44.883952,27.260219,8.910894,20.458242,24.387821,7.666675,44.522621,16.823228,35.205061,50.101135
22071,-14.239426,38.586947,-4.922107,48.473462,16.087002,13.95086,3.256518,-2.402513,36.23735,6.552094,27.221275,13.348909,6.146283,38.177362
22073,17.037377,52.876474,23.558591,47.555732,59.63543,47.262436,28.7881,25.354037,27.037614,54.049918,50.179784,19.777735,43.144816,3.644074
22075,-14.239426,38.586947,-4.922107,48.473462,16.087002,13.95086,3.256518,-2.402513,36.23735,6.552094,27.221275,13.348909,6.146283,38.177362
22077,10.319867,43.896181,2.819939,45.78782,44.883952,27.260219,8.910894,20.458242,24.387821,7.666675,44.522621,16.823228,35.205061,50.101135
22079,10.319867,43.896181,2.819939,45.78782,44.883952,27.260219,8.910894,20.458242,24.387821,7.666675,44.522621,16.823228,35.205061,50.101135
22081,11.007893,44.815968,4.944049,45.968894,46.394839,29.308902,10.946772,20.959683,24.65922,12.417376,45.102043,17.125837,36.018273,45.342874
22083,16.725305,52.459281,22.595147,47.473601,58.950129,46.333204,27.864675,25.126595,26.914514,51.895115,49.916973,19.640479,42.775963,5.802305
22085,10.844006,44.17566,3.544379,45.163966,44.902156,27.876232,8.992145,19.810434,23.619961,12.551641,44.805335,17.086013,35.791318,47.248941
22087,-14.239426,38.586947,-4.922107,48.473462,16.087002,13.95086,3.256518,-2.402513,36.23735,6.552094,27.221275,13.348909,6.146283,38.177362
22089,-14.239426,38.586947,-4.922107,48.473462,16.087002,13.95086,3.256518,-2.402513,36.23735,6.552094,27.221275,13.348909,6.146283,38.177362
22091,-16.95723,36.186376,1.697479,17.8175,35.818106,18.155436,-0.091465,3.863663,28.216861,-13.651489,9.604344,12.678757,16.027214,40.207698
22093,-14.239426,38.586947,-4.922107,48.473462,16.087002,13.95086,3.256518,-2.402513,36.23735,6.552094,27.221275,13.348909,6.146283,38.177362
22095,-14.239426,38.586947,-4.922107,48.473462,16.087002,13.95086,3.256518,-2.402513,36.23735,6.552094,27.221275,13.348909,6.146283,38.177362
22097,10.304001,43.8934,2.806977,45.786736,44.862339,27.246946,8.899821,20.4349,24.386443,7.674092,44.513293,16.8122,35.188147,50.085269
22099,-4.481152,41.198155,-8.007537,45.224567,25.199405,15.620591,-0.240091,0.045225,24.537799,13.292906,35.526717,7.930373,19.130935,36.596955
22101,-7.659628,40.62589,-10.420261,45.072607,20.939101,13.069595,-2.28685,-4.432704,24.47066,14.590616,33.615206,5.924045,15.699504,33.607191
22103,-16.120634,36.925322,-0.340167,27.25404,29.744463,16.86118,0.939114,1.934804,30.685734,-7.432408,15.027201,12.885043,12.985659,39.582718
22105,-16.808501,36.317745,1.335228,19.495119,34.738339,17.925345,0.09175,3.520753,28.655775,-12.545867,10.568414,12.71543,15.48649,40.09659
22107,3.839425,42.009054,2.977393,39.032639,42.908064,25.067834,6.977495,16.642314,25.207596,3.420329,36.101776,15.811073,30.3303,46.696983
22109,-14.094183,38.631955,-5.043473,48.398391,16.194108,13.931407,3.134153,-2.447327,35.977612,6.729536,27.362415,13.185012,6.357161,38.076479
22111,17.037377,52.876474,23.558591,47.555732,59.63543,47.262436,28.7881,25.354037,27.037614,54.049918,50.179784,19.777735,43.144816,3.644074
22113,-6.782762,40.897613,-11.15298,44.619388,21.585723,12.952152,-3.025595,-4.70326,22.902557,15.66188,34.467302,4.934561,16.972627,32.998142
22115,10.319867,43.896181,2.819939,45.78782,44.883952,27.260219,8.910894,20.458242,24.387821,7.666675,44.522621,16.823228,35.205061,50.101135
22117,-16.95723,36.186376,1.697479,17.8175,35.818106,18.155436,-0.091465,3.863663,28.216861,-13.651489,9.604344,12.678757,16.027214,40.207698
22119,17.037377,52.876474,23.558591,47.555732,59.63543,47.262436,28.7881,25.354037,27.037614,54.049918,50.179784,19.777735,43.144816,3.644074
22121,5.196533,42.448084,2.609112,40.534281,43.181155,25.550109,7.220022,17.341357,25.107012,3.662581,37.964079,16.044791,31.602973,48.242895
22123,17.037377,52.876474,23.558591,47.555732,59.63543,47.262436,28.7881,25.354037,27.037614,54.049918,50.179784,19.777735,43.144816,3.644074
22125,8.152907,43.283696,2.730768,43.565789,44.163739,26.536913,8.195724,19.139928,24.692009,5.973108,41.748627,16.493981,33.681526,49.315176
22127,10.319867,43.896181,2.819939,45.78782,44.883952,27.260219,8.910894,20.458242,24.387821,7.666675,44.522621,16.823228,35.205061,50.101135
23001,-13.254137,-6.238215,-18.708039,-16.988429,-0.418787,19.046279,-3.466657,8.195351,-4.730195,-27.301018,-7.255675,4.469032,-13.751973,-9.783561
23003,-10.102857,-22.818254,-13.21942,-28.521777,-6.124248,9.376272,-26.305122,2.266655,-10.791225,-29.14583,-16.328853,-2.199366,-1.596176,-15.193745
23005,-13.246327,-5.820921,-18.77189,-16.802819,-0.242446,18.763256,-3.422211,8.196795,-4.486571,-26.905015,-6.787374,4.324718,-13.670018,-9.757111
23007,-12.983703,-6.99595,-18.18824,-17.505513,-0.517526,18.804261,-4.509348,8.060251,-4.96442,-27.153555,-7.626103,3.977724,-13.135061,-9.693336
23009,-18.618313,-12.793927,-22.707644,-18.724069,-5.05763,15.095801,-9.849275,-1.931634,-2.881922,-32.715298,-9.05386,-1.040317,-12.161302,-23.051106
23011,-13.254137,-6.238215,-18.708039,-16.988429,-0.418787,19.046279,-3.466657,8.195351,-4.730195,-27.301018,-7.255675,4.469032,-13.751973,-9.783561
23013,-13.447018,-6.473941,-18.851854,-17.050838,-0.585588,18.90423,-3.696159,7.831211,-4.663736,-27.495701,-7.320333,4.270931,-13.694777,-10.260627
23015,-13.254137,-6.238215,-18.708039,-16.988429,-0.418787,19.046279,-3.466657,8.195351,-4.730195,-27.301018,-7.255675,4.469032,-13.751973,-9.783561
23017,-13.254137,-6.238215,-18.708039,-16.988429,-0.418787,19.046279,-3.466657,8.195351,-4.730195,-27.301018,-7.255675,4.469032,-13.751973,-9.783561
23019,-14.152091,-15.404682,-18.395606,-22.316279,-4.710824,13.341653,-15.091949,1.886069,-6.645959,-30.423383,-11.729009,0.157304,-8.247667,-17.314838
23021,-9.24315,-17.476696,-10.998551,-24.65766,-1.883245,15.456746,-18.931517,6.191593,-8.204143,-25.1139,-12.749739,-2.817901,-4.602134,-8.445378
23023,-13.254137,-6.238215,-18.708039,-16.988429,-0.418787,19.046279,-3.466657,8.195351,-4.730195,-27.301018,-7.255675,4.469032,-13.751973,-9.783561
23025,-10.497683,-13.96159,-13.409879,-22.258923,-1.425201,16.579459,-14.094509,6.818316,-7.117582,-25.797974,-11.031338,-0.538737,-7.463967,-8.863927
23027,-13.254137,-6.238215,-18.708039,-16.988429,-0.418787,19.046279,-3.466657,8.195351,-4.730195,-27.301018,-7.255675,4.469032,-13.751973,-9.783561
23029,-18.028481,-14.287649,-22.108497,-19.960067,-5.596316,14.004305,-12.079974,-2.07057,-3.790178,-32.830963,-10.061505,-1.179785,-10.893087,-23.131224
23031,-13.022669,6.130166,-20.600554,-11.487039,4.807887,10.657603,-2.149316,8.238168,2.490712,-15.563683,6.624537,0.191627,-11.322877,-8.999601
24001,-3.643292,5.141235,-1.930625,4.856015,5.875357,-6.053585,2.892351,15.351761,-1.003639,-6.63794,3.324754,2.804612,-4.898657,-11.107397
24003,-0.763736,8.537683,-0.602988,12.983437,10.381418,0.628397,6.646871,22.256448,-2.044367,-0.977624,6.524927,7.785195,-5.361413,-8.840325
24005,-0.763736,8.537683,-0.602988,12.983437,10.381418,0.628397,6.646871,22.256448,-2.044367,-0.977624,6.524927,7.785195,-5.361413,-8.840325
24009,-0.763736,8.537683,-0.602988,12.983437,10.381418,0.628397,6.646871,22.256448,-2.044367,-0.977624,6.524927,7.785195,-5.361413,-8.840325
24011,3.234563,21.028142,13.378198,33.644648,11.941143,18.638663,25.422996,40.413718,3.516267,13.076086,18.138388,11.72226,-2.003712,-0.177649
24013,-0.763736,8.537683,-0.602988,12.983437,10.381418,0.628397,6.646871,22.256448,-2.044367,-0.977624,6.524927,7.785195,-5.361413,-8.840325
24015,3.234563,21.028142,13.378198,33.644648,11.941143,18.638663,25.422996,40.413718,3.516267,13.076086,18.138388,11.72226,-2.003712,-0.177649
24017,-0.763736,8.537683,-0.602988,12.983437,10.381418,0.628397,6.646871,22.256448,-2.044367,-0.977624,6.524927,7.785195,-5.361413,-8.840325
24019,3.011553,20.331471,12.598379,32.492243,11.854147,17.634118,24.375734,39.400973,3.206116,12.292222,17.490632,11.502665,-2.190992,-0.66082
24021,-0.763736,8.537683,-0.602988,12.983437,10.381418,0.628397,6.646871,22.256448,-2.044367,-0.977624,6.524927,7.785195,-5.361413,-8.840325
24023,-7.797702,0.241092,-3.84604,-6.869626,-0.625652,-15.693853,-2.524392,5.390191,0.497848,-14.804223,-1.292217,-4.381004,-4.231026,-14.378161
24025,0.536891,12.600766,3.945021,19.704425,10.888788,6.487045,12.75465,28.162916,-0.235521,3.593977,10.302727,9.065902,-4.26917,-6.0224
24027,-0.763736,8.537683,-0.602988,12.983437,10.381418,0.628397,6.646871,22.256448,-2.044367,-0.977624,6.524927,7.785195,-5.361413,-8.840325
24029,3.179745,20.856892,13.18651,33.361374,11.919758,18.391734,25.165567,40.164774,3.440029,12.883403,17.979162,11.668281,-2.049748,-0.296418
24031,-0.763736,8.537683,-0.602988,12.983437,10.381418,0.628397,6.646871,22.256448,-2.044367,-0.977624,6.524927,7.785195,-5.361413,-8.840325
24033,-0.763736,8.537683,-0.602988,12.983437,10.381418,0.628397,6.646871,22.256448,-2.044367,-0.977624,6.524927,7.785195,-5.361413,-8.840325
24035,2.872249,19.896295,12.111266,31.772393,11.799805,17.006628,23.721561,38.768362,3.01238,11.802582,17.086012,11.365495,-2.307977,-0.962634
24037,-0.763736,8.537683,-0.602988,12.983437,10.381418,0.628397,6.646871,22.256448,-2.044367,-0.977624,6.524927,7.785195,-5.361413,-8.840325
24039,3.234563,21.028142,13.378198,33.644648,11.941143,18.638663,25.422996,40.413718,3.516267,13.076086,18.138388,11.72226,-2.003712,-0.177649
24041,2.793315,19.649709,11.83525,31.364501,11.769013,16.651071,23.350884,38.409902,2.902602,11.525135,16.856739,11.28777,-2.374264,-1.133652
24043,-0.763736,8.537683,-0.602988,12.983437,10.381418,0.628397,6.646871,22.256448,-2.044367,-0.977624,6.524927,7.785195,-5.361413,-8.840325
24045,3.234563,21.028142,13.378198,33.644648,11.941143,18.638663,25.422996,40.413718,3.516267,13.076086,18.138388,11.72226,-2.003712,-0.177649
24047,3.234563,21.028142,13.378198,33.644648,11.941143,18.638663,25.422996,40.413718,3.516267,13.076086,18.138388,11.72226,-2.003712,-0.177649
24510,-0.763736,8.537683,-0.602988,12.983437,10.381418,0.628397,6.646871,22.256448,-2.044367,-0.977624,6.524927,7.785195,-5.361413,-8.840325
25001,-12.716381,11.309366,-21.769412,-5.234741,1.345714,5.833335,-4.708194,7.794006,9.705192,-1.179396,18.608584,-1.234148,-7.041257,-7.093048
25003,-4.283557,-0.446708,-19.525511,-5.086983,-0.81042,16.488739,9.989442,25.690548,9.346226,-13.275935,8.5556,2.769043,0.820216,-4.709856
25005,-11.447856,9.579741,-21.350649,-6.055729,2.325562,7.719659,-1.706996,10.686582,8.764888,-5.099987,15.766707,-0.728005,-6.531722,-7.070772
25007,-12.420764,10.643704,-22.221393,0.279551,-7.250738,4.354868,-9.356192,7.111737,15.48325,12.122992,26.943298,-0.466302,-2.368368,-4.812817
25009,-12.912528,11.755022,-21.461189,-8.980005,7.183297,6.843379,-1.543158,8.267251,5.780498,-10.221121,12.94206,-1.753472,-10.210791,-8.640485
25011,-4.283557,-0.446708,-19.525511,-5.086983,-0.81042,16.488739,9.989442,25.690548,9.346226,-13.275935,8.5556,2.769043,0.820216,-4.709856
25013,-4.283557,-0.446708,-19.525511,-5.086983,-0.81042,16.488739,9.989442,25.690548,9.346226,-13.275935,8.5556,2.769043,0.820216,-4.709856
25015,-4.283557,-0.446708,-19.525511,-5.086983,-0.81042,16.488739,9.989442,25.690548,9.346226,-13.275935,8.5556,2.769043,0.820216,-4.709856
25017,-6.30786,2.415743,-19.979609,-6.000262,1.064857,14.225997,7.283965,21.60315,8.509728,-12.559295,9.584636,1.708089,-1.767591,-5.631957
25019,-12.420764,10.643704,-22.221393,0.279551,-7.250738,4.354868,-9.356192,7.111737,15.48325,12.122992,26.943298,-0.466302,-2.368368,-4.812817
25021,-9.037529,6.275609,-20.591937,-7.231771,3.59357,11.174807,3.63577,16.091506,7.381754,-11.592942,10.972239,0.277447,-5.257113,-6.875363
25023,-12.906894,11.738357,-21.478129,-8.788475,6.885773,6.786145,-1.71275,8.233701,5.981472,-9.752236,13.237205,-1.728993,-10.052741,-8.562562
25025,-12.917277,11.761736,-21.462254,-8.982147,7.187696,6.838071,-1.549504,8.257663,5.778535,-10.21944,12.944474,-1.755961,-10.216862,-8.642648
25027,-4.283557,-0.446708,-19.525511,-5.086983,-0.81042,16.488739,9.989442,25.690548,9.346226,-13.275935,8.5556,2.769043,0.820216,-4.709856
26001,-14.917737,0.044048,1.421778,2.011509,-5.081499,14.720961,-14.497891,15.474581,12.866491,12.225554,-6.14483,-2.084699,-0.509835,6.725827
26003,5.971222,2.819689,16.72191,1.735815,-5.958778,14.111077,-9.16605,12.526447,6.668407,12.865158,-4.747299,2.214822,1.285142,14.195484
26005,-19.883544,-5.255987,-3.148291,3.657354,2.878165,7.439507,-18.333871,-1.479537,15.990253,1.925065,1.129417,-4.339788,18.858218,8.216991
26007,-14.862833,0.07189,1.518135,2.165894,-5.100695,14.79786,-14.532298,15.256049,12.976885,12.075416,-6.197076,-1.984236,-0.236167,6.717411
26009,-13.564776,0.73013,3.796268,5.815956,-5.554538,16.615956,-15.345777,10.089391,15.586891,8.525767,-7.432309,0.390983,6.234053,6.518433
26011,-13.948726,0.53543,3.122422,4.736309,-5.420297,16.078184,-15.105159,11.61763,14.814881,9.575713,-7.066941,-0.31158,4.320235,6.577288
26013,6.279887,3.592408,16.246715,3.212086,-5.538034,13.28699,-10.335241,10.330495,4.741398,10.99171,-6.502501,2.503872,0.242409,12.760082
26015,-19.903916,-5.269836,-3.185093,3.636679,2.862114,7.44403,-18.351728,-1.500028,15.955354,1.900808,1.139864,-4.34676,18.821341,8.210527
26017,-14.992653,-0.375962,2.369737,5.292225,-4.077355,14.655827,-15.758732,7.959442,15.459923,7.164118,-6.026762,-0.363414,8.434891,6.764443
26019,-13.556728,0.708075,3.796492,5.833094,-5.56866,16.611163,-15.362384,10.07441,15.586543,8.534969,-7.475124,0.376826,6.26208,6.495283
26021,-12.912145,-0.516647,9.445944,10.732587,8.371213,5.891413,-12.222863,5.532782,27.933092,10.226359,-2.445799,-1.954044,31.477936,10.429166
26023,-19.903916,-5.269836,-3.185093,3.636679,2.862114,7.44403,-18.351728,-1.500028,15.955354,1.900808,1.139864,-4.34676,18.821341,8.210527
26025,-19.903916,-5.269836,-3.185093,3.636679,2.862114,7.44403,-18.351728,-1.500028,15.955354,1.900808,1.139864,-4.34676,18.821341,8.210527
26027,-19.903916,-5.269836,-3.185093,3.636679,2.862114,7.44403,-18.351728,-1.500028,15.955354,1.900808,1.139864,-4.34676,18.821341,8.210527
26029,-10.47937,0.614225,6.247246,4.242755,-5.87587,16.693279,-13.606099,11.82129,15.255075,10.381813,-5.924587,0.522152,6.033907,8.669332
26031,-5.457211,0.425564,10.236739,1.682033,-6.398906,16.819137,-10.774401,14.640326,14.714974,13.402924,-3.470446,0.735659,5.708128,12.17038
26033,4.05452,-0.608177,17.777984,-4.057554,-8.180409,16.165886,-5.610603,20.118463,13.200975,19.382695,1.341336,0.721114,4.863746,19.100803
26035,-13.564776,0.73013,3.796268,5.815956,-5.554538,16.615956,-15.345777,10.089391,15.586891,8.525767,-7.432309,0.390983,6.234053,6.518433
26037,-19.903916,-5.269836,-3.185093,3.636679,2.862114,7.44403,-18.351728,-1.500028,15.955354,1.900808,1.139864,-4.34676,18.821341,8.210527
26039,-13.564776,0.73013,3.796268,5.815956,-5.554538,16.615956,-15.345777,10.089391,15.586891,8.525767,-7.432309,0.390983,6.234053,6.518433
26041,6.279887,3.592408,16.246715,3.212086,-5.538034,13.28699,-10.335241,10.330495,4.741398,10.99171,-6.502501,2.503872,0.242409,12.760082
26043,6.279887,3.592408,16.246715,3.212086,-5.538034,13.28699,-10.335241,10.330495,4.741398,10.99171,-6.502501,2.503872,0.242409,12.760082
26045,-19.903916,-5.269836,-3.185093,3.636679,2.862114,7.44403,-18.351728,-1.500028,15.955354,1.900808,1.139864,-4.34676,18.821341,8.210527
26047,-1.914224,0.292469,13.051211,-0.124482,-6.767892,16.907927,-8.77672,16.629074,14.333948,15.534231,-1.739121,0.886282,5.478299,14.640269
26049,-21.908961,-3.674768,-3.0109,3.280403,-0.358873,6.096934,-15.751556,0.030031,13.645832,0.486129,-3.805583,-0.847506,15.71107,6.779642
26051,-13.564776,0.73013,3.796268,5.815956,-5.554538,16.615956,-15.345777,10.089391,15.586891,8.525767,-7.432309,0.390983,6.234053,6.518433
26053,1.631124,5.667346,9.255418,1.744494,-14.647646,8.427957,-16.315071,4.629455,-9.097554,3.922586,-13.490611,3.91725,-2.32446,1.555948
26055,-13.564776,0.73013,3.796268,5.815956,-5.554538,16.615956,-15.345777,10.089391,15.586891,8.525767,-7.432309,0.390983,6.234053,6.518433
26057,-19.903916,-5.269836,-3.185093,3.636679,2.862114,7.44403,-18.351728,-1.500028,15.955354,1.900808,1.139864,-4.34676,18.821341,8.210527
26059,-19.903916,-5.269836,-3.185093,3.636679,2.862114,7.44403,-18.351728,-1.500028,15.955354,1.900808,1.139864,-4.34676,18.821341,8.210527
26061,4.280377,4.484873,13.239643,2.58085,-9.456228,11.19704,-12.907264,7.878384,-1.210963,7.951164,-9.508202,3.111789,-0.861644,7.941
26063,-15.3315,-0.16577,0.69561,0.84803,-4.936834,14.141432,-14.238589,17.121485,12.034536,13.357026,-5.751091,-2.841815,-2.572257,6.789252
26065,-19.903916,-5.269836,-3.185093,3.636679,2.862114,7.44403,-18.351728,-1.500028,15.955354,1.900808,1.139864,-4.34676,18.821341,8.210527
26067,-19.903916,-5.269836,-3.185093,3.636679,2.862114,7.44403,-18.351728,-1.500028,15.955354,1.900808,1.139864,-4.34676,18.821341,8.210527
26069,-14.833199,0.086917,1.570144,2.249224,-5.111056,14.839367,-14.550869,15.138097,13.03647,11.994379,-6.225276,-1.930011,-0.088455,6.712868
26071,5.151504,4.096053,14.549735,2.855861,-7.749188,12.107569,-11.78671,8.946696,1.382303,9.275839,-8.198707,2.846937,-0.380641,10.040531
26073,-15.61508,-1.210473,1.538246,5.1111,-2.832292,13.649427,-16.318009,6.340958,15.706065,6.383018,-4.659762,-1.141373,10.305232,7.065717
26075,-19.903916,-5.269836,-3.185093,3.636679,2.862114,7.44403,-18.351728,-1.500028,15.955354,1.900808,1.139864,-4.34676,18.821341,8.210527
26077,-19.903916,-5.269836,-3.185093,3.636679,2.862114,7.44403,-18.351728,-1.500028,15.955354,1.900808,1.139864,-4.34676,18.821341,8.210527
26079,-13.564776,0.73013,3.796268,5.815956,-5.554538,16.615956,-15.345777,10.089391,15.586891,8.525767,-7.432309,0.390983,6.234053,6.518433
26081,-19.903916,-5.269836,-3.185093,3.636679,2.862114,7.44403,-18.351728,-1.500028,15.955354,1.900808,1.139864,-4.34676,18.821341,8.210527
26083,12.680702,4.671439,16.975195,2.22958,-3.849906,6.617226,-0.394085,7.953891,-3.294044,22.020636,2.8002,9.04345,7.360574,7.625717
26085,-13.564776,0.73013,3.796268,5.815956,-5.554538,16.615956,-15.345777,10.089391,15.586891,8.525767,-7.432309,0.390983,6.234053,6.518433
26087,-23.369904,-2.512548,-2.883976,3.020808,-2.705791,5.115395,-13.856985,1.144882,11.963038,-0.544653,-7.409,1.702168,13.444822,5.737052
26089,-13.514122,0.728228,3.836506,5.790128,-5.559814,16.617226,-15.317216,10.117824,15.581444,8.556238,-7.407557,0.393136,6.230767,6.553744
26091,-19.903916,-5.269836,-3.185093,3.636679,2.862114,7.44403,-18.351728,-1.500028,15.955354,1.900808,1.139864,-4.34676,18.821341,8.210527
26093,-20.443397,-4.840664,-3.138225,3.540819,1.995469,7.081578,-17.652121,-1.088347,15.33395,1.520172,-0.190767,-3.405244,17.984486,7.825531
26095,4.860067,0.037988,18.43256,-3.578589,-7.473405,17.077696,-4.957099,20.431617,13.605415,19.60935,1.571221,1.174277,5.038862,19.362765
26097,4.860067,0.037988,18.43256,-3.578589,-7.473405,17.077696,-4.957099,20.431617,13.605415,19.60935,1.571221,1.174277,5.038862,19.362765
26099,-23.369904,-2.512548,-2.883976,3.020808,-2.705791,5.115395,-13.856985,1.144882,11.963038,-0.544653,-7.409,1.702168,13.444822,5.737052
26101,-13.340072,0.11432,3.802523,6.294498,-5.94885,16.482123,-15.80947,9.671115,15.577176,8.782712,-8.627754,-0.004293,7.016605,5.872055
26103,6.279887,3.592408,16.246715,3.212086,-5.538034,13.28699,-10.335241,10.330495,4.741398,10.99171,-6.502501,2.503872,0.242409,12.760082
26105,-12.287107,-2.771376,3.831836,8.536953,-7.796599,15.854978,-17.982338,7.711072,15.531653,9.98676,-14.22962,-1.856559,10.683652,2.84312
26107,-15.613364,-1.208849,1.540136,5.11169,-2.834571,13.651911,-16.317195,6.344097,15.705966,6.384812,-4.662083,-1.14009,10.301823,7.065258
26109,0.455456,0.258174,12.074123,5.931052,-7.060786,13.894132,-13.808283,8.639832,8.359699,11.149162,-11.41561,0.270784,5.273024,8.169153
26111,-15.496691,-1.098419,1.668629,5.1518,-2.989481,13.820721,-16.26187,6.557401,15.699184,6.506745,-4.819855,-1.052891,10.070153,7.034115
26113,-13.564776,0.73013,3.796268,5.815956,-5.554538,16.615956,-15.345777,10.089391,15.586891,8.525767,-7.432309,0.390983,6.234053,6.518433
26115,-23.21947,-2.632222,-2.897045,3.047539,-2.464128,5.216464,-14.05207,1.030085,12.136316,-0.438513,-7.037955,1.439627,13.678178,5.844408
26117,-19.903916,-5.269836,-3.185093,3.636679,2.862114,7.44403,-18.351728,-1.500028,15.955354,1.900808,1.139864,-4.34676,18.821341,8.210527
26119,-13.564776,0.73013,3.796268,5.815956,-5.554538,16.615956,-15.345777,10.089391,15.586891,8.525767,-7.432309,0.390983,6.234053,6.518433
26121,-17.688518,-3.76375,0.817151,5.885074,4.607716,6.952071,-16.409748,0.728374,19.750596,4.538825,0.003718,-3.588609,22.831684,8.913521
26123,-17.042832,-2.561834,-0.034152,4.620266,-0.936626,11.583653,-16.995033,3.730697,15.789054,4.890892,-2.729068,-2.208445,13.140242,7.446824
26125,-23.369904,-2.512548,-2.883976,3.020808,-2.705791,5.115395,-13.856985,1.144882,11.963038,-0.544653,-7.409,1.702168,13.444822,5.737052
26127,-13.341588,-2.908896,3.885661,8.425355,-3.652096,12.931708,-17.168124,5.959964,17.770483,9.032488,-10.48978,-2.335492,15.690779,4.686077
26129,-13.564776,0.73013,3.796268,5.815956,-5.554538,16.615956,-15.345777,10.089391,15.586891,8.525767,-7.432309,0.390983,6.234053,6.518433
26131,1.631124,5.667346,9.255418,1.744494,-14.647646,8.427957,-16.315071,4.629455,-9.097554,3.922586,-13.490611,3.91725,-2.32446,1.555948
26133,-13.564776,0.73013,3.796268,5.815956,-5.554538,16.615956,-15.345777,10.089391,15.586891,8.525767,-7.432309,0.390983,6.234053,6.518433
26135,-13.564776,0.73013,3.796268,5.815956,-5.554538,16.615956,-15.345777,10.089391,15.586891,8.525767,-7.432309,0.390983,6.234053,6.518433
26137,-13.564776,0.73013,3.796268,5.815956,-5.554538,16.615956,-15.345777,10.089391,15.586891,8.525767,-7.432309,0.390983,6.234053,6.518433
26139,-19.880337,-5.253807,-3.142498,3.660609,2.880692,7.438794,-18.33106,-1.476311,15.995747,1.928884,1.127772,-4.338691,18.864023,8.218009
26141,-12.120651,0.426682,4.503921,3.559787,-5.59262,16.022785,-13.986819,12.977929,14.462426,10.920871,-6.067657,-0.365371,3.830123,7.914248
26143,-13.564776,0.73013,3.796268,5.815956,-5.554538,16.615956,-15.345777,10.089391,15.586891,8.525767,-7.432309,0.390983,6.234053,6.518433
26145,-20.104406,-5.110341,-3.167675,3.601054,2.540038,7.30933,-18.091729,-1.347033,15.724419,1.75935,0.645355,-3.996859,18.510336,8.067449
26147,-23.369904,-2.512548,-2.883976,3.020808,-2.705791,5.115395,-13.856985,1.144882,11.963038,-0.544653,-7.409,1.702168,13.444822,5.737052
26149,-19.903916,-5.269836,-3.185093,3.636679,2.862114,7.44403,-18.351728,-1.500028,15.955354,1.900808,1.139864,-4.34676,18.821341,8.210527
26151,-21.822803,-2.060878,-2.195036,2.602627,-3.135186,6.852579,-13.93043,4.219798,11.976799,2.130916,-7.089913,0.827616,10.362116,5.939562
26153,5.465909,1.554671,17.499852,-0.680985,-6.647576,15.460188,-7.25197,16.121434,9.823109,15.932174,-1.873863,1.74162,2.992199,16.545378
26155,-19.903916,-5.269836,-3.185093,3.636679,2.862114,7.44403,-18.351728,-1.500028,15.955354,1.900808,1.139864,-4.34676,18.821341,8.210527
26157,-21.628673,-2.004203,-2.108587,2.550154,-3.189066,7.070561,-13.939646,4.605639,11.978525,2.466646,-7.049874,0.717877,9.975297,5.964973
26159,-19.417134,-4.938909,-2.305695,4.130711,3.245668,7.335934,-17.925024,-1.010389,16.789269,2.48045,0.890223,-4.180174,19.702519,8.364993
26161,-21.116035,-4.305562,-3.079787,3.421298,0.914916,6.629664,-16.779835,-0.575055,14.559169,1.045586,-1.849829,-2.23134,16.941075,7.345508
26163,-23.369904,-2.512548,-2.883976,3.020808,-2.705791,5.115395,-13.856985,1.144882,11.963038,-0.544653,-7.409,1.702168,13.444822,5.737052
26165,-13.564776,0.73013,3.796268,5.815956,-5.554538,16.615956,-15.345777,10.089391,15.586891,8.525767,-7.432309,0.390983,6.234053,6.518433
27001,0.719545,4.660129,-1.462533,3.330202,-5.132252,23.448691,-15.506457,7.286147,-6.07017,2.325236,-11.963272,7.200936,6.189109,-4.728131
27003,-2.442017,-2.862527,1.628075,16.949323,3.717956,20.508483,-19.389641,-5.068212,8.102992,14.563661,-8.85308,3.245611,22.225932,0.75516
27005,8.267304,18.244222,2.734841,11.540174,-0.516438,28.773924,-6.406747,13.864408,-2.022358,9.294103,-3.865598,17.396886,11.398209,0.981846
27007,20.939285,14.766349,14.408144,-1.310741,12.666422,25.768664,11.489192,13.343346,3.189276,14.393648,1.35007,18.427018,10.593745,10.551411
27009,8.267304,18.244222,2.734841,11.540174,-0.516438,28.773924,-6.406747,13.864408,-2.022358,9.294103,-3.865598,17.396886,11.398209,0.981846
27011,14.470756,10.472414,10.672927,19.1498,3.485155,31.534324,-18.917029,0.216005,4.480473,12.342649,2.437337,12.386614,22.171251,-0.688028
27013,13.337231,7.665089,13.943246,26.392204,2.386285,23.305489,-19.193523,0.044502,4.501568,17.976914,-3.810615,13.006217,24.929965,-0.513508
27015,13.337231,7.665089,13.943246,26.392204,2.386285,23.305489,-19.193523,0.044502,4.501568,17.976914,-3.810615,13.006217,24.929965,-0.513508
27017,0.290388,3.887753,-1.701191,2.863393,-5.394702,23.145905,-16.023856,6.912115,-6.300324,1.928994,-12.423697,6.621206,5.892925,-5.052793
27019,7.979541,4.09054,9.76175,23.185966,2.838441,22.355793,-19.260113,-1.69147,5.724397,16.817977,-5.522735,9.692098,24.011837,-0.082744
27021,8.944512,18.05836,3.358677,10.853404,0.188072,28.613319,-5.450365,13.836562,-1.743841,9.566629,-3.586866,17.451938,11.355218,1.493256
27023,13.337231,7.665089,13.943246,26.392204,2.386285,23.305489,-19.193523,0.044502,4.501568,17.976914,-3.810615,13.006217,24.929965,-0.513508
27025,-0.958229,0.803102,-0.179828,9.30019,-1.230523,21.940691,-17.561907,1.437507,0.281508,7.702613,-10.792044,5.078672,13.356562,-2.398753
27027,5.805534,7.587898,4.06259,10.298415,2.312362,29.509438,-17.745514,3.767268,-2.611569,6.560567,0.492842,12.993694,10.552127,-2.918583
27029,17.657457,15.66706,11.384956,2.017428,9.252284,26.546975,6.854446,13.478292,1.839551,13.072952,-0.0007,18.160231,10.802087,8.073055
27031,18.241004,3.227957,18.270781,3.454399,1.428872,13.211963,8.973018,11.208892,-7.359928,24.840388,0.945224,13.707081,8.312852,5.669275
27033,13.337231,7.665089,13.943246,26.392204,2.386285,23.305489,-19.193523,0.044502,4.501568,17.976914,-3.810615,13.006217,24.929965,-0.513508
27035,8.267304,18.244222,2.734841,11.540174,-0.516438,28.773924,-6.406747,13.864408,-2.022358,9.294103,-3.865598,17.396886,11.398209,0.981846
27037,-2.442017,-2.862527,1.628075,16.949323,3.717956,20.508483,-19.389641,-5.068212,8.102992,14.563661,-8.85308,3.245611,22.225932,0.75516
27039,-2.442017,-2.862527,1.628075,16.949323,3.717956,20.508483,-19.389641,-5.068212,8.102992,14.563661,-8.85308,3.245611,22.225932,0.75516
27041,8.267304,18.244222,2.734841,11.540174,-0.516438,28.773924,-6.406747,13.864408,-2.022358,9.294103,-3.865598,17.396886,11.398209,0.981846
27043,7.396377,2.987107,11.00357,19.755356,0.280455,19.591561,-14.7055,-1.30011,8.015802,16.80142,-2.629613,8.003149,25.30362,-0.11896
27045,-2.735854,-3.280945,5.103799,15.834296,4.133813,19.63309,-14.699374,-3.408332,11.611034,16.997607,-2.938069,1.962857,25.325301,2.79146
27047,-2.738253,-3.284361,5.132176,15.825193,4.137208,19.625943,-14.661082,-3.394781,11.639674,17.017478,-2.889778,1.952384,25.350605,2.808084
27049,-2.442017,-2.862527,1.628075,16.949323,3.717956,20.508483,-19.389641,-5.068212,8.102992,14.563661,-8.85308,3.245611,22.225932,0.75516
27051,8.211901,18.004395,2.764722,11.512227,-0.452774,28.790477,-6.661933,13.637166,-2.035618,9.232583,-3.767509,17.29779,11.379168,0.894064
27053,-2.167935,-2.679665,1.841986,17.113343,3.694825,20.557066,-19.386235,-4.979405,8.040436,14.622948,-8.765493,3.41515,22.272901,0.733124
27055,-2.821398,-3.252941,5.212238,15.795466,4.211408,19.663927,-14.603089,-3.321245,11.860533,17.035497,-2.680403,1.871528,25.497803,2.893716
27057,9.160871,17.998979,3.557985,10.633989,0.413154,28.562008,-5.144812,13.827665,-1.654858,9.653698,-3.497815,17.469526,11.341482,1.656645
27059,-0.307955,2.409576,-0.972148,5.947932,-3.39921,22.568362,-16.760896,4.288661,-3.146284,4.695736,-11.641803,5.882017,9.46953,-3.780967
27061,16.472486,8.260557,10.049548,-0.124925,4.928156,23.264711,4.310445,13.836812,-1.704632,12.942294,-3.828323,14.722219,9.684872,3.275629
27063,9.49021,4.288107,12.214701,20.590281,-0.492953,19.604229,-14.737531,-0.866358,7.260397,16.764257,-2.581733,9.260795,25.292721,-0.716217
27065,0.290388,3.887753,-1.701191,2.863393,-5.394702,23.145905,-16.023856,6.912115,-6.300324,1.928994,-12.423697,6.621206,5.892925,-5.052793
27067,13.337231,7.665089,13.943246,26.392204,2.386285,23.305489,-19.193523,0.044502,4.501568,17.976914,-3.810615,13.006217,24.929965,-0.513508
27069,10.568368,9.742209,9.975438,-0.653189,4.325985,29.025281,2.58961,4.059094,3.331237,12.410134,9.910147,16.133153,2.052469,8.434112
27071,22.350021,10.399848,14.548095,-1.568517,9.520814,23.56837,11.976102,15.836805,0.52659,16.613884,-0.352117,17.718032,10.932372,7.096483
27073,17.07811,10.639981,14.359169,25.456675,3.304539,28.59534,-19.022501,-0.717301,6.978131,16.93122,0.205491,12.612174,27.455771,0.310028
27075,17.820385,4.438968,12.256059,0.349008,2.438131,19.513103,5.862319,14.554226,-4.528128,17.037815,-3.640701,13.991474,9.456815,2.002202
27077,20.61064,14.176922,13.842569,-1.099991,12.40054,25.204069,10.70984,12.400241,3.076632,14.491807,1.433912,18.095687,10.845535,10.677535
27079,4.42478,1.71887,6.987379,21.058666,3.138441,21.725681,-19.304295,-2.843266,6.535728,16.049037,-6.658705,7.493221,23.402671,0.203063
27081,18.544572,11.806169,14.522215,25.089939,3.664503,30.669016,-18.955458,-1.015936,7.948969,16.521298,1.779845,12.457705,28.445913,0.632863
27083,13.337231,7.665089,13.943246,26.392204,2.386285,23.305489,-19.193523,0.044502,4.501568,17.976914,-3.810615,13.006217,24.929965,-0.513508
27085,13.337231,7.665089,13.943246,26.392204,2.386285,23.305489,-19.193523,0.044502,4.501568,17.976914,-3.810615,13.006217,24.929965,-0.513508
27087,13.024522,16.938586,7.117143,6.715782,4.43257,27.645712,0.311608,13.668795,-0.065846,11.208535,-1.907572,17.78361,11.096203,4.574378
27089,14.964954,11.872114,11.854614,-0.931948,7.861781,27.644689,6.362447,7.995005,3.271054,13.251013,6.281238,17.105601,5.673407,9.331707
27091,9.493987,4.291423,12.216398,20.595978,-0.490126,19.607864,-14.741906,-0.865464,7.257688,16.765448,-2.58294,9.264473,25.292365,-0.716018
27093,13.337231,7.665089,13.943246,26.392204,2.386285,23.305489,-19.193523,0.044502,4.501568,17.976914,-3.810615,13.006217,24.929965,-0.513508
27095,1.127185,5.393781,-1.235841,3.773608,-4.88296,23.736297,-15.014998,7.641427,-5.851555,2.701612,-11.525932,7.7516,6.470443,-4.419745
27097,8.267304,18.244222,2.734841,11.540174,-0.516438,28.773924,-6.406747,13.864408,-2.022358,9.294103,-3.865598,17.396886,11.398209,0.981846
27099,-2.741791,-3.289399,5.174027,15.811767,4.142216,19.615402,-14.604607,-3.374794,11.681914,17.046785,-2.818556,1.936939,25.387924,2.832603
27101,13.337231,7.665089,13.943246,26.392204,2.386285,23.305489,-19.193523,0.044502,4.501568,17.976914,-3.810615,13.006217,24.929965,-0.513508
27103,13.337231,7.665089,13.943246,26.392204,2.386285,23.305489,-19.193523,0.044502,4.501568,17.976914,-3.810615,13.006217,24.929965,-0.513508
27105,9.499978,4.296682,12.21909,20.605014,-0.485642,19.613628,-14.748846,-0.864045,7.253392,16.767336,-2.584854,9.270306,25.2918,-0.715702
27107,8.744294,9.78227,6.582841,6.18958,3.5646,28.974075,-8.244355,5.580768,-0.315289,9.196581,2.933476,14.77394,8.150767,1.921611
27109,-2.442017,-2.862527,1.628075,16.949323,3.717956,20.508483,-19.389641,-5.068212,8.102992,14.563661,-8.85308,3.245611,22.225932,0.75516
27111,8.212694,18.00783,2.764294,11.512627,-0.453686,28.79024,-6.658278,13.640421,-2.035428,9.233464,-3.768914,17.299209,11.379441,0.895321
27113,18.154332,13.417192,13.217808,-1.134165,10.426723,26.643179,9.099343,10.8502,3.227397,13.861005,3.64875,17.811035,8.300114,9.982842
27115,0.290388,3.887753,-1.701191,2.863393,-5.394702,23.145905,-16.023856,6.912115,-6.300324,1.928994,-12.423697,6.621206,5.892925,-5.052793
27117,18.312603,11.621699,14.496424,25.14795,3.607563,30.340997,-18.966063,-0.968697,7.795399,16.58614,1.53081,12.48214,28.28929,0.581796
27119,14.131541,11.468371,11.498399,-0.879106,7.191539,27.906393,5.647271,7.248917,3.282463,13.091617,6.969131,16.921264,4.987025,9.16156
27121,9.16317,16.374868,4.715388,14.164557,-0.003521,27.807641,-8.666196,11.422403,-0.869567,10.828373,-3.855883,16.621046,13.789298,0.717614
27123,-2.442017,-2.862527,1.628075,16.949323,3.717956,20.508483,-19.389641,-5.068212,8.102992,14.563661,-8.85308,3.245611,22.225932,0.75516
27125,18.174248,13.426841,13.226321,-1.135428,10.442741,26.636925,9.116434,10.868029,3.227125,13.864815,3.632311,17.81544,8.316517,9.986908
27127,13.337231,7.665089,13.943246,26.392204,2.386285,23.305489,-19.193523,0.044502,4.501568,17.976914,-3.810615,13.006217,24.929965,-0.513508
27129,13.337231,7.665089,13.943246,26.392204,2.386285,23.305489,-19.193523,0.044502,4.501568,17.976914,-3.810615,13.006217,24.929965,-0.513508
27131,-2.442017,-2.862527,1.628075,16.949323,3.717956,20.508483,-19.389641,-5.068212,8.102992,14.563661,-8.85308,3.245611,22.225932,0.75516
27133,15.74164,9.417524,13.807714,20.550155,1.285845,25.948015,-14.282502,-1.25759,9.804931,14.795544,2.27462,10.675748,28.462637,0.963361
27135,19.619997,14.127227,13.844258,-1.227094,11.605432,26.182939,10.357073,12.162293,3.207335,14.141325,2.439,18.135214,9.507206,10.282068
27137,15.413958,4.726022,8.757193,-0.155575,1.722952,21.746868,2.18383,14.488412,-3.969712,12.967914,-6.023538,13.153369,9.360249,0.067997
27139,-0.742186,-1.728432,2.954735,17.966564,3.574501,20.809792,-19.368514,-4.517441,7.715026,14.931356,-8.309877,4.297079,22.517226,0.618492
27141,4.879545,6.257477,4.700702,15.987445,0.916472,23.723415,-15.583889,2.852925,2.416772,12.240285,-6.799217,9.90992,17.761879,-0.412755
27143,13.337231,7.665089,13.943246,26.392204,2.386285,23.305489,-19.193523,0.044502,4.501568,17.976914,-3.810615,13.006217,24.929965,-0.513508
27145,9.86706,14.906101,6.271521,16.226557,0.399482,27.048424,-10.441464,9.5037,0.03619,12.033862,-3.848249,16.011462,15.667996,0.510004
27147,-2.442017,-2.862527,1.628075,16.949323,3.717956,20.508483,-19.389641,-5.068212,8.102992,14.563661,-8.85308,3.245611,22.225932,0.75516
27149,9.150904,16.332984,4.717197,14.15413,0.007565,27.812669,-8.710235,11.384026,-0.874334,10.813699,-3.837279,16.603747,13.781017,0.701464
27151,13.337231,7.665089,13.943246,26.392204,2.386285,23.305489,-19.193523,0.044502,4.501568,17.976914,-3.810615,13.006217,24.929965,-0.513508
27153,8.267304,18.244222,2.734841,11.540174,-0.516438,28.773924,-6.406747,13.864408,-2.022358,9.294103,-3.865598,17.396886,11.398209,0.981846
27155,5.497026,6.252454,4.228982,10.142799,2.666865,29.601612,-19.166482,2.501901,-2.685409,6.218002,1.03904,12.441888,10.446096,-3.407382
27157,-2.442017,-2.862527,1.628075,16.949323,3.717956,20.508483,-19.389641,-5.068212,8.102992,14.563661,-8.85308,3.245611,22.225932,0.75516
27159,8.267304,18.244222,2.734841,11.540174,-0.516438,28.773924,-6.406747,13.864408,-2.022358,9.294103,-3.865598,17.396886,11.398209,0.981846
27161,-1.65354,-2.336471,2.243454,17.421176,3.651414,20.648247,-19.379841,-4.812734,7.923032,14.734219,-8.601112,3.73334,22.361051,0.691766
27163,-2.442017,-2.862527,1.628075,16.949323,3.717956,20.508483,-19.389641,-5.068212,8.102992,14.563661,-8.85308,3.245611,22.225932,0.75516
27165,13.337231,7.665089,13.943246,26.392204,2.386285,23.305489,-19.193523,0.044502,4.501568,17.976914,-3.810615,13.006217,24.929965,-0.513508
27167,5.497026,6.252454,4.228982,10.142799,2.666865,29.601612,-19.166482,2.501901,-2.685409,6.218002,1.03904,12.441888,10.446096,-3.407382
27169,-2.442017,-2.862527,1.628075,16.949323,3.717956,20.508483,-19.389641,-5.068212,8.102992,14.563661,-8.85308,3.245611,22.225932,0.75516
27171,11.397883,6.371193,12.42965,25.231627,2.549954,22.961723,-19.217627,-0.583876,4.944201,17.557408,-4.430359,11.80659,24.597626,-0.357582
27173,14.829123,8.8515,14.109119,26.019108,2.752492,25.415124,-19.125318,-0.259311,5.489241,17.559883,-2.20896,12.849069,25.937277,-0.185075
28001,3.980248,39.784487,10.07598,44.842527,47.43849,28.067696,6.272598,18.539276,24.296886,0.334917,36.288659,20.05519,35.203957,48.543719
28003,-4.82442,25.124382,14.421761,22.802197,25.935009,1.720132,8.064689,26.843047,7.920129,21.043894,11.638851,8.301,-4.142932,39.864751
28005,-16.87216,36.323187,10.135953,24.706475,44.596094,20.011017,3.904963,6.318814,28.719078,-12.770978,9.921273,16.121458,23.208552,41.572942
28007,-0.365461,36.635551,20.727778,40.957107,50.998194,21.197876,12.943171,18.778177,18.693173,32.476021,30.149872,17.2149,17.653289,4.037151
28009,1.091124,27.198521,13.79696,30.774679,29.905911,13.853097,14.977919,18.576591,12.028815,27.719138,16.595769,19.452785,20.544916,30.378459
28011,-0.338136,36.458518,20.59776,40.766091,50.602514,21.060092,12.981341,18.774396,18.568153,32.386785,29.895604,17.256881,17.707534,4.531299
28013,-0.219298,35.688585,20.0323,39.935343,48.881671,20.460858,13.147349,18.757949,18.024432,31.998688,28.789774,17.439462,17.943452,6.680391
28015,-0.365461,36.635551,20.727778,40.957107,50.998194,21.197876,12.943171,18.778177,18.693173,32.476021,30.149872,17.2149,17.653289,4.037151
28017,-0.351658,35.893045,20.862164,40.09442,49.99711,19.918651,12.656397,19.609274,18.446863,32.283008,29.175173,17.062255,16.770512,5.570612
28019,-0.365461,36.635551,20.727778,40.957107,50.998194,21.197876,12.943171,18.778177,18.693173,32.476021,30.149872,17.2149,17.653289,4.037151
28021,-16.859531,36.323426,10.144057,24.718909,44.600993,20.011925,3.911878,6.328347,28.711407,-12.736359,9.936751,16.122295,23.204301,41.544223
28023,-1.76448,32.388757,17.311395,35.819466,36.143127,15.47543,8.145277,26.503365,30.84223,2.840647,17.8349,20.036086,17.241615,38.297908
28025,-0.278836,31.975469,21.571204,35.542756,44.715246,13.169272,11.143339,23.994263,17.147298,31.264643,24.032517,16.25688,12.112849,13.66138
28027,0.84607,28.786193,14.962991,32.487756,33.454446,15.088772,14.635596,18.610505,13.150017,28.519429,18.876092,19.076287,20.058433,25.946836
28029,-16.87216,36.323187,10.135953,24.706475,44.596094,20.011017,3.904963,6.318814,28.719078,-12.770978,9.921273,16.121458,23.208552,41.572942
28031,-16.87216,36.323187,10.135953,24.706475,44.596094,20.011017,3.904963,6.318814,28.719078,-12.770978,9.921273,16.121458,23.208552,41.572942
28033,1.091124,27.198521,13.79696,30.774679,29.905911,13.853097,14.977919,18.576591,12.028815,27.719138,16.595769,19.452785,20.544916,30.378459
28035,-16.87216,36.323187,10.135953,24.706475,44.596094,20.011017,3.904963,6.318814,28.719078,-12.770978,9.921273,16.121458,23.208552,41.572942
28037,-16.87216,36.323187,10.135953,24.706475,44.596094,20.011017,3.904963,6.318814,28.719078,-12.770978,9.921273,16.121458,23.208552,41.572942
28039,0.859622,31.886781,18.337743,38.035115,34.417289,15.097083,8.815461,30.050084,32.010199,4.174152,19.160714,20.975333,16.660244,38.646608
28041,1.749272,31.664195,18.749248,38.703848,33.906592,14.850538,9.061833,31.240743,32.175323,5.024333,19.624281,21.218864,16.331699,38.499787
28043,-0.365461,36.635551,20.727778,40.957107,50.998194,21.197876,12.943171,18.778177,18.693173,32.476021,30.149872,17.2149,17.653289,4.037151
28045,-13.469015,37.80995,8.775509,35.230757,41.024063,17.909962,4.048071,6.538325,32.99523,-4.52611,14.793549,15.450075,22.093404,42.128283
28047,-16.733902,36.383589,10.080683,25.13404,44.450975,19.925659,3.910777,6.327732,28.892803,-12.436017,10.119217,16.094182,23.163247,41.595504
28049,-6.387983,36.521584,16.863317,35.028012,48.662367,20.764847,9.645552,14.232339,22.351156,15.967509,22.769403,16.815954,19.680144,17.732204
28051,-0.365461,36.635551,20.727778,40.957107,50.998194,21.197876,12.943171,18.778177,18.693173,32.476021,30.149872,17.2149,17.653289,4.037151
28053,-0.365461,36.635551,20.727778,40.957107,50.998194,21.197876,12.943171,18.778177,18.693173,32.476021,30.149872,17.2149,17.653289,4.037151
28055,-0.365461,36.635551,20.727778,40.957107,50.998194,21.197876,12.943171,18.778177,18.693173,32.476021,30.149872,17.2149,17.653289,4.037151
28057,-5.25326,24.891026,14.856159,22.144448,25.910545,0.387268,7.339748,27.949987,7.779877,20.694701,11.24172,7.39125,-6.443542,40.377939
28059,1.221467,31.865836,18.446875,38.477603,34.226436,15.020722,8.963578,30.328947,32.161578,4.542917,19.378204,21.114834,16.55249,38.609759
28061,-16.337253,36.333309,10.479186,25.233085,44.803557,20.049478,4.19785,6.722566,28.394184,-11.304727,10.576791,16.156892,23.028531,40.356577
28063,-14.172371,36.771326,10.128188,27.313517,44.964103,21.054126,4.211504,7.901014,28.146531,-11.07414,13.335094,16.630764,24.761613,42.475458
28065,-16.87216,36.323187,10.135953,24.706475,44.596094,20.011017,3.904963,6.318814,28.719078,-12.770978,9.921273,16.121458,23.208552,41.572942
28067,-16.87216,36.323187,10.135953,24.706475,44.596094,20.011017,3.904963,6.318814,28.719078,-12.770978,9.921273,16.121458,23.208552,41.572942
28069,-0.212491,28.406292,22.217187,31.395882,39.90311,7.020131,9.76484,27.989284,15.963306,30.336843,19.347209,15.523129,7.869403,21.032617
28071,1.091124,27.198521,13.79696,30.774679,29.905911,13.853097,14.977919,18.576591,12.028815,27.719138,16.595769,19.452785,20.544916,30.378459
28073,-16.87216,36.323187,10.135953,24.706475,44.596094,20.011017,3.904963,6.318814,28.719078,-12.770978,9.921273,16.121458,23.208552,41.572942
28075,-0.218179,28.712293,22.161804,31.751412,40.315675,7.547324,9.883025,27.646774,16.064815,30.416387,19.748901,15.586037,8.233212,20.400649
28077,-16.87216,36.323187,10.135953,24.706475,44.596094,20.011017,3.904963,6.318814,28.719078,-12.770978,9.921273,16.121458,23.208552,41.572942
28079,-0.365461,36.635551,20.727778,40.957107,50.998194,21.197876,12.943171,18.778177,18.693173,32.476021,30.149872,17.2149,17.653289,4.037151
28081,-3.740824,25.638542,14.735458,24.442727,27.29831,3.804672,9.155384,25.676085,8.943783,22.495146,12.810784,10.277268,0.056423,37.42752
28083,-0.365461,36.635551,20.727778,40.957107,50.998194,21.197876,12.943171,18.778177,18.693173,32.476021,30.149872,17.2149,17.653289,4.037151
28085,-16.87216,36.323187,10.135953,24.706475,44.596094,20.011017,3.904963,6.318814,28.719078,-12.770978,9.921273,16.121458,23.208552,41.572942
28087,-0.146561,24.859534,22.859112,27.275055,35.121199,0.909614,8.395,31.959212,14.786751,29.414871,14.69133,14.793987,3.65261,28.357555
28089,-0.365461,36.635551,20.727778,40.957107,50.998194,21.197876,12.943171,18.778177,18.693173,32.476021,30.149872,17.2149,17.653289,4.037151
28091,-16.87216,36.323187,10.135953,24.706475,44.596094,20.011017,3.904963,6.318814,28.719078,-12.770978,9.921273,16.121458,23.208552,41.572942
28093,1.091124,27.198521,13.79696,30.774679,29.905911,13.853097,14.977919,18.576591,12.028815,27.719138,16.595769,19.452785,20.544916,30.378459
28095,-0.146561,24.859534,22.859112,27.275055,35.121199,0.909614,8.395,31.959212,14.786751,29.414871,14.69133,14.793987,3.65261,28.357555
28097,-0.365461,36.635551,20.727778,40.957107,50.998194,21.197876,12.943171,18.778177,18.693173,32.476021,30.149872,17.2149,17.653289,4.037151
28099,-0.365461,36.635551,20.727778,40.957107,50.998194,21.197876,12.943171,18.778177,18.693173,32.476021,30.149872,17.2149,17.653289,4.037151
28101,-0.365461,36.635551,20.727778,40.957107,50.998194,21.197876,12.943171,18.778177,18.693173,32.476021,30.149872,17.2149,17.653289,4.037151
28103,-0.175064,26.392888,22.581591,29.056593,37.18854,3.551345,8.987216,30.242912,15.295406,29.813463,16.704184,15.109214,5.475636,25.190799
28105,-0.323859,34.397558,21.132831,38.356878,47.980823,17.342158,12.078806,21.28319,17.95077,31.89426,27.212027,16.754813,14.992506,8.659164
28107,1.091124,27.198521,13.79696,30.774679,29.905911,13.853097,14.977919,18.576591,12.028815,27.719138,16.595769,19.452785,20.544916,30.378459
28109,-16.87216,36.323187,10.135953,24.706475,44.596094,20.011017,3.904963,6.318814,28.719078,-12.770978,9.921273,16.121458,23.208552,41.572942
28111,-16.87216,36.323187,10.135953,24.706475,44.596094,20.011017,3.904963,6.318814,28.719078,-12.770978,9.921273,16.121458,23.208552,41.572942
28113,-16.87216,36.323187,10.135953,24.706475,44.596094,20.011017,3.904963,6.318814,28.719078,-12.770978,9.921273,16.121458,23.208552,41.572942
28115,0.942146,28.163728,14.505835,31.816125,32.063202,14.604312,14.769808,18.597209,12.710437,28.205666,17.982065,19.223897,20.249164,27.684304
28117,-5.485871,24.892461,14.491624,21.910748,25.491,0.363475,7.291681,27.767367,7.460713,20.297496,11.08459,7.054055,-6.903422,40.925468
28119,0.946898,28.13294,14.483223,31.782905,31.994389,14.580349,14.776446,18.596551,12.688694,28.190147,17.937845,19.231198,20.258598,27.770243
28121,-7.085941,36.508376,16.41546,34.340882,48.391666,20.714662,9.263386,13.705516,22.775085,14.054316,21.914071,16.76972,19.915039,19.319341
28123,-0.365461,36.635551,20.727778,40.957107,50.998194,21.197876,12.943171,18.778177,18.693173,32.476021,30.149872,17.2149,17.653289,4.037151
28125,-0.365461,36.635551,20.727778,40.957107,50.998194,21.197876,12.943171,18.778177,18.693173,32.476021,30.149872,17.2149,17.653289,4.037151
28127,-16.87216,36.323187,10.135953,24.706475,44.596094,20.011017,3.904963,6.318814,28.719078,-12.770978,9.921273,16.121458,23.208552,41.572942
28129,-16.320494,36.333626,10.48994,25.249584,44.810057,20.050683,4.207027,6.735216,28.384004,-11.258788,10.597329,16.158002,23.022891,40.318467
28131,-16.87216,36.323187,10.135953,24.706475,44.596094,20.011017,3.904963,6.318814,28.719078,-12.770978,9.921273,16.121458,23.208552,41.572942
28133,-0.365461,36.635551,20.727778,40.957107,50.998194,21.197876,12.943171,18.778177,18.693173,32.476021,30.149872,17.2149,17.653289,4.037151
28135,-0.264188,35.97942,20.245897,40.24915,49.531704,20.687213,13.084641,18.764162,18.229818,32.145288,29.207492,17.370494,17.854336,5.868591
28137,1.091124,27.198521,13.79696,30.774679,29.905911,13.853097,14.977919,18.576591,12.028815,27.719138,16.595769,19.452785,20.544916,30.378459
28139,0.804681,27.098087,13.827214,30.388636,29.713632,13.265595,14.643166,18.976869,11.829864,27.395909,16.355745,18.912793,19.349481,30.837805
28141,-5.485871,24.892461,14.491624,21.910748,25.491,0.363475,7.291681,27.767367,7.460713,20.297496,11.08459,7.054055,-6.903422,40.925468
28143,1.091124,27.198521,13.79696,30.774679,29.905911,13.853097,14.977919,18.576591,12.028815,27.719138,16.595769,19.452785,20.544916,30.378459
28145,1.003253,27.167711,13.806241,30.656254,29.846926,13.672872,14.875228,18.699383,11.967784,27.619983,16.522138,19.287134,20.178198,30.519371
28147,-16.87216,36.323187,10.135953,24.706475,44.596094,20.011017,3.904963,6.318814,28.719078,-12.770978,9.921273,16.121458,23.208552,41.572942
28149,-3.876413,36.569112,18.474912,37.50062,49.636476,20.945433,11.020756,16.128088,20.825669,22.852047,25.847277,16.982326,18.834886,12.020961
28151,-0.365461,36.635551,20.727778,40.957107,50.998194,21.197876,12.943171,18.778177,18.693173,32.476021,30.149872,17.2149,17.653289,4.037151
28153,-2.033693,32.610675,16.999448,35.860266,36.078176,15.898896,8.014209,26.177825,31.473183,1.409196,17.653104,20.183321,17.728739,39.124102
28155,-0.365461,36.635551,20.727778,40.957107,50.998194,21.197876,12.943171,18.778177,18.693173,32.476021,30.149872,17.2149,17.653289,4.037151
28157,-0.497793,39.041175,10.088859,40.518324,46.828087,26.33753,5.76415,15.91494,25.246548,-2.479564,30.626281,19.210424,32.627952,47.046749
28159,-0.365461,36.635551,20.727778,40.957107,50.998194,21.197876,12.943171,18.778177,18.693173,32.476021,30.149872,17.2149,17.653289,4.037151
28161,-0.012431,34.348316,19.047969,38.489211,45.886096,19.417735,13.436329,18.729319,17.077945,31.323104,26.864789,17.757292,18.354127,10.421445
28163,-0.365461,36.635551,20.727778,40.957107,50.998194,21.197876,12.943171,18.778177,18.693173,32.476021,30.149872,17.2149,17.653289,4.037151
29001,11.332099,18.817701,25.365179,21.267618,31.333576,37.350103,16.795561,15.171533,36.75951,23.475589,26.945851,1.647247,42.133026,22.835675
29003,0.489817,5.48187,11.111013,13.012806,19.020968,16.00736,13.705172,1.279003,30.00088,10.699631,14.826572,-3.636666,30.900029,1.21668
29005,0.489817,5.48187,11.111013,13.012806,19.020968,16.00736,13.705172,1.279003,30.00088,10.699631,14.826572,-3.636666,30.900029,1.21668
29007,-13.013828,10.269898,7.527578,19.071594,13.131762,13.783275,3.507015,5.485882,18.585247,2.29376,11.819816,-20.664009,34.504072,14.094732
29009,0.730376,5.331719,6.966682,17.635937,5.70607,26.197024,-0.304878,5.063208,12.393703,15.270941,13.302449,-16.747746,34.815076,11.442145
29011,-2.821376,6.577645,3.651673,18.473306,8.723479,26.559869,-3.741299,6.829402,13.396271,18.202879,18.296731,-14.20173,32.453962,15.796368
29013,-17.977652,5.680539,5.889919,15.37992,13.435602,4.692745,-1.353937,-0.209398,21.972621,6.52765,11.457621,-27.398693,27.066696,4.39847
29015,-13.013828,10.269898,7.527578,19.071594,13.131762,13.783275,3.507015,5.485882,18.585247,2.29376,11.819816,-20.664009,34.504072,14.094732
29017,-10.010263,6.041645,-6.609451,22.923367,4.960337,4.388482,3.062175,7.735542,12.803777,9.390677,-0.657754,-17.266245,25.062703,10.993259
29019,-13.013828,10.269898,7.527578,19.071594,13.131762,13.783275,3.507015,5.485882,18.585247,2.29376,11.819816,-20.664009,34.504072,14.094732
29021,-16.574732,5.665447,6.28655,15.200098,13.859906,5.552284,-0.20994,-0.096328,22.582505,6.844583,11.713551,-25.593561,27.357903,4.156758
29023,-10.010263,6.041645,-6.609451,22.923367,4.960337,4.388482,3.062175,7.735542,12.803777,9.390677,-0.657754,-17.266245,25.062703,10.993259
29025,-17.977652,5.680539,5.889919,15.37992,13.435602,4.692745,-1.353937,-0.209398,21.972621,6.52765,11.457621,-27.398693,27.066696,4.39847
29027,-13.013828,10.269898,7.527578,19.071594,13.131762,13.783275,3.507015,5.485882,18.585247,2.29376,11.819816,-20.664009,34.504072,14.094732
29029,-11.470559,9.719857,7.973807,18.841755,12.136303,14.651634,3.729715,5.194562,17.977955,2.825856,11.194887,-20.747917,34.874656,13.256949
29031,-10.010263,6.041645,-6.609451,22.923367,4.960337,4.388482,3.062175,7.735542,12.803777,9.390677,-0.657754,-17.266245,25.062703,10.993259
29033,-13.106817,10.183924,7.496899,19.002437,13.137454,13.612979,3.415953,5.37919,18.648704,2.373075,11.813031,-20.790172,34.364746,13.913089
29035,-10.010263,6.041645,-6.609451,22.923367,4.960337,4.388482,3.062175,7.735542,12.803777,9.390677,-0.657754,-17.266245,25.062703,10.993259
29037,-17.977652,5.680539,5.889919,15.37992,13.435602,4.692745,-1.353937,-0.209398,21.972621,6.52765,11.457621,-27.398693,27.066696,4.39847
29039,-0.186681,5.624641,6.186621,17.821273,6.447356,26.182281,-1.113198,5.451743,12.672467,15.915964,14.461608,-16.201788,34.22715,12.427579
29041,-13.013828,10.269898,7.527578,19.071594,13.131762,13.783275,3.507015,5.485882,18.585247,2.29376,11.819816,-20.664009,34.504072,14.094732
29043,7.770071,2.862251,13.537143,15.976244,-0.274538,25.477853,6.506225,1.562552,10.406578,9.45974,3.40361,-21.794036,39.494885,2.811927
29045,11.332099,18.817701,25.365179,21.267618,31.333576,37.350103,16.795561,15.171533,36.75951,23.475589,26.945851,1.647247,42.133026,22.835675
29047,-17.977652,5.680539,5.889919,15.37992,13.435602,4.692745,-1.353937,-0.209398,21.972621,6.52765,11.457621,-27.398693,27.066696,4.39847
29049,-17.977652,5.680539,5.889919,15.37992,13.435602,4.692745,-1.353937,-0.209398,21.972621,6.52765,11.457621,-27.398693,27.066696,4.39847
29051,-13.013828,10.269898,7.527578,19.071594,13.131762,13.783275,3.507015,5.485882,18.585247,2.29376,11.819816,-20.664009,34.504072,14.094732
29053,-13.013828,10.269898,7.527578,19.071594,13.131762,13.783275,3.507015,5.485882,18.585247,2.29376,11.819816,-20.664009,34.504072,14.094732
29055,-6.729729,8.760496,5.336645,18.881387,8.090529,14.846169,4.138325,5.15596,17.092511,3.19811,7.274578,-20.212634,32.44455,11.863846
29057,0.157,5.532855,6.431524,17.771117,6.193185,26.2556,-0.859636,5.348333,12.555552,15.744258,14.1087,-16.33673,34.43391,12.145068
29059,7.494624,2.960424,13.457499,16.017266,-0.096865,25.322866,6.466476,1.614548,10.514969,9.36477,3.51515,-21.77906,39.428742,2.961457
29061,0.322733,5.483667,11.063775,13.034223,18.970434,15.904991,13.568924,1.265537,29.928244,10.661885,14.796091,-3.851653,30.865347,1.245468
29063,-2.186686,5.510663,10.354316,13.355874,18.211477,14.367525,11.522644,1.063288,28.837338,10.094983,14.338308,-7.080513,30.344461,1.677819
29065,6.542269,3.0818,12.145942,16.45597,0.086951,24.02155,6.2684,1.988821,10.572114,9.454971,3.123157,-21.481375,38.498286,3.37688
29067,7.770071,2.862251,13.537143,15.976244,-0.274538,25.477853,6.506225,1.562552,10.406578,9.45974,3.40361,-21.794036,39.494885,2.811927
29069,-9.900819,6.162486,-6.577001,23.032459,5.057093,4.458653,3.012424,7.786424,12.825208,9.494716,-0.605152,-17.076765,24.991171,11.027322
29071,-6.098814,11.53629,3.518072,18.485366,8.324915,14.783448,4.023261,5.638571,21.033042,-2.040714,7.707554,-20.115844,29.383842,14.74617
29073,-13.013828,10.269898,7.527578,19.071594,13.131762,13.783275,3.507015,5.485882,18.585247,2.29376,11.819816,-20.664009,34.504072,14.094732
29075,0.489817,5.48187,11.111013,13.012806,19.020968,16.00736,13.705172,1.279003,30.00088,10.699631,14.826572,-3.636666,30.900029,1.21668
29077,7.770071,2.862251,13.537143,15.976244,-0.274538,25.477853,6.506225,1.562552,10.406578,9.45974,3.40361,-21.794036,39.494885,2.811927
29079,10.947438,18.344574,24.859472,20.974755,30.896751,36.592909,16.685921,14.678656,36.519728,23.022326,26.515885,1.459785,41.734504,22.068679
29081,0.489817,5.48187,11.111013,13.012806,19.020968,16.00736,13.705172,1.279003,30.00088,10.699631,14.826572,-3.636666,30.900029,1.21668
29083,-15.88096,7.619059,6.581657,16.939263,13.307262,8.532535,0.699302,2.196257,20.541813,4.739278,11.61061,-24.554,30.208203,8.494118
29085,-6.633823,7.995983,9.372326,18.121419,9.016449,17.373144,4.427678,4.281543,16.074652,4.493491,9.236305,-21.010892,36.036095,10.631265
29087,0.489817,5.48187,11.111013,13.012806,19.020968,16.00736,13.705172,1.279003,30.00088,10.699631,14.826572,-3.636666,30.900029,1.21668
29089,-13.013828,10.269898,7.527578,19.071594,13.131762,13.783275,3.507015,5.485882,18.585247,2.29376,11.819816,-20.664009,34.504072,14.094732
29091,7.770071,2.862251,13.537143,15.976244,-0.274538,25.477853,6.506225,1.562552,10.406578,9.45974,3.40361,-21.794036,39.494885,2.811927
29093,-10.010263,6.041645,-6.609451,22.923367,4.960337,4.388482,3.062175,7.735542,12.803777,9.390677,-0.657754,-17.266245,25.062703,10.993259
29095,-17.977652,5.680539,5.889919,15.37992,13.435602,4.692745,-1.353937,-0.209398,21.972621,6.52765,11.457621,-27.398693,27.066696,4.39847
29097,-2.821376,6.577645,3.651673,18.473306,8.723479,26.559869,-3.741299,6.829402,13.396271,18.202879,18.296731,-14.20173,32.453962,15.796368
29099,-4.025425,11.916004,2.315866,18.309592,6.883636,15.083339,4.178051,5.684354,21.766986,-3.340357,6.474538,-19.951483,27.848599,14.941496
29101,-15.927214,7.576294,6.566397,16.904863,13.310093,8.447827,0.654007,2.143187,20.573377,4.778731,11.607235,-24.616755,30.138899,8.403765
29103,11.332099,18.817701,25.365179,21.267618,31.333576,37.350103,16.795561,15.171533,36.75951,23.475589,26.945851,1.647247,42.133026,22.835675
29105,7.76634,2.863581,13.536064,15.976799,-0.272131,25.475754,6.505686,1.563256,10.408046,9.458454,3.405121,-21.793833,39.493989,2.813952
29107,-15.749001,7.741063,6.625193,17.037403,13.299184,8.774198,0.828526,2.347661,20.451763,4.626724,11.620239,-24.374964,30.405918,8.751884
29109,0.523831,5.404173,6.773904,17.684632,5.881542,26.218124,-0.504717,5.165918,12.452005,15.441442,13.592881,-16.599687,34.67777,11.695356
29111,11.332099,18.817701,25.365179,21.267618,31.333576,37.350103,16.795561,15.171533,36.75951,23.475589,26.945851,1.647247,42.133026,22.835675
29113,-4.11913,11.898843,2.370198,18.317536,6.948773,15.069786,4.171056,5.682285,21.733817,-3.281621,6.530263,-19.958911,27.917982,14.932668
29115,5.060273,16.615676,20.769982,20.701894,26.644553,31.278983,13.372259,12.676384,32.077584,18.018875,23.049188,-4.100421,40.167709,20.583895
29117,-1.711938,14.094404,15.753935,19.970152,21.573475,24.549078,9.686934,9.828816,27.112616,12.176867,18.806063,-10.274157,37.890313,17.857867
29119,-2.821376,6.577645,3.651673,18.473306,8.723479,26.559869,-3.741299,6.829402,13.396271,18.202879,18.296731,-14.20173,32.453962,15.796368
29121,1.774894,15.462187,18.362874,20.40555,24.188296,28.098741,11.579027,11.369347,29.625046,15.160478,21.007995,-7.11123,39.138214,19.404342
29123,-10.010263,6.041645,-6.609451,22.923367,4.960337,4.388482,3.062175,7.735542,12.803777,9.390677,-0.657754,-17.266245,25.062703,10.993259
29125,-13.013828,10.269898,7.527578,19.071594,13.131762,13.783275,3.507015,5.485882,18.585247,2.29376,11.819816,-20.664009,34.504072,14.094732
29127,0.336488,14.957166,17.308993,20.275804,23.112897,26.706365,10.793913,10.797099,28.551274,13.909014,20.114319,-8.429423,38.68748,18.88791
29129,10.854127,18.229804,24.736798,20.903712,30.790786,36.409229,16.659324,14.559094,36.461562,22.912373,26.411584,1.414311,41.63783,21.882622
29131,-13.013828,10.269898,7.527578,19.071594,13.131762,13.783275,3.507015,5.485882,18.585247,2.29376,11.819816,-20.664009,34.504072,14.094732
29133,-10.010263,6.041645,-6.609451,22.923367,4.960337,4.388482,3.062175,7.735542,12.803777,9.390677,-0.657754,-17.266245,25.062703,10.993259
29135,-13.013828,10.269898,7.527578,19.071594,13.131762,13.783275,3.507015,5.485882,18.585247,2.29376,11.819816,-20.664009,34.504072,14.094732
29137,-13.013828,10.269898,7.527578,19.071594,13.131762,13.783275,3.507015,5.485882,18.585247,2.29376,11.819816,-20.664009,34.504072,14.094732
29139,-13.013828,10.269898,7.527578,19.071594,13.131762,13.783275,3.507015,5.485882,18.585247,2.29376,11.819816,-20.664009,34.504072,14.094732
29141,-13.013828,10.269898,7.527578,19.071594,13.131762,13.783275,3.507015,5.485882,18.585247,2.29376,11.819816,-20.664009,34.504072,14.094732
29143,-10.010263,6.041645,-6.609451,22.923367,4.960337,4.388482,3.062175,7.735542,12.803777,9.390677,-0.657754,-17.266245,25.062703,10.993259
29145,-2.821376,6.577645,3.651673,18.473306,8.723479,26.559869,-3.741299,6.829402,13.396271,18.202879,18.296731,-14.20173,32.453962,15.796368
29147,0.489817,5.48187,11.111013,13.012806,19.020968,16.00736,13.705172,1.279003,30.00088,10.699631,14.826572,-3.636666,30.900029,1.21668
29149,4.044055,3.528519,9.315257,17.432071,0.822473,21.058401,5.784496,2.856153,10.908931,9.445267,2.552518,-20.8452,36.470502,4.526393
29151,-13.013828,10.269898,7.527578,19.071594,13.131762,13.783275,3.507015,5.485882,18.585247,2.29376,11.819816,-20.664009,34.504072,14.094732
29153,7.770071,2.862251,13.537143,15.976244,-0.274538,25.477853,6.506225,1.562552,10.406578,9.45974,3.40361,-21.794036,39.494885,2.811927
29155,-10.00371,6.04888,-6.607508,22.929898,4.966129,4.392683,3.059197,7.738588,12.80506,9.396906,-0.654605,-17.254901,25.058421,10.995298
29157,-9.999285,6.05242,-6.593079,22.914904,4.963864,4.4081,3.064222,7.73178,12.820219,9.367325,-0.644671,-17.27117,25.067814,11.000501
29159,-13.013828,10.269898,7.527578,19.071594,13.131762,13.783275,3.507015,5.485882,18.585247,2.29376,11.819816,-20.664009,34.504072,14.094732
29161,-2.123255,6.388359,10.676535,17.449659,6.106984,19.911127,5.078573,3.430093,14.299699,6.048668,7.409801,-21.256133,37.119212,8.182645
29163,-7.407514,11.29662,4.27689,18.596313,9.234634,14.594161,3.925559,5.609674,20.569785,-1.220394,8.485819,-20.219587,30.352871,14.622882
29165,-17.977652,5.680539,5.889919,15.37992,13.435602,4.692745,-1.353937,-0.209398,21.972621,6.52765,11.457621,-27.398693,27.066696,4.39847
29167,7.770071,2.862251,13.537143,15.976244,-0.274538,25.477853,6.506225,1.562552,10.406578,9.45974,3.40361,-21.794036,39.494885,2.811927
29169,1.128028,5.22956,11.616628,16.965445,4.009799,21.740542,5.547748,2.816356,13.020287,7.169662,6.093231,-21.432906,37.899939,6.417645
29171,11.332099,18.817701,25.365179,21.267618,31.333576,37.350103,16.795561,15.171533,36.75951,23.475589,26.945851,1.647247,42.133026,22.835675
29173,-12.882684,10.293916,7.451537,19.060476,13.040599,13.802243,3.516805,5.488778,18.63167,2.211556,11.741826,-20.653613,34.406966,14.107087
29175,-13.013828,10.269898,7.527578,19.071594,13.131762,13.783275,3.507015,5.485882,18.585247,2.29376,11.819816,-20.664009,34.504072,14.094732
29177,-17.977652,5.680539,5.889919,15.37992,13.435602,4.692745,-1.353937,-0.209398,21.972621,6.52765,11.457621,-27.398693,27.066696,4.39847
29179,-9.552471,5.959785,-6.090735,22.744498,4.825554,4.931472,3.15085,7.576606,12.742056,9.392455,-0.553186,-17.382822,25.43429,10.782613
29181,-10.010263,6.041645,-6.609451,22.923367,4.960337,4.388482,3.062175,7.735542,12.803777,9.390677,-0.657754,-17.266245,25.062703,10.993259
29183,-4.025425,11.916004,2.315866,18.309592,6.883636,15.083339,4.178051,5.684354,21.766986,-3.340357,6.474538,-19.951483,27.848599,14.941496
29185,-14.089079,7.366781,6.975726,16.960852,12.371374,10.065373,1.036219,2.327567,19.725733,5.24247,11.241561,-24.084239,30.929251,8.421227
29186,-7.080297,8.917525,-2.239929,20.664625,5.901916,9.624308,3.608469,6.731352,17.191849,3.15801,2.833966,-18.580843,26.42658,12.926177
29187,-8.256078,7.763448,-3.993397,21.571047,5.524065,7.523197,3.389244,7.134329,15.430938,5.659149,1.432756,-18.053301,25.879263,12.150507
29189,-4.025425,11.916004,2.315866,18.309592,6.883636,15.083339,4.178051,5.684354,21.766986,-3.340357,6.474538,-19.951483,27.848599,14.941496
29195,-13.013828,10.269898,7.527578,19.071594,13.131762,13.783275,3.507015,5.485882,18.585247,2.29376,11.819816,-20.664009,34.504072,14.094732
29197,11.332099,18.817701,25.365179,21.267618,31.333576,37.350103,16.795561,15.171533,36.75951,23.475589,26.945851,1.647247,42.133026,22.835675
29199,11.332099,18.817701,25.365179,21.267618,31.333576,37.350103,16.795561,15.171533,36.75951,23.475589,26.945851,1.647247,42.133026,22.835675
29201,-10.010263,6.041645,-6.609451,22.923367,4.960337,4.388482,3.062175,7.735542,12.803777,9.390677,-0.657754,-17.266245,25.062703,10.993259
29203,4.448085,3.456272,9.773057,17.274208,0.703519,21.537624,5.862756,2.715882,10.854458,9.446837,2.644806,-20.948087,36.79845,4.340485
29205,-0.120787,14.796617,16.97396,20.234558,22.771023,26.263724,10.544322,10.615179,28.209918,13.511168,19.830215,-8.848482,38.54419,18.723734
29207,-10.010263,6.041645,-6.609451,22.923367,4.960337,4.388482,3.062175,7.735542,12.803777,9.390677,-0.657754,-17.266245,25.062703,10.993259
29209,7.770071,2.862251,13.537143,15.976244,-0.274538,25.477853,6.506225,1.562552,10.406578,9.45974,3.40361,-21.794036,39.494885,2.811927
29211,11.332099,18.817701,25.365179,21.267618,31.333576,37.350103,16.795561,15.171533,36.75951,23.475589,26.945851,1.647247,42.133026,22.835675
29213,7.770071,2.862251,13.537143,15.976244,-0.274538,25.477853,6.506225,1.562552,10.406578,9.45974,3.40361,-21.794036,39.494885,2.811927
29215,7.770071,2.862251,13.537143,15.976244,-0.274538,25.477853,6.506225,1.562552,10.406578,9.45974,3.40361,-21.794036,39.494885,2.811927
29217,-8.734358,6.227653,4.524889,17.26647,10.561839,18.028756,-2.809908,4.083326,16.742199,13.647973,15.628561,-19.350317,30.352205,11.349658
29219,-6.095579,11.536883,3.516196,18.485092,8.322666,14.783916,4.023502,5.638643,21.034188,-2.042742,7.705629,-20.115587,29.381447,14.746474
29221,-6.149825,9.83082,-0.852297,19.947314,6.200935,11.287054,3.781956,6.412451,18.585373,1.178697,3.942834,-18.998321,26.859708,13.540015
29223,-10.010263,6.041645,-6.609451,22.923367,4.960337,4.388482,3.062175,7.735542,12.803777,9.390677,-0.657754,-17.266245,25.062703,10.993259
29225,7.770071,2.862251,13.537143,15.976244,-0.274538,25.477853,6.506225,1.562552,10.406578,9.45974,3.40361,-21.794036,39.494885,2.811927
29227,0.489817,5.48187,11.111013,13.012806,19.020968,16.00736,13.705172,1.279003,30.00088,10.699631,14.826572,-3.636666,30.900029,1.21668
29229,7.770071,2.862251,13.537143,15.976244,-0.274538,25.477853,6.506225,1.562552,10.406578,9.45974,3.40361,-21.794036,39.494885,2.811927
29510,-4.025425,11.916004,2.315866,18.309592,6.883636,15.083339,4.178051,5.684354,21.766986,-3.340357,6.474538,-19.951483,27.848599,14.941496
30001,-4.72734,-5.708095,-12.512041,-12.825325,-5.099656,2.450392,-14.360185,-17.261546,0.060416,-11.933328,-12.889545,-15.46063,4.927495,-16.347701
30003,7.078769,27.624914,23.958675,14.436186,20.655693,22.293833,23.231188,7.684162,15.864675,1.261479,5.807116,-0.758161,22.04207,11.31758
30005,-0.652233,14.525933,17.953495,14.319692,15.218931,29.525062,6.922965,9.52388,17.442723,-3.456035,9.963864,11.301535,15.95639,2.441499
30007,-17.644353,-4.447934,-1.114616,-2.083437,-7.44112,11.961058,-3.475979,-23.596423,4.184352,-22.004018,-8.891924,-14.119111,1.038242,-19.146333
30009,6.239876,14.853797,8.008064,2.878119,15.318882,22.937884,15.986255,3.308467,21.809963,2.843671,0.619823,-2.9951,18.06536,1.34486
30011,6.77866,25.780767,24.656475,12.402422,15.426559,20.518466,14.345427,3.539672,11.679447,2.166531,6.122183,3.808666,16.717039,4.902128
30013,-15.166679,5.732731,9.340761,5.978569,1.235703,20.694814,3.164698,-9.592297,10.676489,-15.266304,-1.177936,-5.585839,8.276326,-8.589031
30015,-3.351978,15.158227,18.774697,14.573051,11.833632,28.153037,6.277261,7.134294,16.266288,-5.513517,7.907687,8.417383,15.480632,1.808159
30017,0.410064,20.489605,19.703992,9.570167,13.747677,23.698507,16.922848,-1.202884,9.937928,2.10808,4.301836,5.250531,17.917776,4.621163
30019,4.555032,4.136778,11.5081,6.210337,17.65797,26.754461,6.720101,12.109639,13.577331,-2.207361,11.573384,17.630316,12.577064,5.158855
30021,1.844215,14.831557,16.868229,8.407672,15.100631,24.755862,13.392716,3.403224,11.197155,0.614945,6.817778,9.533914,16.069899,4.807204
30023,-17.809664,-6.736024,-2.836802,-3.464693,-9.37139,10.304454,-5.160247,-26.229851,3.267871,-23.726818,-10.310789,-15.206017,-0.342316,-20.904098
30025,0.410064,20.489605,19.703992,9.570167,13.747677,23.698507,16.922848,-1.202884,9.937928,2.10808,4.301836,5.250531,17.917776,4.621163
30027,-8.81524,15.699956,16.6969,12.161555,11.673195,27.328558,9.781575,3.203175,13.970614,-5.122368,6.000744,1.919489,14.575277,-0.588409
30029,-20.372775,-4.658906,5.022377,0.820843,-8.220136,15.371706,-1.724442,-15.250992,14.516713,-18.586017,-4.31412,-6.047306,7.97417,-11.341789
30031,-8.328821,6.76397,4.067925,1.060466,4.826076,19.002312,4.888433,-7.445482,11.738247,-7.558211,-2.774306,-7.76754,10.420402,-8.290251
30033,4.111883,23.633676,27.772366,17.199899,21.394658,30.489614,18.174735,9.512809,15.241948,5.531092,11.54077,9.314576,20.885863,9.782215
30035,-18.450801,6.323375,14.702346,8.822282,0.25731,23.867613,4.272789,-7.070306,15.642928,-18.157189,0.498344,-2.74427,10.518752,-3.719605
30037,-16.279117,14.448446,13.1082,9.323781,8.500177,25.642265,10.433696,-1.84804,11.75319,-7.776126,2.825891,-5.14281,12.4397,-4.629683
30039,-17.890869,-7.31035,-3.335149,-4.399947,-9.791026,9.572747,-5.818065,-26.040283,2.549009,-23.627205,-10.732782,-15.587862,-0.719985,-21.142951
30041,-2.47494,15.627453,18.970391,14.874676,12.474827,28.366508,6.368088,7.930972,16.297828,-4.773825,8.320815,9.057331,15.76032,2.098395
30043,-17.809664,-6.736024,-2.836802,-3.464693,-9.37139,10.304454,-5.160247,-26.229851,3.267871,-23.726818,-10.310789,-15.206017,-0.342316,-20.904098
30045,-15.788739,14.490329,13.316448,9.52097,8.641372,25.739041,10.289269,-1.500651,11.914634,-7.669472,3.021092,-4.638365,12.557661,-4.390676
30047,-20.795699,-9.889904,-0.495947,-4.575639,-12.135475,10.148884,-5.706662,-19.20975,10.805339,-19.293024,-7.769307,-9.399744,5.010609,-15.860279
30049,-17.94006,-3.075963,1.977234,-0.067804,-6.665211,14.047419,-2.555283,-21.018997,6.550267,-22.251076,-7.367061,-11.857187,2.569672,-16.224699
30051,-3.603305,15.023764,18.718619,14.486617,11.64989,28.091864,6.251234,6.905996,16.25725,-5.725485,7.7893,8.233998,15.400484,1.724988
30053,-21.353863,-10.264903,0.081156,-3.263559,-12.54752,11.0349,-4.785779,-19.426892,13.941827,-18.804916,-6.770682,-7.733368,6.675267,-15.232597
30055,3.723845,7.592892,13.25802,7.158964,17.087834,26.417829,8.722709,9.639154,13.174263,-1.308634,10.292867,15.22789,13.762272,4.978885
30057,-6.264105,-5.677474,-11.234976,-11.469948,-5.503398,3.580169,-13.091889,-18.373485,0.633384,-13.358745,-12.47005,-15.325346,4.399994,-16.823183
30059,-16.509971,11.253178,10.703204,7.394886,5.804596,23.328852,8.08165,-5.525566,10.473344,-10.18198,0.844476,-6.66065,10.51178,-7.084365
30061,-19.395268,-14.310175,-8.39825,-14.793482,-15.006533,1.538102,-13.089055,-22.776924,-3.66183,-21.684713,-14.839427,-18.582225,-3.744703,-22.847453
30063,-18.688289,-10.533709,-5.348394,-10.161514,-12.164239,5.426307,-9.793159,-22.735379,-1.18201,-22.216767,-12.736762,-16.990946,-2.248467,-21.177636
30065,1.763971,28.773455,32.729361,18.799877,20.05103,29.360314,22.55005,6.646005,12.513435,7.092651,9.623169,3.68984,22.287383,11.590401
30067,-3.1985,12.832175,8.581043,4.086738,11.789218,24.992113,12.629907,0.510136,18.465379,-0.212223,1.140798,-3.592093,15.317224,-2.479562
30069,4.602676,28.030262,32.681887,19.194492,21.909264,30.346694,21.880303,8.922983,13.866434,7.941435,11.256284,7.043814,22.706669,12.501004
30071,3.313245,12.129467,15.741139,13.112269,21.188999,32.04561,8.130155,12.989407,19.933554,-0.589053,13.538478,16.184021,16.382959,3.187957
30073,-18.304675,7.158353,15.43831,9.430628,0.901847,24.513553,4.728756,-6.448332,15.728554,-18.124585,0.864233,-2.493141,10.712216,-3.140094
30075,8.506345,27.200619,25.921546,13.149776,15.912197,19.637013,13.714129,4.846191,12.197337,2.132231,6.584039,3.35441,16.425629,5.012252
30077,-17.868781,-5.076673,-0.654276,-1.924655,-8.144497,12.001391,-3.979242,-23.867421,4.756001,-23.057765,-8.9762,-13.687768,0.977883,-18.782613
30079,0.410064,20.489605,19.703992,9.570167,13.747677,23.698507,16.922848,-1.202884,9.937928,2.10808,4.301836,5.250531,17.917776,4.621163
30081,-18.939576,-14.780348,-9.817205,-16.564463,-15.242287,0.051056,-14.377931,-23.574144,-6.803008,-22.328887,-16.223266,-20.557124,-5.629218,-24.249762
30083,4.520633,4.272488,11.576116,6.23822,17.625519,26.7291,6.804772,11.99916,13.547128,-2.171548,11.513039,17.527578,12.621385,5.154393
30085,4.555032,4.136778,11.5081,6.210337,17.65797,26.754461,6.720101,12.109639,13.577331,-2.207361,11.573384,17.630316,12.577064,5.158855
30087,4.895428,29.894837,32.995531,18.700643,21.218749,28.313924,23.841099,7.380068,12.967832,7.761235,9.534549,4.247589,23.226408,13.179934
30089,-21.069074,-10.853105,-1.15179,-4.940064,-12.905072,9.65402,-5.993115,-19.914002,11.382171,-19.223652,-7.943915,-9.310843,5.160154,-16.339833
30091,4.555032,4.136778,11.5081,6.210337,17.65797,26.754461,6.720101,12.109639,13.577331,-2.207361,11.573384,17.630316,12.577064,5.158855
30093,-17.809664,-6.736024,-2.836802,-3.464693,-9.37139,10.304454,-5.160247,-26.229851,3.267871,-23.726818,-10.310789,-15.206017,-0.342316,-20.904098
30095,-10.146592,13.690697,10.985754,6.868522,10.042163,25.337457,11.463335,-0.742467,14.900035,-4.229976,2.035877,-4.415794,13.788756,-3.621652
30097,-13.424621,14.095738,12.120269,8.180936,9.217923,25.500387,10.91296,-1.333431,13.217947,-6.125505,2.458164,-4.804407,13.067643,-4.160476
30099,-18.304675,7.158353,15.43831,9.430628,0.901847,24.513553,4.728756,-6.448332,15.728554,-18.124585,0.864233,-2.493141,10.712216,-3.140094
30101,-18.304675,7.158353,15.43831,9.430628,0.901847,24.513553,4.728756,-6.448332,15.728554,-18.124585,0.864233,-2.493141,10.712216,-3.140094
30103,4.836537,31.212867,36.070657,20.413565,22.01803,29.993462,24.613349,8.09246,12.642897,9.624662,10.78068,5.193956,23.964349,14.352526
30105,3.651356,10.49568,14.853741,11.721662,20.632082,31.060376,7.880157,12.897045,18.737401,-0.841226,13.234455,16.584006,15.641766,3.594476
30107,-16.279117,14.448446,13.1082,9.323781,8.500177,25.642265,10.433696,-1.84804,11.75319,-7.776126,2.825891,-5.14281,12.4397,-4.629683
30109,0.447677,20.341212,19.629619,9.539679,13.783161,23.726239,16.830264,-1.082081,9.970953,2.06892,4.367821,5.362871,17.869312,4.626043
30111,2.652368,29.432444,33.569857,19.204693,20.595614,29.472928,23.121701,7.051595,12.577863,7.73661,9.907626,4.063883,22.745101,12.345439
31001,8.107979,0.179733,15.543804,11.769089,1.422809,5.384372,1.487021,-14.099453,29.688318,5.25571,16.42327,-5.500694,21.028605,-4.248053
31003,18.605662,10.297966,18.072735,9.448065,-2.752469,17.408007,3.262738,-2.212833,20.337032,4.024256,8.783,11.322569,34.502815,8.006767
31005,11.602946,10.309526,20.420449,17.889616,14.25357,6.022501,6.502949,-0.345325,31.134712,3.516955,-2.560005,-8.496813,16.342484,-8.646227
31007,17.435104,5.870006,17.889517,16.788037,15.042746,7.577363,8.789044,6.127506,24.719422,8.713119,-1.966829,-4.334897,18.124563,-0.427049
31009,26.505875,24.795403,24.25285,19.307685,13.01814,24.962947,4.510828,7.607013,23.191551,17.456134,9.992026,13.746698,37.201182,11.855742
31011,13.92905,5.790395,16.946121,10.482058,-0.892425,12.051599,2.471674,-7.508202,24.502935,4.572856,12.186663,3.827975,28.500191,2.547368
31013,23.566681,23.941713,21.147332,17.63107,15.264457,17.380088,6.237351,6.076376,29.37522,8.40616,7.357445,1.414525,33.306864,2.145388
31015,22.406815,17.273343,21.046269,14.191978,4.835489,21.043033,3.863251,2.511943,21.710471,10.486944,9.364718,12.488928,35.801123,9.858684
31017,26.505875,24.795403,24.25285,19.307685,13.01814,24.962947,4.510828,7.607013,23.191551,17.456134,9.992026,13.746698,37.201182,11.855742
31019,11.980835,7.34342,16.279917,12.729305,20.776801,4.748284,4.476736,-11.876782,33.757861,16.462902,3.515812,-5.223416,21.135402,-7.944329
31021,12.136843,4.786516,15.228155,7.089885,-5.277626,14.501341,2.570679,-3.003703,19.651457,6.356429,6.525665,6.455041,32.712105,5.425194
31023,8.107979,0.179733,15.543804,11.769089,1.422809,5.384372,1.487021,-14.099453,29.688318,5.25571,16.42327,-5.500694,21.028605,-4.248053
31025,4.366106,2.830229,13.101617,11.692066,6.382832,11.92105,8.54787,-5.677858,30.446519,8.286588,17.389532,-8.389229,26.59307,1.029613
31027,18.605662,10.297966,18.072735,9.448065,-2.752469,17.408007,3.262738,-2.212833,20.337032,4.024256,8.783,11.322569,34.502815,8.006767
31029,9.183913,7.553137,20.273475,17.941893,14.049172,3.726029,6.556652,-1.643775,31.490477,2.528372,-4.565285,-10.500857,12.912334,-10.828261
31031,25.243738,24.428815,22.919291,18.58772,13.982744,21.706747,5.252224,6.949734,25.846917,13.569931,8.860695,8.451067,35.5289,7.685961
31033,9.183913,7.553137,20.273475,17.941893,14.049172,3.726029,6.556652,-1.643775,31.490477,2.528372,-4.565285,-10.500857,12.912334,-10.828261
31035,8.107979,0.179733,15.543804,11.769089,1.422809,5.384372,1.487021,-14.099453,29.688318,5.25571,16.42327,-5.500694,21.028605,-4.248053
31037,9.93626,1.941928,15.984243,11.364858,0.695641,7.478413,1.796281,-12.029274,28.059694,5.04124,15.092638,-2.570748,23.375279,-2.113749
31039,18.605662,10.297966,18.072735,9.448065,-2.752469,17.408007,3.262738,-2.212833,20.337032,4.024256,8.783,11.322569,34.502815,8.006767
31041,13.277376,8.991117,16.941839,13.288084,20.851317,6.336925,4.586505,-10.24404,33.061281,16.943369,3.569894,-3.70128,22.419914,-6.498312
31043,18.605662,10.297966,18.072735,9.448065,-2.752469,17.408007,3.262738,-2.212833,20.337032,4.024256,8.783,11.322569,34.502815,8.006767
31045,23.566681,23.941713,21.147332,17.63107,15.264457,17.380088,6.237351,6.076376,29.37522,8.40616,7.357445,1.414525,33.306864,2.145388
31047,12.131521,7.622146,16.308558,12.766665,21.529829,4.723535,4.593061,-11.790302,33.9162,16.898953,3.013607,-5.212628,21.139557,-8.088144
31049,9.183913,7.553137,20.273475,17.941893,14.049172,3.726029,6.556652,-1.643775,31.490477,2.528372,-4.565285,-10.500857,12.912334,-10.828261
31051,18.605662,10.297966,18.072735,9.448065,-2.752469,17.408007,3.262738,-2.212833,20.337032,4.024256,8.783,11.322569,34.502815,8.006767
31053,9.95631,1.961254,15.989074,11.360425,0.687666,7.501378,1.799673,-12.006571,28.041833,5.038888,15.078045,-2.538615,23.401015,-2.090342
31055,4.184576,2.958813,12.983138,11.68833,6.623459,12.238166,8.890415,-5.269299,30.483302,8.433626,17.436409,-8.529362,26.863021,1.28565
31057,9.183913,7.553137,20.273475,17.941893,14.049172,3.726029,6.556652,-1.643775,31.490477,2.528372,-4.565285,-10.500857,12.912334,-10.828261
31059,8.107979,0.179733,15.543804,11.769089,1.422809,5.384372,1.487021,-14.099453,29.688318,5.25571,16.42327,-5.500694,21.028605,-4.248053
31061,11.923676,7.237692,16.269053,12.715133,20.491157,4.757672,4.432611,-11.909587,33.697799,16.297496,3.706313,-5.227509,21.133825,-7.889776
31063,12.131521,7.622146,16.308558,12.766665,21.529829,4.723535,4.593061,-11.790302,33.9162,16.898953,3.013607,-5.212628,21.139557,-8.088144
31065,12.131521,7.622146,16.308558,12.766665,21.529829,4.723535,4.593061,-11.790302,33.9162,16.898953,3.013607,-5.212628,21.139557,-8.088144
31067,8.107979,0.179733,15.543804,11.769089,1.422809,5.384372,1.487021,-14.099453,29.688318,5.25571,16.42327,-5.500694,21.028605,-4.248053
31069,15.089124,14.281884,20.632259,17.814277,14.548138,9.332051,6.425555,1.52593,30.622004,4.941647,0.329896,-5.608693,21.285828,-5.501599
31071,26.505875,24.795403,24.25285,19.307685,13.01814,24.962947,4.510828,7.607013,23.191551,17.456134,9.992026,13.746698,37.201182,11.855742
31073,12.131521,7.622146,16.308558,12.766665,21.529829,4.723535,4.593061,-11.790302,33.9162,16.898953,3.013607,-5.212628,21.139557,-8.088144
31075,23.566681,23.941713,21.147332,17.63107,15.264457,17.380088,6.237351,6.076376,29.37522,8.40616,7.357445,1.414525,33.306864,2.145388
31077,9.838096,1.864446,15.963169,11.401697,0.821519,7.34726,1.787702,-12.147258,28.180738,5.104115,15.134407,-2.756412,23.226752,-2.260923
31079,8.107979,0.179733,15.543804,11.769089,1.422809,5.384372,1.487021,-14.099453,29.688318,5.25571,16.42327,-5.500694,21.028605,-4.248053
31081,8.107979,0.179733,15.543804,11.769089,1.422809,5.384372,1.487021,-14.099453,29.688318,5.25571,16.42327,-5.500694,21.028605,-4.248053
31083,12.131521,7.622146,16.308558,12.766665,21.529829,4.723535,4.593061,-11.790302,33.9162,16.898953,3.013607,-5.212628,21.139557,-8.088144
31085,11.640786,7.610657,16.96866,13.628267,20.284405,4.557464,4.919971,-10.101049,33.512351,14.506454,1.751829,-6.093044,19.76984,-8.544335
31087,11.742246,7.613032,16.832183,13.450129,20.541899,4.5918,4.852381,-10.450306,33.595848,15.001109,2.012704,-5.911016,20.053032,-8.450016
31089,22.921614,18.218036,21.448983,14.834458,5.863146,21.535333,3.94458,3.151831,21.896479,11.362203,9.443501,12.646891,35.976956,10.109494
31091,25.614538,24.536514,23.311073,18.799237,13.699356,22.663376,5.034411,7.142834,25.066804,14.711648,9.193066,10.006855,36.020195,8.910989
31093,8.107979,0.179733,15.543804,11.769089,1.422809,5.384372,1.487021,-14.099453,29.688318,5.25571,16.42327,-5.500694,21.028605,-4.248053
31095,8.107979,0.179733,15.543804,11.769089,1.422809,5.384372,1.487021,-14.099453,29.688318,5.25571,16.42327,-5.500694,21.028605,-4.248053
31097,5.544966,1.995202,13.871017,11.716332,4.820199,9.8617,6.323382,-8.331043,30.207651,7.331724,17.085116,-7.479209,24.840011,-0.633092
31099,11.88419,7.164654,16.261547,12.705343,20.293832,4.764157,4.40213,-11.932248,33.656308,16.183232,3.837912,-5.230336,21.132736,-7.85209
31101,9.183913,7.553137,20.273474,17.941892,14.049173,3.726029,6.556651,-1.643778,31.490477,2.528375,-4.565284,-10.500856,12.912336,-10.82826
31103,26.505875,24.795403,24.25285,19.307685,13.01814,24.962947,4.510828,7.607013,23.191551,17.456134,9.992026,13.746698,37.201182,11.855742
31105,17.28132,5.020076,17.759784,16.765424,15.001528,7.088021,8.719635,6.06141,24.414538,8.730835,-2.405909,-4.51927,17.525166,-0.575896
31107,18.605662,10.297966,18.072735,9.448065,-2.752469,17.408007,3.262738,-2.212833,20.337032,4.024256,8.783,11.322569,34.502815,8.006767
31109,8.107979,0.179733,15.543804,11.769089,1.422809,5.384372,1.487021,-14.099453,29.688318,5.25571,16.42327,-5.500694,21.028605,-4.248053
31111,12.102735,7.621472,16.347279,12.817206,21.456773,4.713793,4.612237,-11.691212,33.89251,16.758611,2.939592,-5.264273,21.05921,-8.114904
31113,14.427836,10.365588,17.577665,13.811598,20.17008,7.956797,4.579924,-8.691565,32.202928,16.987963,4.128415,-2.18386,23.705415,-4.902092
31115,26.505875,24.795403,24.25285,19.307685,13.01814,24.962947,4.510828,7.607013,23.191551,17.456134,9.992026,13.746698,37.201182,11.855742
31117,13.833997,10.408262,18.248006,14.757314,18.801175,7.584186,5.015448,-6.736851,31.925638,13.93672,2.634863,-3.55279,22.088319,-5.685746
31119,18.605662,10.297966,18.072735,9.448065,-2.752469,17.408007,3.262738,-2.212833,20.337032,4.024256,8.783,11.322569,34.502815,8.006767
31121,8.107979,0.179733,15.543804,11.769089,1.422809,5.384372,1.487021,-14.099453,29.688318,5.25571,16.42327,-5.500694,21.028605,-4.248053
31123,17.09512,16.567634,20.754138,17.770926,14.717637,11.236412,6.381021,2.602676,30.326985,5.761435,1.992784,-3.94683,24.130297,-3.692136
31125,8.107979,0.179733,15.543804,11.769089,1.422809,5.384372,1.487021,-14.099453,29.688318,5.25571,16.42327,-5.500694,21.028605,-4.248053
31127,2.555357,4.112844,11.919806,11.654794,8.783062,15.084247,11.964721,-1.602521,30.813424,9.753275,17.857121,-9.787035,29.285799,3.583555
31129,8.107979,0.179733,15.543804,11.769089,1.422809,5.384372,1.487021,-14.099453,29.688318,5.25571,16.42327,-5.500694,21.028605,-4.248053
31131,4.372676,2.825575,13.105905,11.692201,6.374124,11.909574,8.535473,-5.692644,30.445188,8.281266,17.387835,-8.384158,26.583301,1.020347
31133,5.174398,2.257688,13.62916,11.708704,5.311405,10.509046,7.022638,-7.497028,30.282738,7.63188,17.180807,-7.765269,25.391076,-0.110429
31135,9.189829,7.553276,20.265517,17.931506,14.064186,3.728031,6.552711,-1.664141,31.495345,2.557216,-4.550073,-10.490243,12.928847,-10.822761
31137,12.131521,7.622146,16.308558,12.766665,21.529829,4.723535,4.593061,-11.790302,33.9162,16.898953,3.013607,-5.212628,21.139557,-8.088144
31139,18.605662,10.297966,18.072735,9.448065,-2.752469,17.408007,3.262738,-2.212833,20.337032,4.024256,8.783,11.322569,34.502815,8.006767
31141,9.959201,1.964039,15.98977,11.359786,0.686517,7.504689,1.800161,-12.003298,28.039259,5.038549,15.075942,-2.533984,23.404724,-2.086968
31143,8.107979,0.179733,15.543804,11.769089,1.422809,5.384372,1.487021,-14.099453,29.688318,5.25571,16.42327,-5.500694,21.028605,-4.248053
31145,12.131521,7.622146,16.308558,12.766665,21.529829,4.723535,4.593061,-11.790302,33.9162,16.898953,3.013607,-5.212628,21.139557,-8.088144
31147,2.555357,4.112844,11.919806,11.654794,8.783062,15.084247,11.964721,-1.602521,30.813424,9.753275,17.857121,-9.787035,29.285799,3.583555
31149,26.505875,24.795403,24.25285,19.307685,13.01814,24.962947,4.510828,7.607013,23.191551,17.456134,9.992026,13.746698,37.201182,11.855742
31151,8.107979,0.179733,15.543804,11.769089,1.422809,5.384372,1.487021,-14.099453,29.688318,5.25571,16.42327,-5.500694,21.028605,-4.248053
31153,3.532827,3.420468,12.557765,11.674914,7.487382,13.376705,10.120253,-3.80245,30.615363,8.961535,17.604709,-9.032478,27.832223,2.204898
31155,8.107979,0.179733,15.543804,11.769089,1.422809,5.384372,1.487021,-14.099453,29.688318,5.25571,16.42327,-5.500694,21.028605,-4.248053
31157,22.329192,22.533302,19.950453,16.978473,16.099879,18.25799,10.731593,9.211,29.339306,9.741682,7.418101,0.718747,31.277694,4.893323
31159,8.107979,0.179733,15.543804,11.769089,1.422809,5.384372,1.487021,-14.099453,29.688318,5.25571,16.42327,-5.500694,21.028605,-4.248053
31161,23.566681,23.941713,21.147332,17.63107,15.264457,17.380088,6.237351,6.076376,29.37522,8.40616,7.357445,1.414525,33.306864,2.145388
31163,12.110362,7.583009,16.304536,12.761419,21.424094,4.72701,4.576727,-11.802445,33.893967,16.837726,3.084124,-5.214143,21.138973,-8.06795
31165,22.108969,22.282661,19.737456,16.862337,16.24855,18.414221,11.531389,9.768838,29.332915,9.979352,7.428895,0.594927,30.916582,5.382346
31167,18.605662,10.297966,18.072735,9.448065,-2.752469,17.408007,3.262738,-2.212833,20.337032,4.024256,8.783,11.322569,34.502815,8.006767
31169,8.107979,0.179733,15.543804,11.769089,1.422809,5.384372,1.487021,-14.099453,29.688318,5.25571,16.42327,-5.500694,21.028605,-4.248053
31171,26.505875,24.795403,24.25285,19.307685,13.01814,24.962947,4.510828,7.607013,23.191551,17.456134,9.992026,13.746698,37.201182,11.855742
31173,18.605662,10.297966,18.072735,9.448065,-2.752469,17.408007,3.262738,-2.212833,20.337032,4.024256,8.783,11.322569,34.502815,8.006767
31175,14.460157,10.404203,17.595528,13.826306,20.15094,8.002307,4.579739,-8.647949,32.178813,16.989216,4.144107,-2.141229,23.74153,-4.857247
31177,4.994658,2.385004,13.51185,11.705004,5.549659,10.823034,7.361804,-7.092498,30.319158,7.777468,17.227222,-7.90402,25.658364,0.143082
31179,18.605662,10.297966,18.072735,9.448065,-2.752469,17.408007,3.262738,-2.212833,20.337032,4.024256,8.783,11.322569,34.502815,8.006767
31181,8.107979,0.179733,15.543804,11.769089,1.422809,5.384372,1.487021,-14.099453,29.688318,5.25571,16.42327,-5.500694,21.028605,-4.248053
31183,18.778242,10.614661,18.207739,9.663448,-2.407962,17.573044,3.290003,-1.998319,20.399389,4.317674,8.809411,11.375524,34.561761,8.090848
31185,8.107979,0.179733,15.543804,11.769089,1.422809,5.384372,1.487021,-14.099453,29.688318,5.25571,16.42327,-5.500694,21.028605,-4.248053
32001,7.612347,9.249551,8.146078,11.700227,14.352324,18.155393,-0.708599,-4.384145,8.440669,15.880462,6.556609,-6.095083,9.598359,6.618516
32003,-3.830835,16.866617,1.873061,1.661113,23.624825,12.129754,7.689038,-0.551996,-3.826615,26.510421,12.509808,7.647751,19.3262,8.151293
32005,15.793219,11.641868,14.51701,21.394963,10.104062,23.809608,5.163508,1.063699,16.356077,12.626035,10.829611,-1.700335,6.857346,12.275565
32007,5.369986,6.437737,0.503659,8.810249,17.65805,13.240576,-8.301754,-6.748947,5.43927,18.305999,-2.417784,-13.687987,7.87217,1.83789
32009,1.036055,11.941269,4.594861,3.826352,13.430764,12.74195,1.356704,-4.872212,2.514397,18.40487,10.306654,1.028596,10.383912,5.61136
32011,4.487436,8.782709,2.910049,7.692206,17.041976,15.364219,-3.908877,-5.349512,4.158523,18.817542,2.620104,-8.627892,9.891579,4.805276
32013,9.535405,-3.138606,4.228259,12.212659,10.873155,9.249307,-4.586939,-8.57703,11.166538,6.087133,-9.943067,-21.146029,6.633438,-1.647055
32015,6.32075,5.999957,4.627035,8.85865,15.000552,15.066248,-3.708899,-6.622363,6.88292,15.172824,0.8676,-11.244713,8.572024,3.735241
32017,-2.677863,17.39646,2.918333,2.798478,23.053208,15.541328,5.355211,-0.660121,-3.644201,27.354633,13.079581,7.164437,19.021352,8.856678
32019,15.793219,11.641868,14.51701,21.394963,10.104062,23.809608,5.163508,1.063699,16.356077,12.626035,10.829611,-1.700335,6.857346,12.275565
32021,6.276729,12.351163,8.809708,11.178891,14.772893,20.012955,0.167962,-3.827275,7.084795,17.982922,11.065316,-1.617794,10.748322,7.996869
32023,0.670631,14.142447,4.739049,4.85653,17.096355,15.688194,1.693315,-3.532673,0.85694,21.829008,11.556953,2.299704,13.496324,7.314153
32027,11.13257,0.677164,6.658638,13.132552,13.374977,12.904504,-2.995373,-5.938576,12.169398,10.130612,-5.619075,-18.410671,6.848059,2.763508
32029,15.793219,11.641868,14.51701,21.394963,10.104062,23.809608,5.163508,1.063699,16.356077,12.626035,10.829611,-1.700335,6.857346,12.275565
32031,16.417104,0.092715,13.991787,21.231948,9.396684,15.115669,2.189693,-2.763928,18.488331,4.796917,-2.186323,-16.381883,7.940457,5.340055
32033,0.391049,15.59007,2.594244,5.231871,20.008634,17.323091,-0.743421,-2.707712,-1.377733,25.403156,10.260632,0.864818,14.552601,8.30083
32510,15.793219,11.641868,14.51701,21.394963,10.104062,23.809608,5.163508,1.063699,16.356077,12.626035,10.829611,-1.700335,6.857346,12.275565
33001,-7.123934,-5.09457,-24.19099,-13.080627,-4.602172,13.01409,3.620457,24.381798,0.729237,-13.810717,2.727816,0.972448,-2.268996,-11.479656
33003,-10.152706,-11.40846,-21.771674,-17.406012,-4.143386,17.083718,-4.192249,16.178738,-6.435475,-23.663046,-9.52276,2.937972,-9.39148,-13.999856
33005,-6.236009,-3.837834,-25.796977,-11.893227,-6.53642,12.889493,8.724664,26.151319,2.329666,-11.048635,7.323553,0.842173,0.291711,-12.096976
33007,-8.457344,-12.643771,-20.520442,-16.438401,-4.176545,17.527305,-4.17134,20.707019,-4.529814,-23.343143,-10.91163,3.066368,-6.834049,-11.937753
33009,-5.824295,-13.077734,-19.064525,-14.5098,-3.813392,17.175845,-3.673423,27.925828,-0.852003,-21.36735,-11.040287,2.805757,-2.589637,-8.557037
33011,-6.236442,-3.837226,-25.797124,-11.893413,-6.535927,12.889015,8.724011,26.150338,2.329374,-11.048541,7.323859,0.841985,0.290969,-12.097151
33013,-6.238393,-3.861933,-25.776888,-11.903098,-6.523589,12.898994,8.679807,26.148581,2.31709,-11.080525,7.26797,0.846793,0.276251,-12.087245
33015,-11.44148,3.470667,-27.553534,-14.122289,-0.605417,7.12932,0.861507,14.352071,-1.190326,-9.910479,11.002567,-1.418163,-8.641364,-14.194684
33017,-13.499455,6.360071,-28.247986,-15.003545,1.739395,4.852045,-2.24718,9.687257,-2.581949,-9.460511,12.45706,-2.311784,-12.173041,-15.024009
33019,-6.230347,-3.964899,-25.704393,-11.92921,-6.498973,12.948438,8.554168,26.175722,2.285913,-11.190536,7.071016,0.869176,0.252088,-12.048295
34001,6.883922,24.564594,5.086231,38.249464,21.895266,16.026941,19.290011,42.832126,5.724191,14.229571,14.705703,10.42958,1.45649,-1.270341
34003,-6.914771,9.517068,-6.171828,11.267937,11.783486,4.515116,15.873201,17.613853,10.527071,-3.588563,15.39786,0.243568,10.027143,2.015251
34005,-2.92445,13.868527,-2.91621,19.070484,14.707621,7.844118,16.861277,24.9065,9.138169,1.564104,15.197702,3.18917,7.548673,1.06512
34007,-0.108608,16.939214,-0.618825,24.576493,16.771091,10.193289,17.558532,30.052689,8.158065,5.200177,15.056456,5.267787,5.799695,0.394643
34009,6.883922,24.564594,5.086231,38.249464,21.895266,16.026941,19.290011,42.832126,5.724191,14.229571,14.705703,10.42958,1.45649,-1.270341
34011,6.883922,24.564594,5.086231,38.249464,21.895266,16.026941,19.290011,42.832126,5.724191,14.229571,14.705703,10.42958,1.45649,-1.270341
34013,-6.914771,9.517068,-6.171828,11.267937,11.783486,4.515116,15.873201,17.613853,10.527071,-3.588563,15.39786,0.243568,10.027143,2.015251
34015,3.673327,21.063427,2.466775,31.971567,19.542519,13.34844,18.495008,36.964492,6.841695,10.083757,14.86675,8.059561,3.450657,-0.50587
34017,-6.914771,9.517068,-6.171828,11.267937,11.783486,4.515116,15.873201,17.613853,10.527071,-3.588563,15.39786,0.243568,10.027143,2.015251
34019,-6.914771,9.517068,-6.171828,11.267937,11.783486,4.515116,15.873201,17.613853,10.527071,-3.588563,15.39786,0.243568,10.027143,2.015251
34021,-6.914771,9.517068,-6.171828,11.267937,11.783486,4.515116,15.873201,17.613853,10.527071,-3.588563,15.39786,0.243568,10.027143,2.015251
34023,-6.914771,9.517068,-6.171828,11.267937,11.783486,4.515116,15.873201,17.613853,10.527071,-3.588563,15.39786,0.243568,10.027143,2.015251
34025,-6.914771,9.517068,-6.171828,11.267937,11.783486,4.515116,15.873201,17.613853,10.527071,-3.588563,15.39786,0.243568,10.027143,2.015251
34027,-6.914771,9.517068,-6.171828,11.267937,11.783486,4.515116,15.873201,17.613853,10.527071,-3.588563,15.39786,0.243568,10.027143,2.015251
34029,-2.778482,14.027707,-2.797118,19.355907,14.814588,7.965895,16.897422,25.17327,9.087362,1.752592,15.19038,3.296922,7.458008,1.030364
34031,-6.914771,9.517068,-6.171828,11.267937,11.783486,4.515116,15.873201,17.613853,10.527071,-3.588563,15.39786,0.243568,10.027143,2.015251
34033,6.88068,24.561058,5.083586,38.243124,21.892889,16.024236,19.289208,42.8262,5.725319,14.225384,14.705866,10.427186,1.458504,-1.269569
34035,-6.914771,9.517068,-6.171828,11.267937,11.783486,4.515116,15.873201,17.613853,10.527071,-3.588563,15.39786,0.243568,10.027143,2.015251
34037,-6.914771,9.517068,-6.171828,11.267937,11.783486,4.515116,15.873201,17.613853,10.527071,-3.588563,15.39786,0.243568,10.027143,2.015251
34039,-6.914771,9.517068,-6.171828,11.267937,11.783486,4.515116,15.873201,17.613853,10.527071,-3.588563,15.39786,0.243568,10.027143,2.015251
34041,-6.914771,9.517068,-6.171828,11.267937,11.783486,4.515116,15.873201,17.613853,10.527071,-3.588563,15.39786,0.243568,10.027143,2.015251
35001,18.38205,28.131494,-7.251779,30.205524,48.285203,29.794666,19.276369,28.564179,-8.558674,29.682688,17.183197,37.109563,42.409492,36.489555
35003,12.714624,26.155147,-6.297824,19.847397,37.567141,26.006252,11.838719,20.427657,-8.752505,26.696945,11.514744,30.229877,33.832292,25.597648
35005,22.968725,36.169217,-3.314141,24.869045,46.118712,32.841541,15.183636,23.552352,-6.384282,40.851383,11.608049,36.226856,35.536931,45.714104
35006,16.846428,27.285534,-7.684819,27.988006,45.645506,28.074123,17.345514,26.184402,-8.467042,29.660313,16.949356,35.794394,41.335242,32.797348
35007,21.266283,23.231599,-1.475559,32.484082,36.362937,25.74814,24.818852,27.185094,-8.770537,29.023011,11.139257,25.666322,30.706459,39.880979
35009,26.419387,34.864408,11.972196,17.965314,36.925092,54.928265,10.355206,25.673445,20.82057,32.571032,23.958719,29.118274,46.359928,60.540288
35011,23.894058,44.213291,3.55024,35.454676,55.930668,42.247917,27.598198,35.743232,-13.046419,36.561838,14.234084,45.751202,41.000448,59.734562
35013,11.346906,25.705391,-1.368419,17.405818,35.8878,27.386952,12.653811,19.126425,-10.411956,25.977157,10.11402,30.020933,29.999211,26.733259
35015,21.811556,33.08553,-1.212006,24.678917,43.468883,31.896743,12.875097,22.755573,-6.83576,40.489716,12.098425,35.558873,34.831405,42.642646
35017,11.438562,25.789778,-4.170649,17.174845,35.413983,26.367847,10.975322,19.047416,-9.244722,25.179265,9.125462,28.536757,30.34206,24.928068
35019,24.076256,45.401357,4.628994,37.03344,57.36951,43.683768,29.408757,37.564832,-13.896858,35.994261,14.690521,47.159067,41.856295,61.819685
35021,23.943651,34.645236,6.751919,26.909827,42.50832,43.843463,19.29913,28.981693,3.863915,31.470849,17.895684,31.98674,41.271496,54.92102
35023,10.107879,21.370474,-2.209074,9.194333,24.090439,24.756189,5.775719,11.883557,-12.666799,26.147904,11.451905,26.953664,26.506953,16.664478
35025,37.152798,41.891328,22.801715,38.597558,49.998984,55.341108,17.028383,39.171558,30.185594,57.585221,35.525991,43.605427,55.29222,60.396874
35027,22.581575,37.270552,-2.533179,26.427016,47.628769,34.025742,17.341773,25.43326,-8.279916,39.314327,11.592559,37.614248,36.06116,47.525045
35028,19.039788,30.126336,-5.879431,30.994217,49.334532,31.398996,20.446761,29.603844,-9.175288,30.411738,16.895268,38.270381,42.345592,39.415439
35029,10.966991,25.214043,0.018201,16.408597,34.560035,27.434498,12.575187,18.127645,-11.585519,26.810518,10.910152,30.832717,29.673308,26.055306
35031,15.1369,26.958192,-7.723362,25.472049,42.684673,26.485721,15.33086,23.552822,-8.587548,29.907617,16.547889,34.559566,39.931915,29.217102
35033,22.665998,34.274887,1.565265,34.750227,46.826815,34.682307,27.105194,32.355491,-11.324081,32.495558,12.908227,36.372374,36.26046,50.809175
35035,20.771699,32.658741,-1.929715,23.910288,43.098717,31.241248,13.086054,22.40402,-7.500313,38.799536,11.447866,34.912542,34.203488,41.292489
35037,25.687379,38.156212,9.678137,23.922307,43.312047,51.415419,16.307646,29.388383,9.974644,33.640469,21.06328,34.754322,44.952967,60.939979
35039,10.824619,20.890921,-10.965645,26.410988,35.598321,19.378283,14.13513,20.605892,-10.511879,28.809685,14.797067,30.658476,28.517312,30.898765
35041,32.899762,41.298016,16.968401,33.292796,48.697198,52.971139,18.150882,36.206737,20.335006,48.390831,29.041463,41.240827,50.855982,61.268282
35043,16.436348,26.273164,-8.68737,29.069813,45.824608,27.309599,17.595128,26.633237,-8.811162,29.334448,17.026466,35.948798,39.967697,34.354514
35045,6.583605,21.1415,-12.78635,21.632722,32.966291,16.763253,8.480874,16.365494,-11.023708,29.866644,17.153892,30.213209,27.619503,23.628753
35047,24.116727,45.219364,4.755825,36.704098,57.016397,43.877982,29.079667,37.359446,-13.297223,35.935136,14.8506,46.847469,41.934081,61.797588
35049,24.071474,45.365879,4.618646,37.025892,57.336484,43.655072,29.400878,37.548147,-13.888545,35.983033,14.685265,47.125215,41.839201,61.783907
35051,12.136274,26.72629,-4.249474,19.477795,38.646566,27.288161,12.817173,21.201642,-7.973583,24.24564,8.459855,28.334247,30.676356,28.141876
35053,15.446591,28.266456,-5.182665,24.147975,43.101799,28.882157,15.677013,24.369519,-8.235413,27.678794,12.004334,32.496398,35.558893,33.112397
35055,21.266283,23.231599,-1.475559,32.484082,36.362937,25.74814,24.818852,27.185094,-8.770537,29.023011,11.139257,25.666322,30.706459,39.880979
35057,23.25149,42.899938,2.908147,36.044464,56.053712,41.672029,27.941151,36.26115,-13.123659,35.080074,15.051568,45.703466,41.936422,58.150792
35059,18.511362,23.462731,10.026798,19.149501,30.951171,37.002698,11.717729,18.438914,18.554051,16.389414,17.507285,7.186414,41.296873,41.118204
35061,18.186239,27.537623,-7.660332,29.970728,47.972815,29.317051,18.927939,28.254667,-8.375106,29.465647,17.268915,36.763984,42.428515,35.61851
36001,-8.160194,-2.334597,-15.858729,-5.606095,-2.330928,18.665019,3.598149,28.824641,12.722698,-12.93584,5.181911,0.440269,13.194488,-2.691486
36003,-15.16221,-7.899529,-11.782582,-14.514936,-6.202182,17.583097,-6.223509,16.874888,16.464504,-16.146329,-5.607573,-2.264753,9.254655,-2.716904
36005,-3.318295,4.592883,-15.262166,2.654477,4.037417,7.159173,15.790742,17.027104,8.063489,-2.11231,10.421247,7.109541,3.807037,3.975401
36007,-8.358334,-2.43109,-15.671314,-5.632628,-2.408644,18.776252,3.271481,28.984829,12.895274,-12.918457,5.009477,0.321242,13.826955,-2.588324
36009,-15.002399,-9.523896,-9.992057,-11.44771,-5.612186,14.817791,-7.012227,14.726997,12.998034,-14.031002,-7.34716,0.239199,9.789915,-0.831578
36011,-15.16221,-7.899529,-11.782582,-14.514936,-6.202182,17.583097,-6.223509,16.874888,16.464504,-16.146329,-5.607573,-2.264753,9.254655,-2.716904
36013,-14.760054,-11.987169,-7.276813,-6.796412,-4.717487,10.624341,-8.208279,11.469825,7.741304,-10.823213,-9.985158,4.03632,10.60161,2.027426
36015,-15.16221,-7.899529,-11.782582,-14.514936,-6.202182,17.583097,-6.223509,16.874888,16.464504,-16.146329,-5.607573,-2.264753,9.254655,-2.716904
36017,-8.358334,-2.43109,-15.671314,-5.632628,-2.408644,18.776252,3.271481,28.984829,12.895274,-12.918457,5.009477,0.321242,13.826955,-2.588324
36019,-6.086246,-9.915978,-13.529365,-11.874814,0.985876,18.893712,-2.60741,25.972378,9.445284,-19.820926,-7.007575,3.617507,-1.475862,1.098349
36021,-5.060708,-0.825174,-18.79043,-5.191049,-1.115237,16.925019,8.708177,26.318841,10.023109,-13.207756,7.879275,2.302192,3.300891,-4.305232
36023,-8.602123,-2.627029,-15.531978,-5.950889,-2.54457,18.7335,2.931266,28.550918,13.023163,-13.034115,4.629058,0.228583,13.663125,-2.592931
36025,-8.358334,-2.43109,-15.671314,-5.632628,-2.408644,18.776252,3.271481,28.984829,12.895274,-12.918457,5.009477,0.321242,13.826955,-2.588324
36027,-6.874045,1.020534,-18.580254,-2.257636,-0.771065,12.400284,8.33109,22.166122,10.286163,-9.667812,8.736116,2.189838,4.398312,-2.958481
36029,-14.980211,-9.749421,-9.743463,-11.02186,-5.530272,14.43386,-7.121732,14.428786,12.516754,-13.737313,-7.588682,0.586845,9.86423,-0.569822
36031,-6.599272,-10.501714,-13.044535,-11.615362,0.873663,18.469606,-3.247221,25.554757,10.597098,-18.234533,-6.591516,3.256852,-1.159231,1.323991
36033,-8.358402,-12.510163,-11.382085,-10.72572,0.488894,17.015377,-5.441091,24.122763,14.546589,-12.7949,-5.164879,2.020189,-0.073523,2.097701
36035,-8.358334,-2.43109,-15.671314,-5.632628,-2.408644,18.776252,3.271481,28.984829,12.895274,-12.918457,5.009477,0.321242,13.826955,-2.588324
36037,-15.16221,-7.899529,-11.782582,-14.514936,-6.202182,17.583097,-6.223509,16.874888,16.464504,-16.146329,-5.607573,-2.264753,9.254655,-2.716904
36039,-8.358334,-2.43109,-15.671314,-5.632628,-2.408644,18.776252,3.271481,28.984829,12.895274,-12.918457,5.009477,0.321242,13.826955,-2.588324
36041,-8.358375,-8.420091,-13.122648,-8.658951,-0.686922,17.729937,-1.905543,26.095782,13.876488,-12.845039,-1.036142,1.330759,5.567269,0.19612
36043,-8.358359,-6.080987,-14.118072,-7.47697,-1.359369,18.138593,0.11643,27.224147,13.493259,-12.873714,1.325075,0.936475,8.793227,-0.891391
36045,-8.665195,-12.690984,-11.365917,-10.637737,0.442477,16.84837,-5.982849,23.828369,14.409467,-12.703529,-5.312075,1.69384,-0.335347,1.984744
36047,-3.318295,4.592883,-15.262166,2.654477,4.037417,7.159173,15.790742,17.027104,8.063489,-2.11231,10.421247,7.109541,3.807037,3.975401
36049,-8.358392,-10.945946,-12.04775,-9.9353,0.039212,17.288655,-4.088948,24.877329,14.290314,-12.814075,-3.585875,1.756522,2.083754,1.370456
36051,-15.16221,-7.899529,-11.782582,-14.514936,-6.202182,17.583097,-6.223509,16.874888,16.464504,-16.146329,-5.607573,-2.264753,9.254655,-2.716904
36053,-8.358334,-2.43109,-15.671314,-5.632628,-2.408644,18.776252,3.271481,28.984829,12.895274,-12.918457,5.009477,0.321242,13.826955,-2.588324
36055,-15.16221,-7.899529,-11.782582,-14.514936,-6.202182,17.583097,-6.223509,16.874888,16.464504,-16.146329,-5.607573,-2.264753,9.254655,-2.716904
36057,-8.358334,-2.43109,-15.671314,-5.632628,-2.408644,18.776252,3.271481,28.984829,12.895274,-12.918457,5.009477,0.321242,13.826955,-2.588324
36059,-13.364411,6.658181,-25.888194,4.553399,-2.930896,-2.378968,6.238228,7.593107,9.727098,-4.436135,14.346487,-0.931607,-5.555877,-7.787787
36061,-3.318295,4.592883,-15.262166,2.654477,4.037417,7.159173,15.790742,17.027104,8.063489,-2.11231,10.421247,7.109541,3.807037,3.975401
36063,-14.965555,-9.898391,-9.579255,-10.740567,-5.476164,14.180255,-7.194065,14.231804,12.198846,-13.543318,-7.748218,0.816481,9.913318,-0.39692
36065,-8.358334,-2.472644,-15.653631,-5.653625,-2.396698,18.768992,3.235561,28.964784,12.902082,-12.917947,4.967531,0.328246,13.769647,-2.569005
36067,-10.992271,-4.548049,-14.165897,-9.071174,-3.87721,18.314354,-0.404249,24.296792,14.277005,-14.168041,0.899373,-0.679856,12.056912,-2.6381
36069,-15.16221,-7.899529,-11.782582,-14.514936,-6.202182,17.583097,-6.223509,16.874888,16.464504,-16.146329,-5.607573,-2.264753,9.254655,-2.716904
36071,-3.318295,4.592883,-15.262166,2.654477,4.037417,7.159173,15.790742,17.027104,8.063489,-2.11231,10.421247,7.109541,3.807037,3.975401
36073,-15.16221,-7.899529,-11.782582,-14.514936,-6.202182,17.583097,-6.223509,16.874888,16.464504,-16.146329,-5.607573,-2.264753,9.254655,-2.716904
36075,-10.494537,-5.754598,-13.76668,-9.233216,-3.137823,18.120958,-1.098412,24.407696,14.279113,-13.912207,0.054287,-0.219864,10.175675,-1.881744
36077,-8.358334,-2.43109,-15.671314,-5.632628,-2.408644,18.776252,3.271481,28.984829,12.895274,-12.918457,5.009477,0.321242,13.826955,-2.588324
36079,-8.393015,5.636152,-20.629825,3.613703,0.517426,2.341053,10.965362,12.261591,8.903848,-3.286173,12.404052,3.047616,-0.922569,-1.966685
36081,-4.512332,4.838355,-16.525129,2.880175,3.209194,6.025512,14.655373,15.90582,8.261218,-2.388509,10.887783,6.153806,2.694202,2.57728
36083,-4.334863,-0.471694,-19.476982,-5.093853,-0.830544,16.517542,9.904854,25.732028,9.390913,-13.271434,8.510949,2.738222,0.983987,-4.683143
36085,-3.318295,4.592883,-15.262166,2.654477,4.037417,7.159173,15.790742,17.027104,8.063489,-2.11231,10.421247,7.109541,3.807037,3.975401
36087,-3.318295,4.592883,-15.262166,2.654477,4.037417,7.159173,15.790742,17.027104,8.063489,-2.11231,10.421247,7.109541,3.807037,3.975401
36089,-8.358402,-12.510163,-11.382085,-10.72572,0.488894,17.015377,-5.441091,24.122763,14.546589,-12.7949,-5.164879,2.020189,-0.073523,2.097701
36091,-7.250706,-1.891685,-16.718983,-5.484308,-1.974206,18.154448,5.097594,28.089359,11.930552,-13.015629,5.973404,0.986617,10.291391,-3.16501
36093,-8.358334,-2.43109,-15.671314,-5.632628,-2.408644,18.776252,3.271481,28.984829,12.895274,-12.918457,5.009477,0.321242,13.826955,-2.588324
36095,-8.358334,-2.43109,-15.671314,-5.632628,-2.408644,18.776252,3.271481,28.984829,12.895274,-12.918457,5.009477,0.321242,13.826955,-2.588324
36097,-15.16221,-7.899529,-11.782582,-14.514936,-6.202182,17.583097,-6.223509,16.874888,16.464504,-16.146329,-5.607573,-2.264753,9.254655,-2.716904
36099,-15.16221,-7.899529,-11.782582,-14.514936,-6.202182,17.583097,-6.223509,16.874888,16.464504,-16.146329,-5.607573,-2.264753,9.254655,-2.716904
36101,-15.16221,-7.899529,-11.782582,-14.514936,-6.202182,17.583097,-6.223509,16.874888,16.464504,-16.146329,-5.607573,-2.264753,9.254655,-2.716904
36103,-13.444715,6.674689,-25.973134,4.568578,-2.986597,-2.455211,6.16187,7.517696,9.740396,-4.454711,14.377863,-0.995884,-5.63072,-7.881816
36105,-6.091009,0.728732,-15.487254,-1.90457,0.491197,13.550164,8.903427,23.605497,10.721635,-8.057177,7.444029,3.375043,9.31937,0.36445
36107,-12.444254,-5.715042,-13.336021,-10.966705,-4.686771,18.059728,-2.43053,21.712467,15.038697,-14.856886,-1.366362,-1.231721,11.08116,-2.66554
36109,-15.148878,-7.888813,-11.790202,-14.497531,-6.194748,17.585435,-6.204904,16.898617,16.45751,-16.140004,-5.586769,-2.259686,9.263615,-2.716652
36111,-7.749867,-1.58311,-15.621919,-4.632154,-1.630433,17.373761,4.782889,27.541213,12.311949,-11.613867,5.662821,1.14077,12.617284,-1.795908
36113,-7.017092,-6.221802,-14.84637,-8.401736,-0.594358,18.169729,0.940401,26.703481,11.537212,-15.152708,-0.006171,2.030111,4.628133,-0.94146
36115,-4.325744,-1.293159,-19.023272,-5.894998,-0.583688,16.873436,8.822124,25.84463,9.01566,-14.450912,6.755953,2.967283,0.479089,-4.151074
36117,-15.16221,-7.899529,-11.782582,-14.514936,-6.202182,17.583097,-6.223509,16.874888,16.464504,-16.146329,-5.607573,-2.264753,9.254655,-2.716904
36119,-7.837489,5.521946,-20.042231,3.508697,0.902757,2.868489,11.493592,12.783268,8.811855,-3.157671,12.186996,3.492272,-0.404822,-1.316209
36121,-15.16221,-7.899529,-11.782582,-14.514936,-6.202182,17.583097,-6.223509,16.874888,16.464504,-16.146329,-5.607573,-2.264753,9.254655,-2.716904
36123,-15.16221,-7.899529,-11.782582,-14.514936,-6.202182,17.583097,-6.223509,16.874888,16.464504,-16.146329,-5.607573,-2.264753,9.254655,-2.716904
37001,2.808012,8.681223,-2.310853,-7.37749,11.440482,-17.683665,3.380241,18.155599,-15.276338,-0.80372,2.374231,-1.90401,-18.994536,0.745375
37003,-3.216282,7.515442,-7.16412,-9.542452,9.310051,-21.762077,0.485302,18.680614,-22.324644,-1.535217,-0.533879,-5.069557,-20.797951,0.987866
37005,7.614596,8.638094,4.431468,-5.343301,12.599515,-14.45722,6.164365,16.399609,-6.895064,1.128698,5.260001,-1.949132,-17.611511,5.675775
37007,-5.656802,7.159874,-12.325869,-12.268338,8.86966,-23.608347,-0.952395,18.814937,-29.580261,-4.779387,-3.1365,-5.219167,-19.965021,-3.804549
37009,4.238693,3.518384,5.68911,-10.990743,10.077733,-17.505604,6.048167,9.788126,-11.31068,-2.07441,1.851178,-12.862322,-13.858992,15.538271
37011,3.0195,4.212204,4.646992,-10.017782,9.826626,-18.119021,5.204814,11.396187,-11.54403,-0.890599,1.998411,-11.822573,-15.63479,14.71438
37013,5.031084,31.163583,-4.254226,10.337927,23.587001,-4.138949,9.535858,45.738423,-22.542381,17.349612,14.36725,6.04336,-8.895472,0.136137
37015,11.245362,29.144606,5.641441,15.281744,20.028685,1.913499,13.220461,38.923129,-14.103857,14.674686,15.368806,10.180181,-7.356033,1.841378
37017,3.213538,27.081592,-5.626863,6.49358,21.084219,-7.44985,7.752261,41.159904,-23.73922,13.586428,11.39062,4.128092,-10.777922,-0.534003
37019,13.071306,45.94144,6.074021,34.162631,40.335531,4.999557,17.539119,54.952756,-3.446582,36.009925,27.357604,16.647461,-12.302933,19.935395
37021,-2.946669,7.637865,-0.47056,-5.220517,8.605717,-21.114973,1.068248,19.313105,-12.669649,4.93043,2.73539,-6.674921,-24.362193,10.630168
37023,-2.946669,7.637865,-0.47056,-5.220517,8.605717,-21.114973,1.068248,19.313105,-12.669649,4.93043,2.73539,-6.674921,-24.362193,10.630168
37025,-5.656802,7.159874,-12.325869,-12.268338,8.86966,-23.608347,-0.952395,18.814937,-29.580261,-4.779387,-3.1365,-5.219167,-19.965021,-3.804549
37027,-0.541783,6.257025,1.592259,-7.154233,9.09785,-19.907343,2.735645,16.121897,-12.215926,2.584048,2.438323,-8.749874,-20.844289,12.276462
37029,21.524548,38.952533,19.750948,31.855076,27.002754,20.254268,22.450459,52.199188,-1.034548,29.042297,21.934667,14.852368,-2.180935,6.159477
37031,5.061676,31.230901,-4.022525,10.694722,23.76402,-3.715194,9.615206,45.839566,-22.318744,18.055918,14.350108,6.103932,-8.945322,0.281811
37033,8.293071,9.667032,4.178713,-4.208301,13.106332,-13.844568,6.187718,17.728358,-6.007631,1.772446,5.945093,0.244157,-18.365678,3.69365
37035,-4.535841,7.35758,-7.422293,-9.353229,8.760488,-22.577042,-0.116619,19.020989,-22.585718,-0.763226,-0.707777,-5.821294,-21.783773,2.165918
37037,-5.656802,7.159874,-12.325869,-12.268338,8.86966,-23.608347,-0.952395,18.814937,-29.580261,-4.779387,-3.1365,-5.219167,-19.965021,-3.804549
37039,1.143957,12.369697,12.019059,7.474356,19.402261,-12.311784,3.571786,26.552951,1.156573,12.947502,7.240751,-2.936729,-21.391703,27.892138
37041,13.827298,28.305752,9.752935,17.335822,18.550261,4.428196,14.751355,36.09148,-10.597782,13.563296,15.784937,11.898965,-6.71642,2.549879
37043,-0.86129,10.050127,5.89658,1.25126,14.109736,-16.627155,2.344538,23.003939,-5.621116,9.017489,5.032198,-4.769211,-22.847853,19.430226
37045,-2.946669,7.637865,-0.47056,-5.220517,8.605717,-21.114973,1.068248,19.313105,-12.669649,4.93043,2.73539,-6.674921,-24.362193,10.630168
37047,2.560094,25.01598,-5.463795,6.109961,20.910333,-9.521636,7.226849,37.893202,-22.122228,12.367242,10.279461,3.798967,-13.046613,1.651782
37049,5.031084,31.163583,-4.254226,10.337927,23.587001,-4.138949,9.535858,45.738423,-22.542381,17.349612,14.36725,6.04336,-8.895472,0.136137
37051,-2.221197,14.875829,-9.731252,-5.001589,13.600527,-17.349939,2.419038,27.46945,-27.317946,2.333946,2.490054,-1.598845,-16.406731,-2.537822
37053,26.723458,46.143628,26.50385,41.661734,32.711773,30.943582,27.650621,63.078726,5.424693,39.497191,26.088345,16.847168,0.882442,8.597488
37055,7.893813,35.206116,8.169947,28.370088,32.097473,17.128691,14.320021,51.458887,-10.668546,50.285245,14.422957,9.48126,-10.429996,7.19649
37057,-5.304667,7.223161,-11.909246,-12.06488,8.976606,-23.361882,-0.772158,18.787509,-28.985221,-4.614,-2.907254,-5.081257,-19.924649,-3.615273
37059,-3.060918,7.626422,-9.254588,-10.768474,9.658048,-21.791439,0.376284,18.612739,-25.193711,-3.560179,-1.446537,-4.202516,-19.667405,-2.409235
37061,5.031084,31.163583,-4.254226,10.337927,23.587001,-4.138949,9.535858,45.738423,-22.542381,17.349612,14.36725,6.04336,-8.895472,0.136137
37063,2.837907,9.545217,-2.414499,-6.645799,11.817371,-17.126806,3.615572,19.183499,-15.728746,-0.189284,2.772038,-1.561648,-18.562751,0.652536
37065,6.933447,30.545518,-1.224887,11.851367,22.497702,-2.286126,10.663818,43.652072,-19.959114,16.530743,14.673854,7.309756,-8.424206,0.658159
37067,8.043837,9.622238,3.883835,-4.352305,13.030638,-14.019011,6.06015,17.747772,-6.428789,1.655388,5.782838,0.146547,-18.394252,3.559685
37069,12.003441,28.898311,6.848611,15.884839,19.594607,2.651836,13.669944,38.091732,-13.074443,14.348372,15.490986,10.68483,-7.168237,2.0494
37071,-4.827794,7.306087,-8.699425,-10.112467,8.788922,-22.845644,-0.334296,18.967323,-24.407441,-1.809232,-1.340336,-5.664471,-21.310081,0.610915
37073,13.827298,28.305752,9.752935,17.335822,18.550261,4.428196,14.751355,36.09148,-10.597782,13.563296,15.784937,11.898965,-6.71642,2.549879
37075,0.127773,11.194226,8.916417,4.320725,16.720209,-14.498651,2.949863,24.754446,-2.278104,10.95592,6.12154,-3.865362,-22.129625,23.60396
37077,12.900214,25.183426,8.819151,13.726788,17.638303,1.367175,13.316789,33.015322,-9.828848,11.588113,14.136584,9.946572,-8.667883,2.741482
37079,5.031084,31.163583,-4.254226,10.337927,23.587001,-4.138949,9.535858,45.738423,-22.542381,17.349612,14.36725,6.04336,-8.895472,0.136137
37081,4.571509,8.99817,-0.224398,-6.358567,11.976068,-16.44936,4.282871,18.018237,-12.296364,0.024541,3.522296,-1.213354,-18.792352,1.693272
37083,13.827298,28.305752,9.752935,17.335822,18.550261,4.428196,14.751355,36.09148,-10.597782,13.563296,15.784937,11.898965,-6.71642,2.549879
37085,-2.850916,13.461556,-10.206825,-6.333527,12.733396,-18.497056,1.801081,25.883147,-27.73261,1.030128,1.458751,-2.262421,-17.058938,-2.770003
37087,-2.946669,7.637865,-0.47056,-5.220517,8.605717,-21.114973,1.068248,19.313105,-12.669649,4.93043,2.73539,-6.674921,-24.362193,10.630168
37089,-2.946669,7.637865,-0.47056,-5.220517,8.605717,-21.114973,1.068248,19.313105,-12.669649,4.93043,2.73539,-6.674921,-24.362193,10.630168
37091,13.827298,28.305752,9.752935,17.335822,18.550261,4.428196,14.751355,36.09148,-10.597782,13.563296,15.784937,11.898965,-6.71642,2.549879
37093,-5.656802,7.159874,-12.325869,-12.268338,8.86966,-23.608347,-0.952395,18.814937,-29.580261,-4.779387,-3.1365,-5.219167,-19.965021,-3.804549
37095,5.74853,32.742321,1.179586,18.705429,27.738413,5.798864,11.396707,48.1104,-17.297679,33.913776,13.965236,7.4639,-10.064553,3.552458
37097,-4.064415,7.446067,-10.441861,-11.34828,9.353279,-22.493806,-0.137347,18.690903,-26.889432,-4.031491,-2.09983,-4.595525,-19.782455,-2.948625
37099,-2.946669,7.637865,-0.47056,-5.220517,8.605717,-21.114973,1.068248,19.313105,-12.669649,4.93043,2.73539,-6.674921,-24.362193,10.630168
37101,5.031084,31.163583,-4.254226,10.337927,23.587001,-4.138949,9.535858,45.738423,-22.542381,17.349612,14.36725,6.04336,-8.895472,0.136137
37103,5.031084,31.163583,-4.254226,10.337927,23.587001,-4.138949,9.535858,45.738423,-22.542381,17.349612,14.36725,6.04336,-8.895472,0.136137
37105,-5.656802,7.159874,-12.325869,-12.268338,8.86966,-23.608347,-0.952395,18.814937,-29.580261,-4.779387,-3.1365,-5.219167,-19.965021,-3.804549
37107,5.031084,31.163583,-4.254226,10.337927,23.587001,-4.138949,9.535858,45.738423,-22.542381,17.349612,14.36725,6.04336,-8.895472,0.136137
37109,-4.436761,7.375054,-6.988877,-9.095568,8.750839,-22.485887,-0.042747,19.039201,-21.967486,-0.408247,-0.493107,-5.874515,-21.944529,2.693635
37111,-2.946669,7.637865,-0.47056,-5.220517,8.605717,-21.114973,1.068248,19.313105,-12.669649,4.93043,2.73539,-6.674921,-24.362193,10.630168
37113,-2.946669,7.637865,-0.47056,-5.220517,8.605717,-21.114973,1.068248,19.313105,-12.669649,4.93043,2.73539,-6.674921,-24.362193,10.630168
37115,-2.571198,7.422276,-0.148495,-5.522426,8.682553,-20.926428,1.328576,18.814866,-12.59881,4.564092,2.689009,-6.998881,-23.812948,10.887202
37117,5.552118,30.994303,-3.424527,10.75244,23.288655,-3.631483,9.844793,45.166997,-21.834856,17.125334,14.451225,6.39021,-8.766398,0.279112
37119,-5.656802,7.159874,-12.325869,-12.268338,8.86966,-23.608347,-0.952395,18.814937,-29.580261,-4.779387,-3.1365,-5.219167,-19.965021,-3.804549
37121,1.4359,5.121477,3.28864,-8.744444,9.50256,-18.914237,4.106846,13.497574,-11.842803,0.654476,2.194027,-10.456232,-17.951304,13.630308
37123,-5.656802,7.159874,-12.325869,-12.268338,8.86966,-23.608347,-0.952395,18.814937,-29.580261,-4.779387,-3.1365,-5.219167,-19.965021,-3.804549
37125,-5.656802,7.159874,-12.325869,-12.268338,8.86966,-23.608347,-0.952395,18.814937,-29.580261,-4.779387,-3.1365,-5.219167,-19.965021,-3.804549
37127,8.61936,29.997776,1.459773,13.192607,21.532343,-0.644118,11.663437,41.803106,-17.669772,15.805045,14.945573,8.432061,-8.006562,1.120785
37129,6.597723,34.043052,-2.241765,14.980176,26.850456,-2.358309,11.095295,47.533838,-18.82156,20.985578,16.898423,8.109571,-9.559416,3.994027
37131,13.827298,28.305752,9.752935,17.335822,18.550261,4.428196,14.751355,36.09148,-10.597782,13.563296,15.784937,11.898965,-6.71642,2.549879
37133,5.031084,31.163583,-4.254226,10.337927,23.587001,-4.138949,9.535858,45.738423,-22.542381,17.349612,14.36725,6.04336,-8.895472,0.136137
37135,3.690909,8.839903,-1.266266,-6.867364,11.708624,-17.065708,3.832144,18.086828,-13.784409,-0.38905,2.949011,-1.558232,-18.893312,1.219941
37137,5.031084,31.163583,-4.254226,10.337927,23.587001,-4.138949,9.535858,45.738423,-22.542381,17.349612,14.36725,6.04336,-8.895472,0.136137
37139,19.077408,35.567667,16.572341,27.239059,24.315504,15.222782,20.00273,47.078163,-4.074929,24.121153,19.979521,13.913411,-3.622874,5.0119
37141,5.031084,31.163583,-4.254226,10.337927,23.587001,-4.138949,9.535858,45.738423,-22.542381,17.349612,14.36725,6.04336,-8.895472,0.136137
37143,14.137955,28.735451,10.156451,17.921813,18.8914,5.066929,15.062087,36.74158,-10.211814,14.188022,16.033138,12.018163,-6.53337,2.695561
37145,8.293071,9.667032,4.178713,-4.208301,13.106332,-13.844568,6.187718,17.728358,-6.007631,1.772446,5.945093,0.244157,-18.365678,3.69365
37147,5.031084,31.163583,-4.254226,10.337927,23.587001,-4.138949,9.535858,45.738423,-22.542381,17.349612,14.36725,6.04336,-8.895472,0.136137
37149,-2.946669,7.637865,-0.47056,-5.220517,8.605717,-21.114973,1.068248,19.313105,-12.669649,4.93043,2.73539,-6.674921,-24.362193,10.630168
37151,-5.656802,7.159874,-12.325869,-12.268338,8.86966,-23.608347,-0.952395,18.814937,-29.580261,-4.779387,-3.1365,-5.219167,-19.965021,-3.804549
37153,-5.656802,7.159874,-12.325869,-12.268338,8.86966,-23.608347,-0.952395,18.814937,-29.580261,-4.779387,-3.1365,-5.219167,-19.965021,-3.804549
37155,-5.656802,7.159874,-12.325869,-12.268338,8.86966,-23.608347,-0.952395,18.814937,-29.580261,-4.779387,-3.1365,-5.219167,-19.965021,-3.804549
37157,8.293071,9.667032,4.178713,-4.208301,13.106332,-13.844568,6.187718,17.728358,-6.007631,1.772446,5.945093,0.244157,-18.365678,3.69365
37159,-5.656802,7.159874,-12.325869,-12.268338,8.86966,-23.608347,-0.952395,18.814937,-29.580261,-4.779387,-3.1365,-5.219167,-19.965021,-3.804549
37161,-2.946669,7.637865,-0.47056,-5.220517,8.605717,-21.114973,1.068248,19.313105,-12.669649,4.93043,2.73539,-6.674921,-24.362193,10.630168
37163,5.031084,31.163583,-4.254226,10.337927,23.587001,-4.138949,9.535858,45.738423,-22.542381,17.349612,14.36725,6.04336,-8.895472,0.136137
37165,-5.656802,7.159874,-12.325869,-12.268338,8.86966,-23.608347,-0.952395,18.814937,-29.580261,-4.779387,-3.1365,-5.219167,-19.965021,-3.804549
37167,-5.656802,7.159874,-12.325869,-12.268338,8.86966,-23.608347,-0.952395,18.814937,-29.580261,-4.779387,-3.1365,-5.219167,-19.965021,-3.804549
37169,8.293071,9.667032,4.178713,-4.208301,13.106332,-13.844568,6.187718,17.728358,-6.007631,1.772446,5.945093,0.244157,-18.365678,3.69365
37171,8.293071,9.667032,4.178713,-4.208301,13.106332,-13.844568,6.187718,17.728358,-6.007631,1.772446,5.945093,0.244157,-18.365678,3.69365
37173,-2.549681,8.097081,0.741535,-3.988502,9.653502,-20.260639,1.311212,20.015719,-11.327839,5.708473,3.172627,-6.312136,-24.073912,12.305412
37175,-2.946669,7.637865,-0.47056,-5.220517,8.605717,-21.114973,1.068248,19.313105,-12.669649,4.93043,2.73539,-6.674921,-24.362193,10.630168
37177,5.965759,33.220332,2.82484,21.238949,28.995381,8.807843,11.960136,48.828589,-15.709683,38.929089,13.843514,7.894013,-10.418529,4.586855
37179,-5.656802,7.159874,-12.325869,-12.268338,8.86966,-23.608347,-0.952395,18.814937,-29.580261,-4.779387,-3.1365,-5.219167,-19.965021,-3.804549
37181,13.827298,28.305752,9.752935,17.335822,18.550261,4.428196,14.751355,36.09148,-10.597782,13.563296,15.784937,11.898965,-6.71642,2.549879
37183,2.348706,23.998208,-5.910594,4.074358,19.032402,-9.405462,6.729775,37.379194,-23.994039,10.689417,9.320677,3.041367,-12.025978,-0.892532
37185,13.827298,28.305752,9.752935,17.335822,18.550261,4.428196,14.751355,36.09148,-10.597782,13.563296,15.784937,11.898965,-6.71642,2.549879
37187,5.031084,31.163583,-4.254226,10.337927,23.587001,-4.138949,9.535858,45.738423,-22.542381,17.349612,14.36725,6.04336,-8.895472,0.136137
37189,4.235719,3.513875,5.690218,-10.995717,10.075512,-17.508289,6.048064,9.782303,-11.314569,-2.077231,1.848176,-12.871935,-13.855687,15.546957
37191,5.031084,31.163583,-4.254226,10.337927,23.587001,-4.138949,9.535858,45.738423,-22.542381,17.349612,14.36725,6.04336,-8.895472,0.136137
37193,6.948664,7.63183,4.677403,-6.452991,12.103015,-15.057845,6.140293,15.101164,-7.764135,0.500213,4.589555,-4.094718,-16.875784,7.614956
37195,5.031084,31.163583,-4.254226,10.337927,23.587001,-4.138949,9.535858,45.738423,-22.542381,17.349612,14.36725,6.04336,-8.895472,0.136137
37197,8.293071,9.667032,4.178713,-4.208301,13.106332,-13.844568,6.187718,17.728358,-6.007631,1.772446,5.945093,0.244157,-18.365678,3.69365
37199,-2.012646,7.101566,0.330609,-5.971545,8.796854,-20.645947,1.715841,18.073686,-12.49343,4.019129,2.620013,-7.480803,-22.99589,11.269565
38001,1.000977,12.787443,13.443394,4.327458,7.110805,28.659638,6.106773,-0.678193,9.868541,7.838301,13.452926,11.444148,17.563533,7.685709
38003,3.511085,9.758408,13.917344,10.592267,5.521263,30.019138,-16.860347,4.465562,5.13323,10.541264,5.390068,16.292087,13.947452,0.172726
38005,1.392574,7.895385,9.592711,-2.835172,4.053218,28.127409,5.457697,4.40624,6.748525,12.718463,11.191531,16.165666,4.046778,5.439267
38007,1.000977,12.787443,13.443394,4.327458,7.110805,28.659638,6.106773,-0.678193,9.868541,7.838301,13.452926,11.444148,17.563533,7.685709
38009,1.147371,7.104558,9.699352,-2.483394,5.107145,27.851071,5.700071,5.52427,6.998859,10.58783,11.459479,15.861181,5.631569,5.285329
38011,0.947749,15.49736,16.118666,5.890135,9.110092,27.490776,9.159666,-0.537557,11.037651,7.288254,11.887206,9.316107,17.771703,7.099611
38013,1.555739,4.969542,11.33114,-0.616913,10.057123,26.702501,7.024411,10.507528,8.586325,2.521364,12.977791,15.445682,12.098402,6.020924
38015,-1.911797,11.656174,11.327097,9.659545,2.488929,28.917738,-3.369098,0.902315,5.400293,5.097549,9.438645,14.673389,12.067887,5.585855
38017,3.511085,9.758408,13.917344,10.592267,5.521263,30.019138,-16.860347,4.465562,5.13323,10.541264,5.390068,16.292087,13.947452,0.172726
38019,6.128619,11.76267,13.512081,-1.525952,5.854182,28.148591,6.486452,5.431827,8.536833,15.48991,12.508052,18.998014,3.528192,9.996126
38021,2.134597,10.240117,13.259863,10.355515,4.751567,29.73957,-13.435867,3.561104,5.201019,9.159488,6.417717,15.881213,13.470363,1.546739
38023,2.638373,5.719111,12.403906,1.611932,12.364495,27.286755,7.936696,11.036277,10.566322,2.220538,13.722667,15.525263,12.311436,6.25524
38025,1.266666,9.043269,12.431787,1.959484,8.521865,27.72232,6.546251,4.678909,9.254458,5.291897,13.225373,13.360576,14.946155,6.888405
38027,3.042135,9.242358,10.957825,-2.379172,4.680493,28.134787,5.816012,4.763452,7.371392,13.683756,11.650075,17.152171,3.866155,7.026418
38029,-1.911797,11.656174,11.327097,9.659545,2.488929,28.917738,-3.369098,0.902315,5.400293,5.097549,9.438645,14.673389,12.067887,5.585855
38031,2.66392,9.634014,11.259776,-0.369312,4.538437,28.318445,3.666283,4.361177,7.090875,12.672251,11.119565,16.918004,5.262373,6.635768
38033,0.86015,19.957203,20.521492,8.461908,12.400415,25.567123,14.183959,-0.306104,12.961712,6.383014,9.310425,5.813886,18.1143,6.135041
38035,7.625477,12.98495,14.750823,-1.112165,6.423388,28.155286,6.811597,5.755971,9.102039,16.365844,12.924147,19.893195,3.36429,11.43635
38037,0.808689,12.712762,13.303685,4.679458,6.80569,28.676677,5.481219,-0.573855,9.573568,7.657369,13.187921,11.657328,17.200735,7.547086
38039,6.412967,12.034089,14.505197,2.337129,6.157532,28.704562,-0.164519,5.375687,7.932432,14.649342,10.703856,18.831949,6.483146,8.116963
38041,1.000977,12.787443,13.443394,4.327458,7.110805,28.659638,6.106773,-0.678193,9.868541,7.838301,13.452926,11.444148,17.563533,7.685709
38043,-1.911797,11.656174,11.327097,9.659545,2.488929,28.917738,-3.369098,0.902315,5.400293,5.097549,9.438645,14.673389,12.067887,5.585855
38045,1.959884,10.301259,13.176411,10.325464,4.653872,29.704085,-13.001209,3.446304,5.209623,8.984104,6.548153,15.829062,13.409807,1.721138
38047,-1.911797,11.656174,11.327097,9.659545,2.488929,28.917738,-3.369098,0.902315,5.400293,5.097549,9.438645,14.673389,12.067887,5.585855
38049,1.049665,7.615379,9.308934,-2.929965,3.922822,28.125876,5.383211,4.331984,6.619045,12.517799,11.09621,15.960593,4.084326,5.109332
38051,-1.911797,11.656174,11.327097,9.659545,2.488929,28.917738,-3.369098,0.902315,5.400293,5.097549,9.438645,14.673389,12.067887,5.585855
38053,2.368668,6.001627,12.373123,1.388125,11.812664,27.183421,7.832551,10.455261,10.227261,2.485726,13.502896,15.242279,12.501745,6.245255
38055,0.973398,6.853141,10.540374,-0.389922,6.731483,27.539455,5.238156,6.842645,7.466955,6.904076,11.845033,15.520304,8.926072,5.627188
38057,1.221683,9.677176,12.603057,2.360394,8.282966,27.881013,6.471846,3.771924,9.358425,5.723016,13.263899,13.036115,15.38929,7.023392
38059,-0.555598,12.182898,12.312453,7.176904,4.640893,28.797566,1.042906,0.166424,7.480728,6.373654,11.30771,13.169841,14.626682,6.563555
38061,1.555739,4.969542,11.33114,-0.616913,10.057123,26.702501,7.024411,10.507528,8.586325,2.521364,12.977791,15.445682,12.098402,6.020924
38063,7.625477,12.98495,14.750823,-1.112165,6.423388,28.155286,6.811597,5.755971,9.102039,16.365844,12.924147,19.893195,3.36429,11.43635
38065,-0.171875,12.331929,12.59125,6.474466,5.249769,28.763564,2.291237,-0.041789,8.069365,6.734715,11.836543,12.744428,15.350667,6.840186
38067,7.625477,12.98495,14.750823,-1.112165,6.423388,28.155286,6.811597,5.755971,9.102039,16.365844,12.924147,19.893195,3.36429,11.43635
38069,1.049665,7.615379,9.308934,-2.929965,3.922822,28.125876,5.383211,4.331984,6.619045,12.517799,11.09621,15.960593,4.084326,5.109332
38071,4.718806,10.611467,12.345374,-1.915677,5.318076,28.142286,6.180215,5.126533,8.004494,14.664913,12.116154,18.154888,3.682564,8.639652
38073,3.511085,9.758408,13.917344,10.592267,5.521263,30.019138,-16.860347,4.465562,5.13323,10.541264,5.390068,16.292087,13.947452,0.172726
38075,1.525977,5.125144,11.212214,-0.752945,9.696363,26.78621,6.927892,10.144343,8.470628,3.109258,12.867135,15.475964,11.627091,5.967313
38077,3.511085,9.758408,13.917344,10.592267,5.521263,30.019138,-16.860347,4.465562,5.13323,10.541264,5.390068,16.292087,13.947452,0.172726
38079,1.049665,7.615379,9.308934,-2.929965,3.922822,28.125876,5.383211,4.331984,6.619045,12.517799,11.09621,15.960593,4.084326,5.109332
38081,3.511085,9.758408,13.917344,10.592267,5.521263,30.019138,-16.860347,4.465562,5.13323,10.541264,5.390068,16.292087,13.947452,0.172726
38083,0.798287,7.958374,9.480242,-1.861327,3.801108,28.193091,4.640287,4.040862,6.515593,11.887944,10.955511,15.851331,4.761996,5.149781
38085,-1.224396,11.923149,11.826534,8.401196,3.579671,28.856828,-1.132834,0.529322,6.45478,5.744355,10.385998,13.911302,13.364835,6.081411
38087,0.959274,14.910614,15.539421,5.551787,8.67721,27.743856,8.498659,-0.568007,10.784518,7.407349,12.226213,9.776866,17.72663,7.226512
38089,1.000977,12.787443,13.443394,4.327458,7.110805,28.659638,6.106773,-0.678193,9.868541,7.838301,13.452926,11.444148,17.563533,7.685709
38091,6.401786,12.025321,14.502932,2.368934,6.15508,28.709627,-0.228845,5.372181,7.921647,14.633514,10.683383,18.822164,6.511904,8.086356
38093,-0.321091,11.099498,12.0869,9.933143,3.37841,29.240814,-7.326517,1.94753,5.321955,6.694367,8.251067,15.148205,12.619224,3.99801
38095,1.049665,7.615379,9.308934,-2.929965,3.922822,28.125876,5.383211,4.331984,6.619045,12.517799,11.09621,15.960593,4.084326,5.109332
38097,6.382092,12.009877,14.498943,2.424959,6.150762,28.718549,-0.342154,5.366004,7.90265,14.605634,10.64732,18.804927,6.562562,8.032441
38099,7.625477,12.98495,14.750823,-1.112165,6.423388,28.155286,6.811597,5.755971,9.102039,16.365844,12.924147,19.893195,3.36429,11.43635
38101,1.439907,5.575132,10.868289,-1.146334,8.65308,27.028289,6.648767,9.094045,8.136046,4.809389,12.547127,15.563537,10.264108,5.812275
38103,0.814271,7.936564,9.469349,-1.929278,3.808848,28.188817,4.687527,4.059374,6.522172,11.927995,10.964457,15.858279,4.718905,5.147209
38105,2.703896,5.764477,12.468833,1.746828,12.504143,27.322116,7.99191,11.068279,10.686157,2.202331,13.767749,15.530079,12.324329,6.269422
39001,-24.887473,-16.550061,-19.709279,-31.196015,-15.126128,-24.35557,-14.642647,0.729027,-18.653511,-33.245622,-18.509209,-26.723,-17.555541,-22.339974
39003,-19.747187,-5.089887,-2.193159,-1.44413,-8.207377,0.621068,-8.043672,-3.894871,12.483713,-2.663812,-8.861725,-7.21842,6.016439,-1.867583
39005,-20.319894,-4.532878,-5.437992,-6.893546,-9.919298,-2.982713,-8.953652,0.534772,6.053502,-7.682914,-6.086736,-4.076423,8.200913,-9.984835
39007,-19.611057,-5.840079,-3.221326,-14.650364,-7.85699,6.980959,-7.309943,11.945747,5.196453,-9.997198,-7.189439,0.06653,5.091436,-2.73814
39009,-24.887473,-16.550061,-19.709279,-31.196015,-15.126128,-24.35557,-14.642647,0.729027,-18.653511,-33.245622,-18.509209,-26.723,-17.555541,-22.339974
39011,-19.747187,-5.089887,-2.193159,-1.44413,-8.207377,0.621068,-8.043672,-3.894871,12.483713,-2.663812,-8.861725,-7.21842,6.016439,-1.867583
39013,-17.339796,-4.51828,-2.170595,-20.064961,-11.927595,1.489054,-7.160435,13.7361,5.23181,-12.524396,-6.578179,-5.340492,-0.315204,-10.264724
39015,-26.310059,-18.520004,-21.161346,-26.647055,-13.654272,-19.458741,-15.005281,-9.962294,-6.170835,-29.440182,-17.989443,-26.625214,-13.706398,-14.961915
39017,-26.602371,-18.924786,-21.459715,-25.712341,-13.351836,-18.452548,-15.079794,-12.159131,-3.605912,-28.658246,-17.882643,-26.605121,-12.915482,-13.445882
39019,-17.563234,-4.519374,-2.415575,-19.077408,-11.777019,1.153774,-7.294885,12.746305,5.293418,-12.161397,-6.541332,-5.245716,0.323309,-10.243739
39021,-20.008038,-4.836186,-3.671083,-3.926176,-8.987106,-1.020347,-8.458141,-1.877301,9.554945,-4.949863,-7.5978,-5.787334,7.011402,-5.564748
39023,-20.090996,-5.08061,-3.911835,-4.337116,-9.068249,-1.396818,-8.558974,-1.929618,9.148447,-5.39115,-7.878346,-6.274478,6.47497,-5.705886
39025,-26.602371,-18.924786,-21.459715,-25.712341,-13.351836,-18.452548,-15.079794,-12.159131,-3.605912,-28.658246,-17.882643,-26.605121,-12.915482,-13.445882
39027,-26.049236,-18.158825,-20.895117,-27.481084,-13.924129,-20.35655,-14.938794,-8.002095,-8.45947,-30.13789,-18.08474,-26.643142,-14.412119,-16.314645
39029,-17.339796,-4.51828,-2.170595,-20.064961,-11.927595,1.489054,-7.160435,13.7361,5.23181,-12.524396,-6.578179,-5.340492,-0.315204,-10.264724
39031,-20.319894,-4.532878,-5.437992,-6.893546,-9.919298,-2.982713,-8.953652,0.534772,6.053502,-7.682914,-6.086736,-4.076423,8.200913,-9.984835
39033,-20.319894,-4.532878,-5.437992,-6.893546,-9.919298,-2.982713,-8.953652,0.534772,6.053502,-7.682914,-6.086736,-4.076423,8.200913,-9.984835
39035,-20.319894,-4.532878,-5.437992,-6.893546,-9.919298,-2.982713,-8.953652,0.534772,6.053502,-7.682914,-6.086736,-4.076423,8.200913,-9.984835
39037,-19.747187,-5.089887,-2.193159,-1.44413,-8.207377,0.621068,-8.043672,-3.894871,12.483713,-2.663812,-8.861725,-7.21842,6.016439,-1.867583
39039,-19.747187,-5.089887,-2.193159,-1.44413,-8.207377,0.621068,-8.043672,-3.894871,12.483713,-2.663812,-8.861725,-7.21842,6.016439,-1.867583
39041,-20.319894,-4.532878,-5.437992,-6.893546,-9.919298,-2.982713,-8.953652,0.534772,6.053502,-7.682914,-6.086736,-4.076423,8.200913,-9.984835
39043,-20.319894,-4.532878,-5.437992,-6.893546,-9.919298,-2.982713,-8.953652,0.534772,6.053502,-7.682914,-6.086736,-4.076423,8.200913,-9.984835
39045,-23.182817,-12.065156,-14.383125,-22.126147,-13.182899,-16.379056,-12.51947,0.656529,-9.432664,-23.705423,-13.873047,-18.271124,-7.943034,-17.728941
39047,-24.887473,-16.550061,-19.709279,-31.196015,-15.126128,-24.35557,-14.642647,0.729027,-18.653511,-33.245622,-18.509209,-26.723,-17.555541,-22.339974
39049,-20.319894,-4.532878,-5.437992,-6.893546,-9.919298,-2.982713,-8.953652,0.534772,6.053502,-7.682914,-6.086736,-4.076423,8.200913,-9.984835
39051,-19.749286,-4.720104,-1.617571,-0.296825,-6.158795,2.073509,-9.425642,-3.802674,13.168088,-1.81854,-7.083551,-7.137059,8.02101,-0.42647
39053,-24.887473,-16.550061,-19.709279,-31.196015,-15.126128,-24.35557,-14.642647,0.729027,-18.653511,-33.245622,-18.509209,-26.723,-17.555541,-22.339974
39055,-18.345256,-4.585707,-3.204343,-15.841533,-11.128888,0.404728,-7.707409,9.676494,5.477493,-10.946366,-6.45938,-4.702105,2.506378,-9.821548
39057,-25.508037,-16.915188,-18.94631,-23.954791,-13.091344,-17.36301,-14.19892,-8.857738,-4.53106,-26.540045,-16.970676,-24.420201,-11.610672,-13.757346
39059,-20.229564,-4.532435,-5.338953,-7.292787,-9.980172,-2.847169,-8.899297,0.934919,6.028596,-7.829665,-6.101632,-4.114739,7.94278,-9.993319
39061,-26.602371,-18.924786,-21.459715,-25.712341,-13.351836,-18.452548,-15.079794,-12.159131,-3.605912,-28.658246,-17.882643,-26.605121,-12.915482,-13.445882
39063,-20.143748,-4.704196,-4.439988,-5.217484,-9.392767,-1.874309,-8.673772,-0.827641,8.031224,-6.139203,-6.940231,-5.042798,7.529041,-7.488235
39065,-20.15254,-4.695645,-4.489802,-5.301142,-9.419048,-1.929633,-8.687742,-0.759638,7.932509,-6.216255,-6.89763,-4.994563,7.562576,-7.612849
39067,-17.723451,-4.520159,-2.591238,-18.369283,-11.669048,0.913362,-7.391293,12.036571,5.337594,-11.901107,-6.514911,-5.177757,0.781155,-10.228691
39069,-19.747187,-5.089887,-2.193159,-1.44413,-8.207377,0.621068,-8.043672,-3.894871,12.483713,-2.663812,-8.861725,-7.21842,6.016439,-1.867583
39071,-25.194382,-16.975057,-20.022548,-30.214621,-14.808589,-23.299126,-14.720882,-1.577523,-15.960494,-32.424635,-18.397074,-26.701903,-16.725125,-20.748229
39073,-24.887473,-16.550061,-19.709279,-31.196015,-15.126128,-24.35557,-14.642647,0.729027,-18.653511,-33.245622,-18.509209,-26.723,-17.555541,-22.339974
39075,-20.319894,-4.532878,-5.437992,-6.893546,-9.919298,-2.982713,-8.953652,0.534772,6.053502,-7.682914,-6.086736,-4.076423,8.200913,-9.984835
39077,-20.319894,-4.532878,-5.437992,-6.893546,-9.919298,-2.982713,-8.953652,0.534772,6.053502,-7.682914,-6.086736,-4.076423,8.200913,-9.984835
39079,-24.887473,-16.550061,-19.709279,-31.196015,-15.126128,-24.35557,-14.642647,0.729027,-18.653511,-33.245622,-18.509209,-26.723,-17.555541,-22.339974
39081,-17.339796,-4.51828,-2.170595,-20.064961,-11.927595,1.489054,-7.160435,13.7361,5.23181,-12.524396,-6.578179,-5.340492,-0.315204,-10.264724
39083,-20.319894,-4.532878,-5.437992,-6.893546,-9.919298,-2.982713,-8.953652,0.534772,6.053502,-7.682914,-6.086736,-4.076423,8.200913,-9.984835
39085,-20.934481,-5.020933,-3.551378,-8.047096,-6.381876,5.045482,-8.626945,6.151785,6.58139,-7.171636,-6.593161,0.317459,8.820216,-2.233968
39087,-24.887473,-16.550061,-19.709279,-31.196015,-15.126128,-24.35557,-14.642647,0.729027,-18.653511,-33.245622,-18.509209,-26.723,-17.555541,-22.339974
39089,-20.319894,-4.532878,-5.437992,-6.893546,-9.919298,-2.982713,-8.953652,0.534772,6.053502,-7.682914,-6.086736,-4.076423,8.200913,-9.984835
39091,-20.016791,-4.827673,-3.720675,-4.009461,-9.01327,-1.075425,-8.472048,-1.809601,9.456669,-5.026572,-7.555389,-5.739314,7.044788,-5.688808
39093,-20.319894,-4.532878,-5.437992,-6.893546,-9.919298,-2.982713,-8.953652,0.534772,6.053502,-7.682914,-6.086736,-4.076423,8.200913,-9.984835
39095,-20.574301,-4.012312,-2.863836,-2.573693,-6.855609,0.557325,-9.696506,-1.076072,9.905928,-4.186009,-6.219999,-4.282637,9.151824,-3.981986
39097,-21.490932,-7.613848,-9.096871,-13.124224,-11.254227,-8.462295,-10.412199,0.584575,-0.280893,-14.236692,-9.271615,-9.882562,1.597462,-13.152451
39099,-17.339796,-4.51828,-2.170595,-20.064961,-11.927595,1.489054,-7.160435,13.7361,5.23181,-12.524396,-6.578179,-5.340492,-0.315204,-10.264724
39101,-20.319894,-4.532878,-5.437992,-6.893546,-9.919298,-2.982713,-8.953652,0.534772,6.053502,-7.682914,-6.086736,-4.076423,8.200913,-9.984835
39103,-20.319894,-4.532878,-5.437992,-6.893546,-9.919298,-2.982713,-8.953652,0.534772,6.053502,-7.682914,-6.086736,-4.076423,8.200913,-9.984835
39105,-24.887473,-16.550061,-19.709279,-31.196015,-15.126128,-24.35557,-14.642647,0.729027,-18.653511,-33.245622,-18.509209,-26.723,-17.555541,-22.339974
39107,-19.747187,-5.089887,-2.193159,-1.44413,-8.207377,0.621068,-8.043672,-3.894871,12.483713,-2.663812,-8.861725,-7.21842,6.016439,-1.867583
39109,-19.747187,-5.089887,-2.193159,-1.44413,-8.207377,0.621068,-8.043672,-3.894871,12.483713,-2.663812,-8.861725,-7.21842,6.016439,-1.867583
39111,-12.619896,-4.946001,-10.380206,-17.5573,-7.338002,-9.589105,-5.475082,7.403445,-1.540434,-18.060354,-6.666621,-9.644505,-10.7812,-16.773983
39113,-23.871137,-13.412702,-13.783557,-16.04343,-11.302187,-10.853261,-12.276471,-8.866495,2.804497,-18.301575,-14.28854,-18.881095,-5.372649,-8.83287
39115,-24.887473,-16.550061,-19.709279,-31.196015,-15.126128,-24.35557,-14.642647,0.729027,-18.653511,-33.245622,-18.509209,-26.723,-17.555541,-22.339974
39117,-20.319894,-4.532878,-5.437992,-6.893546,-9.919298,-2.982713,-8.953652,0.534772,6.053502,-7.682914,-6.086736,-4.076423,8.200913,-9.984835
39119,-20.568105,-5.185914,-6.21352,-8.214187,-10.202247,-4.144154,-9.262802,0.545328,4.710878,-9.072039,-6.761796,-5.30708,6.80126,-10.656236
39121,-22.918815,-11.455355,-13.623732,-21.035955,-12.940509,-15.246345,-12.211435,0.789693,-8.188156,-22.461054,-13.248167,-17.135936,-6.728646,-17.105186
39123,-20.342773,-4.504275,-5.384914,-6.80791,-9.841413,-2.906,-8.980772,0.537794,6.106942,-7.62335,-6.074509,-4.029431,8.250229,-9.873129
39125,-19.747187,-5.089887,-2.193159,-1.44413,-8.207377,0.621068,-8.043672,-3.894871,12.483713,-2.663812,-8.861725,-7.21842,6.016439,-1.867583
39127,-23.331657,-12.456748,-14.84817,-22.918068,-13.352569,-17.075512,-12.704852,0.662859,-10.237768,-24.53841,-14.277846,-19.009085,-8.782335,-18.131546
39129,-24.682448,-16.010646,-19.068684,-30.105151,-14.89241,-23.396207,-14.387285,0.720307,-17.544488,-32.098189,-17.951602,-25.706463,-16.399412,-21.785389
39131,-24.887473,-16.550061,-19.709279,-31.196015,-15.126128,-24.35557,-14.642647,0.729027,-18.653511,-33.245622,-18.509209,-26.723,-17.555541,-22.339974
39133,-18.428531,-4.523613,-3.364291,-15.252975,-11.193893,-0.144641,-7.815561,8.913186,5.532003,-10.755631,-6.398637,-4.878683,2.796036,-10.162471
39135,-24.126239,-13.927542,-14.500526,-16.946526,-11.493629,-11.56305,-12.538307,-9.174034,2.205752,-19.268909,-14.624236,-19.602535,-6.077165,-9.263735
39137,-19.747187,-5.089887,-2.193159,-1.44413,-8.207377,0.621068,-8.043672,-3.894871,12.483713,-2.663812,-8.861725,-7.21842,6.016439,-1.867583
39139,-20.319894,-4.532878,-5.437992,-6.893546,-9.919298,-2.982713,-8.953652,0.534772,6.053502,-7.682914,-6.086736,-4.076423,8.200913,-9.984835
39141,-24.887473,-16.550061,-19.709279,-31.196015,-15.126128,-24.35557,-14.642647,0.729027,-18.653511,-33.245622,-18.509209,-26.723,-17.555541,-22.339974
39143,-20.319894,-4.532878,-5.437992,-6.893546,-9.919298,-2.982713,-8.953652,0.534772,6.053502,-7.682914,-6.086736,-4.076423,8.200913,-9.984835
39145,-24.887473,-16.550061,-19.709279,-31.196015,-15.126128,-24.35557,-14.642647,0.729027,-18.653511,-33.245622,-18.509209,-26.723,-17.555541,-22.339974
39147,-20.319894,-4.532878,-5.437992,-6.893546,-9.919298,-2.982713,-8.953652,0.534772,6.053502,-7.682914,-6.086736,-4.076423,8.200913,-9.984835
39149,-19.747187,-5.089887,-2.193159,-1.44413,-8.207377,0.621068,-8.043672,-3.894871,12.483713,-2.663812,-8.861725,-7.21842,6.016439,-1.867583
39151,-19.514026,-4.52893,-4.554434,-10.455312,-10.462374,-1.773474,-8.468737,4.104627,5.831303,-8.99213,-6.21963,-4.418248,5.898016,-10.060522
39153,-20.319894,-4.532878,-5.437992,-6.893546,-9.919298,-2.982713,-8.953652,0.534772,6.053502,-7.682914,-6.086736,-4.076423,8.200913,-9.984835
39155,-17.339796,-4.51828,-2.170595,-20.064961,-11.927595,1.489054,-7.160435,13.7361,5.23181,-12.524396,-6.578179,-5.340492,-0.315204,-10.264724
39157,-20.319894,-4.532878,-5.437992,-6.893546,-9.919298,-2.982713,-8.953652,0.534772,6.053502,-7.682914,-6.086736,-4.076423,8.200913,-9.984835
39159,-20.319894,-4.532878,-5.437992,-6.893546,-9.919298,-2.982713,-8.953652,0.534772,6.053502,-7.682914,-6.086736,-4.076423,8.200913,-9.984835
39161,-19.747187,-5.089887,-2.193159,-1.44413,-8.207377,0.621068,-8.043672,-3.894871,12.483713,-2.663812,-8.861725,-7.21842,6.016439,-1.867583
39163,-24.887473,-16.550061,-19.709279,-31.196015,-15.126128,-24.35557,-14.642647,0.729027,-18.653511,-33.245622,-18.509209,-26.723,-17.555541,-22.339974
39165,-26.602371,-18.924786,-21.459715,-25.712341,-13.351836,-18.452548,-15.079794,-12.159131,-3.605912,-28.658246,-17.882643,-26.605121,-12.915482,-13.445882
39167,-22.522321,-14.655331,-18.662832,-28.900147,-13.558845,-22.582152,-12.998195,1.551371,-16.263747,-31.133616,-16.557877,-24.183832,-17.190006,-21.840845
39169,-20.319894,-4.532878,-5.437992,-6.893546,-9.919298,-2.982713,-8.953652,0.534772,6.053502,-7.682914,-6.086736,-4.076423,8.200913,-9.984835
39171,-19.74811,-4.927271,-1.940038,-0.939589,-7.306489,1.259796,-8.65141,-3.854326,12.784675,-2.292094,-8.079752,-7.18264,6.897973,-1.233836
39173,-20.202023,-4.647518,-4.77016,-5.771981,-9.566961,-2.241005,-8.766366,-0.37691,7.376928,-6.649913,-6.657867,-4.723089,7.751318,-8.314193
39175,-20.319894,-4.532878,-5.437992,-6.893546,-9.919298,-2.982713,-8.953652,0.534772,6.053502,-7.682914,-6.086736,-4.076423,8.200913,-9.984835
40001,18.636929,25.955628,15.567654,22.639753,27.673425,47.817591,14.062714,18.170218,25.910134,34.146147,37.275824,0.893936,43.485199,18.265991
40003,1.728719,9.986523,1.259636,8.813451,5.355967,34.478044,-10.082259,-0.839895,23.666635,19.520356,20.837394,-19.287008,29.511896,24.930943
40005,24.734396,29.773618,18.133753,27.190037,34.402947,55.645401,15.601455,22.283827,28.699068,41.641206,41.602636,6.328741,49.354218,21.628116
40007,12.781849,1.164303,1.978513,7.499871,16.379716,37.277627,-22.202699,-2.480302,23.791358,16.916569,11.247281,-16.804522,45.08409,21.099237
40009,20.772648,23.345056,21.732121,18.989578,27.517956,62.534741,-2.527693,11.249521,32.737163,36.065847,33.249367,13.501165,48.495282,45.791015
04001,0.012588,24.275589,-6.083408,7.501543,25.876211,17.045426,-0.703483,4.571461,-7.7653,36.819878,14.299571,27.296369,36.549831,7.812167
40011,11.754603,19.534558,14.991594,15.894935,26.872023,51.81193,3.933308,13.831282,26.626428,32.335781,31.010369,0.702388,43.293236,34.326502
40013,24.054517,36.044261,15.165543,34.846564,43.739084,55.962414,12.412058,20.545175,31.428442,50.176774,43.299614,15.262723,53.279656,35.665267
40015,15.829742,23.415469,20.57311,18.773288,35.617477,58.857492,9.6301,19.794555,27.829471,37.544762,35.145295,8.827313,48.894824,38.145438
40017,15.829742,23.415469,20.57311,18.773288,35.617477,58.857492,9.6301,19.794555,27.829471,37.544762,35.145295,8.827313,48.894824,38.145438
40019,16.511902,24.245604,19.883647,20.021261,36.567257,58.759106,9.504474,20.300366,28.376215,38.704988,35.687529,9.637494,49.377669,39.616867
40021,17.884714,25.469903,15.367467,22.045081,27.050951,47.127375,13.802831,17.728922,25.626334,33.350358,36.739439,0.419772,42.913754,18.254292
40023,26.155277,40.815479,16.498471,39.026587,42.174006,53.79411,16.955091,16.431806,29.594165,51.442843,46.522001,13.311408,52.831835,17.003429
40025,12.686133,9.871795,6.121555,12.341935,21.069775,36.08639,2.390573,5.291025,25.751957,4.642735,16.322358,-11.238791,37.374075,29.740714
40027,15.829742,23.415469,20.57311,18.773288,35.617477,58.857492,9.6301,19.794555,27.829471,37.544762,35.145295,8.827313,48.894824,38.145438
40029,19.877573,26.305723,19.46424,22.599329,35.065382,57.397356,12.344527,20.926115,28.224768,39.406902,38.080639,7.691525,49.103653,30.637081
04003,8.520574,18.674934,-3.236611,1.406343,17.689388,21.886627,-3.232774,4.329818,-9.973087,28.658402,11.106627,23.544876,29.537564,9.779329
40031,16.304107,23.408711,20.684339,18.794045,34.840175,59.210393,8.46333,18.974497,28.300457,37.402832,34.963345,9.275857,48.85648,38.879176
40033,15.981083,23.599639,20.420149,19.050158,35.828192,58.835664,9.602229,19.906772,27.950769,37.802165,35.265593,9.007056,49.001946,38.471883
40035,-2.691976,12.182998,9.891413,5.777957,10.023326,28.246659,6.693782,5.657376,17.863057,11.581734,22.06677,-12.550876,27.282009,17.934258
40037,13.298456,20.984905,15.012294,17.437064,26.863591,50.674227,6.256408,14.740787,26.415066,32.630183,32.415525,0.566505,43.201024,30.372377
40039,19.972578,23.356453,21.544521,18.954569,28.828962,61.939534,-0.559806,12.632639,31.942793,36.305227,33.556246,12.744645,48.559953,44.553485
40041,-2.691976,12.182998,9.891413,5.777957,10.023326,28.246659,6.693782,5.657376,17.863057,11.581734,22.06677,-12.550876,27.282009,17.934258
40043,15.866193,13.684397,12.416688,13.732573,22.238187,50.307461,-9.784841,5.705205,28.168055,27.486843,23.878185,-1.129574,45.83728,33.96775
40045,14.003199,4.554508,4.997742,9.256009,18.082134,41.138036,-19.195483,-0.381775,25.158675,19.84343,14.610178,-12.172466,45.605472,24.873238
40047,1.728719,9.986523,1.259636,8.813451,5.355967,34.478044,-10.082259,-0.839895,23.666635,19.520356,20.837394,-19.287008,29.511896,24.930943
40049,15.829742,23.415469,20.57311,18.773288,35.617477,58.857492,9.6301,19.794555,27.829471,37.544762,35.145295,8.827313,48.894824,38.145438
04005,-2.270436,23.465364,-1.802705,5.003964,30.380908,14.87891,1.51504,1.705573,-5.6485,36.443674,15.651748,21.369711,31.801708,6.848682
40051,15.829742,23.415469,20.57311,18.773288,35.617477,58.857492,9.6301,19.794555,27.829471,37.544762,35.145295,8.827313,48.894824,38.145438
40053,1.728719,9.986523,1.259636,8.813451,5.355967,34.478044,-10.082259,-0.839895,23.666635,19.520356,20.837394,-19.287008,29.511896,24.930943
40055,20.772648,23.345056,21.732121,18.989578,27.517956,62.534741,-2.527693,11.249521,32.737163,36.065847,33.249367,13.501165,48.495282,45.791015
40057,20.772648,23.345056,21.732121,18.989578,27.517956,62.534741,-2.527693,11.249521,32.737163,36.065847,33.249367,13.501165,48.495282,45.791015
40059,12.781849,1.164303,1.978513,7.499871,16.379716,37.277627,-22.202699,-2.480302,23.791358,16.916569,11.247281,-16.804522,45.08409,21.099237
40061,26.481179,31.020865,17.655236,28.841109,34.164699,55.015301,16.772827,22.772135,28.869652,42.444785,42.869341,5.838609,49.444335,18.387995
40063,21.115232,27.189443,19.125194,23.769174,34.896575,56.950908,13.174487,21.272099,28.345633,39.976267,38.978146,7.344249,49.167504,28.341337
40065,20.772648,23.345056,21.732121,18.989578,27.517956,62.534741,-2.527693,11.249521,32.737163,36.065847,33.249367,13.501165,48.495282,45.791015
40067,19.143381,27.447906,17.223994,24.835405,40.2311,58.379575,9.019862,22.251569,30.485319,43.180644,37.779235,12.762824,51.240277,45.293006
40069,15.829742,23.415469,20.57311,18.773288,35.617477,58.857492,9.6301,19.794555,27.829471,37.544762,35.145295,8.827313,48.894824,38.145438
04007,2.9063,21.626137,-5.933656,5.647576,25.534424,17.734796,-1.143564,5.129943,-8.790351,32.181668,9.915286,27.797663,35.621684,8.843978
40071,1.728719,9.986523,1.259636,8.813451,5.355967,34.478044,-10.082259,-0.839895,23.666635,19.520356,20.837394,-19.287008,29.511896,24.930943
40073,10.539757,18.377613,13.32768,15.036865,24.264901,49.711566,2.235028,12.053561,26.267787,30.782924,29.7777,-1.719747,41.623337,33.188033
40075,20.147724,23.353958,21.585589,18.962233,28.541966,62.069832,-0.990601,12.329858,32.116691,36.252824,33.489067,12.910257,48.545796,44.824396
40077,26.481179,31.020865,17.655236,28.841109,34.164699,55.015301,16.772827,22.772135,28.869652,42.444785,42.869341,5.838609,49.444335,18.387995
40079,26.481179,31.020865,17.655236,28.841109,34.164699,55.015301,16.772827,22.772135,28.869652,42.444785,42.869341,5.838609,49.444335,18.387995
40081,15.829742,23.415469,20.57311,18.773288,35.617477,58.857492,9.6301,19.794555,27.829471,37.544762,35.145295,8.827313,48.894824,38.145438
40083,11.956754,19.727073,15.26847,16.037718,27.305848,52.16143,4.215902,14.127095,26.686106,32.594177,31.215486,1.105431,43.571107,34.515944
40085,22.899579,32.018904,13.427579,31.70716,45.460906,57.837829,8.328123,25.036735,33.495875,49.569238,40.764956,17.22395,53.898982,53.395181
40087,15.829742,23.415469,20.57311,18.773288,35.617477,58.857492,9.6301,19.794555,27.829471,37.544762,35.145295,8.827313,48.894824,38.145438
40089,26.282453,36.993331,16.949875,35.051913,39.048538,54.270655,16.883966,18.90599,29.311439,47.931535,45.096626,10.395302,51.509932,17.543727
04009,4.939282,21.708166,-6.969178,6.158238,25.158504,19.871229,-2.011805,6.431428,-9.836347,32.067783,8.857501,29.547459,37.345977,10.461334
40091,26.481179,31.020865,17.655236,28.841109,34.164699,55.015301,16.772827,22.772135,28.869652,42.444785,42.869341,5.838609,49.444335,18.387995
40093,4.751259,7.574038,1.456217,8.454245,8.370472,35.243606,-13.39666,-1.288474,23.700741,18.808336,18.214925,-18.608158,33.770199,23.883142
40095,21.321981,30.099091,15.022068,28.821031,43.264394,58.065362,8.618652,23.866969,32.231445,46.886036,39.510957,15.350282,52.78233,49.992277
40097,-2.691976,12.182998,9.891413,5.777957,10.023326,28.246659,6.693782,5.657376,17.863057,11.581734,22.06677,-12.550876,27.282009,17.934258
40099,15.829742,23.415469,20.57311,18.773288,35.617477,58.857492,9.6301,19.794555,27.829471,37.544762,35.145295,8.827313,48.894824,38.145438
40101,26.481179,31.020865,17.655236,28.841109,34.164699,55.015301,16.772827,22.772135,28.869652,42.444785,42.869341,5.838609,49.444335,18.387995
40103,1.728719,9.986523,1.259636,8.813451,5.355967,34.478044,-10.082259,-0.839895,23.666635,19.520356,20.837394,-19.287008,29.511896,24.930943
40105,-2.691976,12.182998,9.891413,5.777957,10.023326,28.246659,6.693782,5.657376,17.863057,11.581734,22.06677,-12.550876,27.282009,17.934258
40107,19.568927,26.085342,19.548791,22.307595,35.10748,57.508691,12.137553,20.839834,28.194626,39.264914,37.85682,7.778129,49.087729,31.209591
40109,15.829742,23.415469,20.57311,18.773288,35.617477,58.857492,9.6301,19.794555,27.829471,37.544762,35.145295,8.827313,48.894824,38.145438
04011,4.939282,21.708166,-6.969178,6.158238,25.158504,19.871229,-2.011805,6.431428,-9.836347,32.067783,8.857501,29.547459,37.345977,10.461334
40111,26.481179,31.020865,17.655236,28.841109,34.164699,55.015301,16.772827,22.772135,28.869652,42.444785,42.869341,5.838609,49.444335,18.387995
40113,0.194982,10.748579,4.254387,7.760301,6.975283,32.316097,-4.261897,1.4143,21.653113,16.766091,21.26392,-16.949941,28.738248,22.503479
40115,-2.691976,12.182998,9.891413,5.777957,10.023326,28.246659,6.693782,5.657376,17.863057,11.581734,22.06677,-12.550876,27.282009,17.934258
40117,1.724771,9.988485,1.267346,8.810739,5.360136,34.472479,-10.067274,-0.834092,23.661451,19.513265,20.838492,-19.280991,29.509905,24.924694
40119,4.590632,12.712032,5.179457,10.834877,11.497777,39.426044,-6.081481,3.348028,24.511515,23.17855,23.741295,-13.580987,33.445813,27.612928
04012,-3.529301,13.396074,-0.724779,1.561142,18.984146,4.44933,6.668636,-0.818753,-4.262716,15.697231,9.357141,6.77117,16.24691,3.543558
40121,26.481179,31.020865,17.655236,28.841109,34.164699,55.015301,16.772827,22.772135,28.869652,42.444785,42.869341,5.838609,49.444335,18.387995
40123,15.829742,23.415469,20.57311,18.773288,35.617477,58.857492,9.6301,19.794555,27.829471,37.544762,35.145295,8.827313,48.894824,38.145438
40125,15.829742,23.415469,20.57311,18.773288,35.617477,58.857492,9.6301,19.794555,27.829471,37.544762,35.145295,8.827313,48.894824,38.145438
40127,26.481179,31.020865,17.655236,28.841109,34.164699,55.015301,16.772827,22.772135,28.869652,42.444785,42.869341,5.838609,49.444335,18.387995
40129,20.744928,23.268111,21.663596,18.949721,27.479317,62.447125,-2.595945,11.201893,32.70613,35.999418,33.173042,13.396036,48.483449,45.705359
04013,-5.464052,14.670766,-3.365102,0.079069,22.141746,6.609935,2.691906,-0.036291,-7.810226,22.121899,9.485973,16.996152,20.897471,-0.654246
40131,-2.691976,12.182998,9.891413,5.777957,10.023326,28.246659,6.693782,5.657376,17.863057,11.581734,22.06677,-12.550876,27.282009,17.934258
40133,15.829742,23.415469,20.57311,18.773288,35.617477,58.857492,9.6301,19.794555,27.829471,37.544762,35.145295,8.827313,48.894824,38.145438
40135,26.481179,31.020865,17.655236,28.841109,34.164699,55.015301,16.772827,22.772135,28.869652,42.444785,42.869341,5.838609,49.444335,18.387995
40137,15.829742,23.415469,20.57311,18.773288,35.617477,58.857492,9.6301,19.794555,27.829471,37.544762,35.145295,8.827313,48.894824,38.145438
40139,12.712719,7.45325,4.970806,10.99703,19.76709,36.417261,-4.440319,3.132504,25.207392,8.051847,14.912732,-12.784698,39.515566,27.340505
40141,19.847938,23.358228,21.515295,18.949115,29.033199,61.846808,-0.253235,12.848111,31.819041,36.34252,33.604054,12.62679,48.570028,44.360694
40143,4.349923,16.592956,11.499087,11.332531,15.624527,34.767222,8.629594,9.541692,20.632181,19.120133,26.969154,-8.370596,32.600968,18.231936
40145,15.729297,24.078094,14.793848,20.341093,25.2673,45.149612,13.058155,16.464423,24.813128,31.070086,35.202471,-0.938909,41.276322,18.220768
40147,-2.691976,12.182998,9.891413,5.777957,10.023326,28.246659,6.693782,5.657376,17.863057,11.581734,22.06677,-12.550876,27.282009,17.934258
40149,19.911767,23.357319,21.530262,18.951908,28.928608,61.894293,-0.410232,12.737767,31.882415,36.323422,33.579571,12.687144,48.564868,44.459423
04015,-3.557444,19.314319,0.228609,2.393735,27.462742,11.663956,5.801255,-0.474368,-4.362937,30.208389,13.714677,12.368747,23.86913,7.316257
40151,8.688689,4.43132,1.7123,7.986312,12.297436,36.240894,-17.714296,-1.872832,23.745171,17.880795,14.798661,-17.723828,39.317444,22.518182
40153,12.781849,1.164303,1.978513,7.499871,16.379716,37.277627,-22.202699,-2.480302,23.791358,16.916569,11.247281,-16.804522,45.08409,21.099237
04017,-0.310603,24.289706,-5.991038,7.499857,25.913195,16.818013,-0.469602,4.200495,-7.453648,36.982669,14.217433,27.407657,36.767739,7.497808
04019,-1.231941,14.183333,-4.78811,-0.688008,23.497085,10.638771,-0.709843,0.148414,-9.372151,20.042436,7.966281,16.800359,21.054177,2.819545
04021,-1.017777,17.678476,-4.905446,2.677242,23.431076,12.277672,0.68159,2.727944,-8.676169,26.372664,9.21737,22.360448,27.927389,4.096436
04023,8.797192,17.619145,-2.491976,0.102246,16.351455,21.677786,-3.435463,3.53633,-10.004339,27.178715,11.381692,21.627621,27.074902,9.214941
04025,-3.596286,22.338029,-0.685965,3.574873,28.932205,9.974522,1.503414,0.972248,-4.566852,33.557766,14.834302,20.62701,28.866401,4.37928
04027,-3.668956,12.656797,-1.191722,1.195681,18.641049,4.173073,6.215781,-0.865299,-4.803827,14.406393,8.73231,6.955545,15.655029,2.737838
41001,3.534998,-15.039869,-0.867593,-10.20127,-3.98137,-10.363109,-18.188457,-18.609056,3.177409,-18.060894,-19.293256,-28.499398,5.803056,-21.211698
41003,17.887524,-11.446131,-13.141789,-18.989655,-22.510258,-17.371442,-15.670789,-17.063389,-8.015871,-16.186582,-25.576935,-1.317944,11.963106,-12.05887
41005,17.855649,-11.535358,-13.103433,-19.117745,-22.536978,-17.470361,-15.793571,-17.19542,-7.976725,-16.151171,-25.651519,-1.394384,11.899292,-12.123358
41007,9.746989,-12.99106,-24.503078,-18.054338,-20.795081,-8.728358,-8.113155,-7.154227,-1.671699,-19.361971,-23.865141,4.249128,17.413467,-19.604375
41009,9.726976,-13.263173,-23.267562,-22.601725,-21.036553,-10.005351,-8.891399,-9.835754,0.745447,-17.566769,-23.705887,2.681907,15.302613,-20.561215
41011,21.513099,-4.393566,-5.845374,-4.272035,-13.581376,-7.505439,-10.61967,-9.980139,-12.455192,-13.206,-16.108781,-4.161065,10.587586,-3.687307
41013,4.382805,-19.240433,-7.645008,-17.361452,-15.264978,-17.528804,-21.755822,-21.594876,-1.665469,-17.986121,-28.937931,-19.105136,6.882854,-19.392791
41015,21.581691,-4.244398,-5.633558,-4.021843,-13.420587,-7.308061,-10.55326,-9.888517,-12.513403,-13.066805,-15.931073,-4.217363,10.488849,-3.510992
41017,11.737564,-15.034271,-10.624735,-18.320204,-19.234727,-17.4969,-18.501059,-19.193235,-5.110752,-16.984431,-27.143895,-9.436924,9.621303,-15.424444
41019,19.327517,-11.353037,-6.275236,-11.727419,-14.83377,-14.83687,-17.974971,-17.316975,-10.97727,-14.417654,-21.123095,-9.674616,9.324373,-8.913693
41021,4.23016,-16.714611,-7.575063,-16.191758,-15.13923,-13.141848,-17.362242,-18.015162,1.859331,-15.13502,-24.79281,-14.859861,7.965912,-17.398348
41023,4.132437,-17.999955,-5.643554,-15.246962,-11.93279,-15.412686,-20.702335,-20.713127,-0.235307,-18.008202,-26.08974,-21.879377,6.563976,-19.929937
41025,9.60459,-16.316726,-2.261091,-3.462091,-2.440094,-12.770067,-17.409626,-21.175893,2.463448,-11.975723,-23.789131,-25.949666,9.69174,-17.948295
41027,12.524485,-12.66854,-19.769544,-21.402702,-21.552929,-12.574459,-11.266804,-12.368607,-2.256317,-17.079586,-24.375483,1.279038,14.131349,-17.657299
41029,19.382676,-12.198029,-4.297657,-11.102644,-13.168349,-15.160416,-19.67752,-18.58054,-11.374673,-13.747281,-20.722546,-12.475957,8.15484,-8.767416
41031,10.607529,-15.680534,-10.16691,-18.172894,-18.624788,-17.501802,-19.001142,-19.562239,-4.581396,-17.138337,-27.419543,-10.922413,9.200549,-16.034167
41033,19.789772,-10.725604,-4.544968,-9.791802,-13.215045,-13.70674,-17.988381,-16.971419,-11.585482,-13.621307,-19.835518,-10.947075,8.586927,-7.794314
41035,18.493783,-12.746962,-3.744475,-9.51041,-11.422406,-14.865189,-19.100787,-18.998542,-9.275097,-13.514702,-21.160729,-14.285612,9.053415,-9.999696
41037,13.950874,-15.648664,-0.316827,-1.081656,-2.037521,-13.2543,-16.632476,-21.23905,0.975968,-12.240904,-23.054021,-24.30206,13.137152,-15.993484
41039,18.217782,-10.885954,-12.753859,-17.523878,-21.636575,-16.525763,-15.119241,-16.264329,-8.533813,-16.250923,-24.704118,-1.613832,12.122418,-11.371037
41041,19.702065,-6.366752,-15.325264,-11.697871,-20.98914,-11.74031,-8.681165,-9.54728,-10.244331,-18.202387,-21.331103,3.033525,15.595832,-8.387752
41043,17.855649,-11.535358,-13.103433,-19.117745,-22.536978,-17.470361,-15.793571,-17.19542,-7.976725,-16.151171,-25.651519,-1.394384,11.899292,-12.123358
41045,5.466801,-15.890316,-2.881335,-3.50493,0.196752,-10.529458,-17.252044,-20.489994,5.004975,-10.848918,-22.362248,-29.749632,5.778393,-19.962961
41047,17.855649,-11.535358,-13.103433,-19.117745,-22.536978,-17.470361,-15.793571,-17.19542,-7.976725,-16.151171,-25.651519,-1.394384,11.899292,-12.123358
41049,4.197325,-16.171287,-7.560018,-15.940148,-15.112181,-12.198181,-16.41715,-17.245139,2.617543,-14.521727,-23.901163,-13.94667,8.198886,-16.969328
41051,10.580732,-13.0817,-22.200021,-22.235802,-21.194143,-10.789403,-9.616336,-10.608742,-0.170645,-17.418088,-23.910237,2.253773,14.945161,-19.674985
41053,17.855649,-11.535358,-13.103433,-19.117745,-22.536978,-17.470361,-15.793571,-17.19542,-7.976725,-16.151171,-25.651519,-1.394384,11.899292,-12.123358
41055,4.201491,-16.240218,-7.561926,-15.97207,-15.115613,-12.317902,-16.537052,-17.34283,2.52135,-14.599534,-24.014285,-14.062525,8.169329,-17.023757
41057,14.397958,-10.505501,-19.666392,-15.809665,-21.122652,-11.057399,-9.476938,-9.398206,-5.709105,-18.565711,-23.300978,3.03516,16.048148,-14.571931
41059,1.207255,-12.098977,-4.350322,-13.224977,-10.818418,-5.566434,-12.542596,-14.879932,7.046058,-13.320617,-18.174374,-15.094293,7.742144,-14.741122
41061,2.057995,-13.495653,-0.906025,-10.448841,-4.635688,-7.894071,-16.285603,-17.526605,4.904806,-16.910885,-18.052476,-25.89619,6.013646,-19.140465
41063,-0.931354,-10.370272,-0.983809,-10.949907,-5.959978,-2.896917,-12.434365,-15.335801,8.400932,-14.583349,-15.541227,-20.627486,6.439867,-14.948437
41065,9.588622,-15.408071,-10.584489,-18.024361,-18.242232,-15.909751,-17.651075,-18.33865,-2.908751,-16.554917,-26.345546,-10.201095,9.513149,-16.29853
41067,11.912326,-12.798659,-20.53499,-21.665076,-21.439935,-12.012279,-10.747011,-11.814361,-1.599462,-17.186193,-24.22896,1.586018,14.387648,-18.292742
41069,4.382805,-19.240433,-7.645008,-17.361452,-15.264978,-17.528804,-21.755822,-21.594876,-1.665469,-17.986121,-28.937931,-19.105136,6.882854,-19.392791
41071,17.907342,-11.390656,-13.165636,-18.910016,-22.493645,-17.309941,-15.594451,-16.981301,-8.04021,-16.208597,-25.530563,-1.270419,12.002781,-12.018775
42001,-5.486657,1.378537,-13.377652,-7.263921,-7.003355,8.354138,4.426465,13.520907,8.355484,-6.533778,-2.422472,-0.35758,-1.018526,-9.934916
42003,-14.176227,-7.784568,-8.798105,-21.398091,-19.817,2.213878,-9.911804,8.983818,1.569261,-17.314848,-10.526091,-6.862108,0.865615,-14.966254
42005,-14.176227,-7.784568,-8.798105,-21.398091,-19.817,2.213878,-9.911804,8.983818,1.569261,-17.314848,-10.526091,-6.862108,0.865615,-14.966254
42007,-14.176227,-7.784568,-8.798105,-21.398091,-19.817,2.213878,-9.911804,8.983818,1.569261,-17.314848,-10.526091,-6.862108,0.865615,-14.966254
42009,-7.404219,0.165147,-12.389355,-9.776481,-9.223951,7.617798,4.054474,12.597221,9.706438,-8.000919,-3.377812,-1.792289,0.938391,-10.611436
42011,-4.767636,5.086658,-21.133801,-5.422985,-3.711166,5.33245,15.665324,15.908124,3.011401,-1.846895,10.135945,1.315919,0.237207,-4.285011
42013,-8.822819,-0.557962,-11.666256,-11.442922,-10.777168,7.360086,4.166699,12.112175,11.062712,-8.812371,-3.943361,-2.770393,2.639932,-10.936366
42015,-13.457528,-4.440399,-12.423904,-14.674186,-8.489474,14.011488,-2.764715,18.565294,11.322484,-13.871448,-3.872734,-2.890293,7.730928,-8.404612
42017,-4.517815,5.434396,-21.717052,-5.052125,-3.275862,5.207537,16.373701,16.141975,2.515397,-1.417784,11.003306,1.567658,0.089187,-3.875252
42019,-14.176227,-7.784568,-8.798105,-21.398091,-19.817,2.213878,-9.911804,8.983818,1.569261,-17.314848,-10.526091,-6.862108,0.865615,-14.966254
42021,-11.066056,-3.586124,-10.464416,-15.614433,-14.565125,5.203673,-1.732611,10.8013,7.084675,-12.375161,-6.70172,-4.484943,1.89644,-12.625009
42023,-8.822819,-0.557962,-11.666256,-11.442922,-10.777168,7.360086,4.166699,12.112175,11.062712,-8.812371,-3.943361,-2.770393,2.639932,-10.936366
42025,-4.517815,5.434396,-21.717052,-5.052125,-3.275862,5.207537,16.373701,16.141975,2.515397,-1.417784,11.003306,1.567658,0.089187,-3.875252
42027,-8.822819,-0.557962,-11.666256,-11.442922,-10.777168,7.360086,4.166699,12.112175,11.062712,-8.812371,-3.943361,-2.770393,2.639932,-10.936366
42029,-3.134067,7.000696,-20.7168,-1.90309,-2.037131,6.831414,16.421761,18.295656,2.049333,0.482383,11.438112,2.611663,-1.01942,-3.415029
42031,-14.176227,-7.784568,-8.798105,-21.398091,-19.817,2.213878,-9.911804,8.983818,1.569261,-17.314848,-10.526091,-6.862108,0.865615,-14.966254
42033,-9.24039,-1.121644,-11.442537,-12.219434,-11.482283,6.958678,3.068563,11.86816,10.322215,-9.475572,-4.456819,-3.08955,2.501533,-11.250701
42035,-8.822819,-0.557962,-11.666256,-11.442922,-10.777168,7.360086,4.166699,12.112175,11.062712,-8.812371,-3.943361,-2.770393,2.639932,-10.936366
42037,-8.64546,-0.311086,-12.080333,-11.179631,-10.468125,7.271405,4.669609,12.278196,10.710576,-8.507725,-3.327581,-2.591672,2.534845,-10.645459
42039,-15.512377,-9.568069,-7.463297,-15.513043,-13.672275,5.163439,-9.402567,10.070411,2.324113,-14.703764,-10.437189,-2.199185,5.37944,-9.389192
42041,-8.822819,-0.557962,-11.666256,-11.442922,-10.777168,7.360086,4.166699,12.112175,11.062712,-8.812371,-3.943361,-2.770393,2.639932,-10.936366
42043,-8.822819,-0.557962,-11.666256,-11.442922,-10.777168,7.360086,4.166699,12.112175,11.062712,-8.812371,-3.943361,-2.770393,2.639932,-10.936366
42045,-4.517815,5.434396,-21.717052,-5.052125,-3.275862,5.207537,16.373701,16.141975,2.515397,-1.417784,11.003306,1.567658,0.089187,-3.875252
42047,-10.570835,-2.917622,-10.729736,-14.693523,-13.72889,5.679726,-0.43027,11.090691,7.962873,-11.588634,-6.09278,-4.106436,2.060575,-12.252221
42049,-16.768436,-11.244664,-6.2085,-9.980751,-7.895872,7.9362,-8.923854,11.091873,3.033718,-12.249191,-10.353616,2.184236,9.622702,-4.146425
42051,-12.353442,-7.030909,-9.695092,-19.908474,-17.601973,1.111369,-8.839687,8.053268,1.392542,-17.12266,-9.653571,-6.309294,-0.987833,-15.336436
42053,-14.176227,-7.784568,-8.798105,-21.398091,-19.817,2.213878,-9.911804,8.983818,1.569261,-17.314848,-10.526091,-6.862108,0.865615,-14.966254
42055,-5.919883,1.127068,-13.155415,-7.806595,-7.493412,8.225053,4.392733,13.337973,8.707037,-6.82967,-2.61997,-0.670902,-0.543448,-10.064962
42057,-6.463488,0.811529,-12.876554,-8.487535,-8.10833,8.063079,4.350406,13.108429,9.148162,-7.200952,-2.867789,-1.064053,0.052673,-10.228142
42059,-11.32938,-6.607495,-10.19903,-19.07159,-16.357545,0.491967,-8.237359,7.530474,1.29326,-17.014687,-9.163379,-5.998716,-2.029121,-15.544408
42061,-8.822819,-0.557962,-11.666256,-11.442922,-10.777168,7.360086,4.166699,12.112175,11.062712,-8.812371,-3.943361,-2.770393,2.639932,-10.936366
42063,-14.176227,-7.784568,-8.798105,-21.398091,-19.817,2.213878,-9.911804,8.983818,1.569261,-17.314848,-10.526091,-6.862108,0.865615,-14.966254
42065,-14.130565,-7.722928,-8.822569,-21.313178,-19.739895,2.257772,-9.791721,9.010501,1.650236,-17.242326,-10.469944,-6.827208,0.880749,-14.931881
42067,-8.822819,-0.557962,-11.666256,-11.442922,-10.777168,7.360086,4.166699,12.112175,11.062712,-8.812371,-3.943361,-2.770393,2.639932,-10.936366
42069,-4.517815,5.434396,-21.717052,-5.052125,-3.275862,5.207537,16.373701,16.141975,2.515397,-1.417784,11.003306,1.567658,0.089187,-3.875252
42071,-5.864164,3.374678,-16.817425,-6.635165,-6.114402,6.83105,10.88701,15.189193,6.146104,-3.9741,4.45227,0.058143,0.746053,-6.865695
42073,-14.176227,-7.784568,-8.798105,-21.398091,-19.817,2.213878,-9.911804,8.983818,1.569261,-17.314848,-10.526091,-6.862108,0.865615,-14.966254
42075,-8.590267,-0.23426,-12.209191,-11.097697,-10.371954,7.243808,4.82611,12.329861,10.600994,-8.412922,-3.135955,-2.536055,2.502143,-10.554931
42077,-4.517815,5.434396,-21.717052,-5.052125,-3.275862,5.207537,16.373701,16.141975,2.515397,-1.417784,11.003306,1.567658,0.089187,-3.875252
42079,-4.747645,5.114484,-21.180473,-5.393309,-3.676333,5.322454,15.722009,15.926837,2.97171,-1.812557,10.205352,1.336064,0.225363,-4.252222
42081,-8.822819,-0.557962,-11.666256,-11.442922,-10.777168,7.360086,4.166699,12.112175,11.062712,-8.812371,-3.943361,-2.770393,2.639932,-10.936366
42083,-15.111654,-6.817272,-10.14932,-15.04573,-9.102155,12.698362,-6.019767,15.754595,9.799969,-14.702784,-6.855214,-2.31934,7.881498,-7.758983
42085,-14.176227,-7.784568,-8.798105,-21.398091,-19.817,2.213878,-9.911804,8.983818,1.569261,-17.314848,-10.526091,-6.862108,0.865615,-14.966254
42087,-8.822819,-0.557962,-11.666256,-11.442922,-10.777168,7.360086,4.166699,12.112175,11.062712,-8.812371,-3.943361,-2.770393,2.639932,-10.936366
42089,-4.517815,5.434396,-21.717052,-5.052125,-3.275862,5.207537,16.373701,16.141975,2.515397,-1.417784,11.003306,1.567658,0.089187,-3.875252
42091,-4.517815,5.434396,-21.717052,-5.052125,-3.275862,5.207537,16.373701,16.141975,2.515397,-1.417784,11.003306,1.567658,0.089187,-3.875252
42093,-8.822819,-0.557962,-11.666256,-11.442922,-10.777168,7.360086,4.166699,12.112175,11.062712,-8.812371,-3.943361,-2.770393,2.639932,-10.936366
42095,-4.517815,5.434396,-21.717052,-5.052125,-3.275862,5.207537,16.373701,16.141975,2.515397,-1.417784,11.003306,1.567658,0.089187,-3.875252
42097,-8.822819,-0.557962,-11.666256,-11.442922,-10.777168,7.360086,4.166699,12.112175,11.062712,-8.812371,-3.943361,-2.770393,2.639932,-10.936366
42099,-8.822819,-0.557962,-11.666256,-11.442922,-10.777168,7.360086,4.166699,12.112175,11.062712,-8.812371,-3.943361,-2.770393,2.639932,-10.936366
42101,-4.517815,5.434396,-21.717052,-5.052125,-3.275862,5.207537,16.373701,16.141975,2.515397,-1.417784,11.003306,1.567658,0.089187,-3.875252
42103,-4.517815,5.434396,-21.717052,-5.052125,-3.275862,5.207537,16.373701,16.141975,2.515397,-1.417784,11.003306,1.567658,0.089187,-3.875252
42105,-13.220633,-4.271202,-11.413727,-14.904465,-9.293973,12.813708,-2.66743,16.110331,11.898138,-13.608482,-5.226225,-3.166412,6.511097,-8.989103
42107,-6.324974,2.918918,-17.497918,-7.73486,-6.424768,6.111136,11.249433,14.450341,6.103398,-4.521892,4.728978,-0.253374,1.159941,-6.839374
42109,-8.822819,-0.557962,-11.666256,-11.442922,-10.777168,7.360086,4.166699,12.112175,11.062712,-8.812371,-3.943361,-2.770393,2.639932,-10.936366
42111,-12.517664,-6.953821,-9.621039,-19.88129,-17.728234,1.453184,-8.620171,8.306625,1.698041,-16.910394,-9.615909,-6.287717,-0.612097,-15.15509
42113,-8.775125,-0.491574,-11.777607,-11.372119,-10.694062,7.336238,4.301939,12.15682,10.968018,-8.730447,-3.777768,-2.722332,2.611672,-10.858137
42115,-10.327728,-1.82571,-18.530385,-9.699256,-5.551789,15.911115,3.374376,30.036213,7.313625,-10.759469,5.268953,-0.996751,11.675511,-7.451704
42117,-13.730027,-4.701303,-11.384477,-15.305412,-9.122176,13.445395,-3.45902,16.573433,11.994904,-14.16401,-5.374818,-3.212283,6.959489,-8.763554
42119,-8.822819,-0.557962,-11.666256,-11.442922,-10.777168,7.360086,4.166699,12.112175,11.062712,-8.812371,-3.943361,-2.770393,2.639932,-10.936366
42121,-14.176227,-7.784568,-8.798105,-21.398091,-19.817,2.213878,-9.911804,8.983818,1.569261,-17.314848,-10.526091,-6.862108,0.865615,-14.966254
42123,-16.369062,-10.711577,-6.607473,-11.739787,-9.732525,7.054578,-9.076065,10.767091,2.808093,-13.029642,-10.380189,0.790492,8.273523,-5.813405
42125,-14.176227,-7.784568,-8.798105,-21.398091,-19.817,2.213878,-9.911804,8.983818,1.569261,-17.314848,-10.526091,-6.862108,0.865615,-14.966254
42127,-7.459821,1.758045,-20.103397,-7.405325,-4.428339,10.627583,9.791141,23.177698,4.945109,-6.148199,8.099561,0.2691,5.956235,-5.686285
42129,-14.176227,-7.784568,-8.798105,-21.398091,-19.817,2.213878,-9.911804,8.983818,1.569261,-17.314848,-10.526091,-6.862108,0.865615,-14.966254
42131,-4.568368,5.364029,-21.599027,-5.127171,-3.363949,5.232814,16.230356,16.094654,2.615767,-1.504617,10.827789,1.516717,0.11914,-3.958169
42133,-5.799227,1.20327,-13.212633,-7.647216,-7.35716,8.265554,4.40873,13.398701,8.609732,-6.739498,-2.558452,-0.582692,-0.672283,-10.025136
44001,-6.812554,2.142447,-20.852505,-3.657289,-0.661667,12.117839,7.766013,20.575038,9.2798,-10.784398,10.456222,1.647139,-1.320994,-5.588286
44003,-9.558505,3.653757,-23.23802,0.47264,-2.063452,5.580908,7.785546,15.226712,9.573187,-8.196719,11.90803,0.601217,-2.8942,-6.536254
44005,-12.866458,8.916114,-23.854411,2.146433,-5.394689,1.39065,-2.601656,7.288439,12.983562,4.907227,21.47395,-0.696813,-3.78837,-6.148658
44007,-4.283557,-0.446708,-19.525511,-5.086983,-0.81042,16.488739,9.989442,25.690548,9.346226,-13.275935,8.5556,2.769043,0.820216,-4.709856
44009,-13.444715,6.674689,-25.973134,4.568578,-2.986597,-2.455211,6.16187,7.517696,9.740396,-4.454711,14.377863,-0.995884,-5.63072,-7.881816
45001,-8.438321,4.444701,3.137549,-6.322209,5.684119,-17.763919,-1.015581,22.726462,-15.219561,0.306127,3.656249,-11.145876,-26.38983,20.548695
45003,1.452437,7.105408,8.316384,2.868754,4.779578,-14.237973,-2.851299,19.055669,-6.003304,-4.587596,1.233698,1.04668,-17.011985,16.961282
45005,2.703776,8.84285,8.064693,6.284443,7.481767,-13.371898,-1.385945,22.523534,-5.592242,-2.320505,2.399012,2.759578,-15.920809,17.978176
45007,-9.845618,4.077555,2.393282,-7.611554,5.835804,-18.262178,-0.740535,23.280845,-16.537049,1.025978,4.01295,-12.879293,-27.724925,21.071129
45009,8.911039,17.461426,6.816181,23.227961,20.885973,-9.075733,5.882941,39.725871,-3.553173,8.925394,8.179551,11.256404,-10.508033,23.022474
45011,1.946384,7.791237,8.217033,4.217046,5.846226,-13.896103,-2.272873,20.424556,-5.841043,-3.692696,1.693688,1.722821,-16.58126,17.362686
45013,11.4647,19.397588,8.656419,25.996162,22.66337,-6.579419,3.738631,38.398284,0.643277,10.564973,10.094812,14.031204,-11.031036,25.989534
45015,8.911039,17.461426,6.816181,23.227961,20.885973,-9.075733,5.882941,39.725871,-3.553173,8.925394,8.179551,11.256404,-10.508033,23.022474
45017,8.911039,17.461426,6.816181,23.227961,20.885973,-9.075733,5.882941,39.725871,-3.553173,8.925394,8.179551,11.256404,-10.508033,23.022474
45019,8.911039,17.461426,6.816181,23.227961,20.885973,-9.075733,5.882941,39.725871,-3.553173,8.925394,8.179551,11.256404,-10.508033,23.022474
45021,-9.845618,4.077555,2.393282,-7.611554,5.835804,-18.262178,-0.740535,23.280845,-16.537049,1.025978,4.01295,-12.879293,-27.724925,21.071129
45023,-7.144076,3.243415,-2.213513,-9.004139,7.471539,-17.670125,-2.684217,24.920267,-25.507085,-1.614393,2.651447,-10.656246,-21.615332,14.679902
45025,-5.773699,2.820291,-4.550342,-9.710537,8.301277,-17.369802,-3.670163,25.751875,-30.057198,-2.953739,1.960815,-9.52859,-18.516198,11.437908
45027,8.911039,17.461426,6.816181,23.227961,20.885973,-9.075733,5.882941,39.725871,-3.553173,8.925394,8.179551,11.256404,-10.508033,23.022474
45029,8.911039,17.461426,6.816181,23.227961,20.885973,-9.075733,5.882941,39.725871,-3.553173,8.925394,8.179551,11.256404,-10.508033,23.022474
45031,-5.711194,2.882611,-4.50196,-9.570335,8.354843,-17.334498,-3.629501,25.811355,-29.944384,-2.903176,1.987285,-9.440119,-18.482111,11.487217
45033,-5.773699,2.820291,-4.550342,-9.710537,8.301277,-17.369802,-3.670163,25.751875,-30.057198,-2.953739,1.960815,-9.52859,-18.516198,11.437908
45035,8.911039,17.461426,6.816181,23.227961,20.885973,-9.075733,5.882941,39.725871,-3.553173,8.925394,8.179551,11.256404,-10.508033,23.022474
45037,1.381189,7.006482,8.330714,2.674273,4.625722,-14.287285,-2.934733,18.858217,-6.026709,-4.716679,1.167347,0.949152,-17.074114,16.903383
45039,-6.828014,3.145826,-2.752476,-9.167061,7.662908,-17.600859,-2.911614,25.112068,-26.556516,-1.923298,2.492161,-10.396165,-20.900552,13.932173
45041,4.446164,13.009809,3.360205,13.213055,17.059613,-11.597533,2.978333,35.477097,-11.611686,5.31356,6.288753,4.936755,-12.942905,19.500202
45043,8.911039,17.461426,6.816181,23.227961,20.885973,-9.075733,5.882941,39.725871,-3.553173,8.925394,8.179551,11.256404,-10.508033,23.022474
45045,-9.845618,4.077555,2.393282,-7.611554,5.835804,-18.262178,-0.740535,23.280845,-16.537049,1.025978,4.01295,-12.879293,-27.724925,21.071129
45047,-5.562322,5.195011,4.658555,-3.687264,5.374129,-16.745661,-1.577674,21.593506,-12.527102,-1.164983,2.927284,-7.603409,-23.661385,19.481034
45049,7.009215,14.820807,7.198709,18.03669,16.779101,-10.392021,3.65585,34.455301,-4.177917,5.479798,6.40847,8.653088,-12.166436,21.476967
45051,7.640885,17.277875,5.561686,20.493032,20.72118,-9.039511,4.120015,39.039872,-6.45003,9.609197,8.568617,9.368235,-11.681047,22.225479
45053,11.429191,19.335154,8.682765,25.864951,22.556202,-6.59805,3.655158,38.231309,0.659004,10.476271,10.057968,13.976716,-11.084434,25.967953
45055,-5.551762,3.041569,-4.378554,-9.212723,8.491475,-17.24445,-3.525783,25.963071,-29.656631,-2.774205,2.054802,-9.214457,-18.395167,11.612991
45057,-5.773699,2.820291,-4.550342,-9.710537,8.301277,-17.369802,-3.670163,25.751875,-30.057198,-2.953739,1.960815,-9.52859,-18.516198,11.437908
45059,-9.845618,4.077555,2.393282,-7.611554,5.835804,-18.262178,-0.740535,23.280845,-16.537049,1.025978,4.01295,-12.879293,-27.724925,21.071129
45061,-1.195458,7.384938,-1.006616,0.558655,12.224791,-14.783971,-0.691804,30.10853,-21.794073,0.749802,3.899622,-3.048479,-16.019503,15.049613
45063,4.180832,11.522113,7.36076,11.326921,11.934945,-12.161189,1.10529,28.380991,-5.445707,1.650311,4.434792,4.857868,-14.675545,19.838293
45065,1.381189,7.006482,8.330714,2.674273,4.625722,-14.287285,-2.934733,18.858217,-6.026709,-4.716679,1.167347,0.949152,-17.074114,16.903383
45067,1.352224,9.925055,0.965383,6.273214,14.408133,-13.345018,0.965581,32.532903,-17.195842,2.810735,4.978522,0.557546,-14.630152,17.05944
45069,-5.773699,2.820291,-4.550342,-9.710537,8.301277,-17.369802,-3.670163,25.751875,-30.057198,-2.953739,1.960815,-9.52859,-18.516198,11.437908
45071,-9.572813,4.148726,2.537558,-7.361614,5.8064,-18.165591,-0.793853,23.173378,-16.281654,0.886435,3.943804,-12.54327,-27.466117,20.969855
45073,-9.845618,4.077555,2.393282,-7.611554,5.835804,-18.262178,-0.740535,23.280845,-16.537049,1.025978,4.01295,-12.879293,-27.724925,21.071129
45075,8.685263,17.147944,6.861593,22.611677,20.398424,-9.231997,5.618551,39.100174,-3.62734,8.516348,7.969296,10.94735,-10.704911,22.838998
45077,-9.845618,4.077555,2.393282,-7.611554,5.835804,-18.262178,-0.740535,23.280845,-16.537049,1.025978,4.01295,-12.879293,-27.724925,21.071129
45079,4.161387,12.938224,3.552631,13.024791,16.849553,-11.702301,3.015244,35.252502,-11.275253,5.371045,6.317682,4.631296,-13.382024,19.793742
45081,-0.229176,6.586359,7.479054,1.198882,4.799295,-14.857441,-2.619999,19.492595,-7.534304,-3.892957,1.575518,-1.034389,-18.601858,17.501201
45083,-9.845618,4.077555,2.393282,-7.611554,5.835804,-18.262178,-0.740535,23.280845,-16.537049,1.025978,4.01295,-12.879293,-27.724925,21.071129
45085,8.658589,17.209725,6.620776,22.661704,20.669626,-9.218319,5.71871,39.48564,-4.008813,8.721176,8.072643,10.899082,-10.645704,22.82332
45087,-9.845618,4.077555,2.393282,-7.611554,5.835804,-18.262178,-0.740535,23.280845,-16.537049,1.025978,4.01295,-12.879293,-27.724925,21.071129
45089,8.911039,17.461426,6.816181,23.227961,20.885973,-9.075733,5.882941,39.725871,-3.553173,8.925394,8.179551,11.256404,-10.508033,23.022474
45091,-7.341467,3.304362,-1.876912,-8.902388,7.352022,-17.713384,-2.5422,24.800481,-24.851679,-1.421471,2.750927,-10.818675,-22.061736,15.146884
46003,21.267577,12.824502,21.505844,20.642063,4.642528,31.385558,-14.603403,-0.81805,15.465039,11.9711,8.044931,8.777362,34.397187,5.066275
46005,23.805524,15.132049,23.557145,24.605198,6.621919,36.575993,-17.926403,0.799131,15.899499,15.364206,9.719847,11.078036,35.614311,5.032057
46007,20.353321,19.944762,18.299854,15.96002,11.310002,16.224743,0.821427,4.514494,26.395468,3.481252,3.710785,-2.731894,32.143962,2.469173
46009,13.575024,2.22711,15.916366,5.731291,-5.83976,10.185193,-4.189259,-4.844854,14.429181,-2.199944,3.321045,1.349276,31.947597,5.362441
46011,23.805524,15.132049,23.557145,24.605198,6.621919,36.575993,-17.926403,0.799131,15.899499,15.364206,9.719847,11.078036,35.614311,5.032057
46013,9.96526,10.461497,16.9123,15.345869,5.158941,31.882577,-17.196266,2.994104,8.232398,11.173864,5.882171,13.905849,20.04074,1.873803
46015,15.41955,13.482814,15.730843,16.394964,7.52858,28.644441,-7.631003,-6.045584,13.962401,10.659565,3.618224,4.263599,29.514475,4.777868
46017,14.11145,12.513327,14.463311,16.507722,7.110727,30.11792,-8.907577,-8.204757,12.8216,10.709885,3.18338,3.952171,28.240285,3.566457
46019,10.064516,24.196862,22.677834,16.309486,15.96328,20.114355,0.366378,0.756847,13.944688,3.47537,7.074166,5.179571,22.041442,6.718159
46021,-1.978987,11.31183,11.416083,9.913171,1.886467,28.48456,-3.328737,0.788667,4.340634,4.649509,8.248858,14.597716,11.206468,5.782775
46023,16.348653,7.532044,17.955724,9.048394,-0.754708,13.809085,-3.204868,-1.661615,16.166128,1.942143,4.139237,2.822926,33.259458,7.177684
46025,23.805524,15.132049,23.557145,24.605198,6.621919,36.575993,-17.926403,0.799131,15.899499,15.364206,9.719847,11.078036,35.614311,5.032057
46027,13.575024,2.22711,15.916366,5.731291,-5.83976,10.185193,-4.189259,-4.844854,14.429181,-2.199944,3.321045,1.349276,31.947597,5.362441
46029,23.805524,15.132049,23.557145,24.605198,6.621919,36.575993,-17.926403,0.799131,15.899499,15.364206,9.719847,11.078036,35.614311,5.032057
46031,-0.634902,11.973102,12.118288,7.332365,4.197998,28.441271,0.879896,-0.277654,6.491723,5.922663,10.020463,13.210456,13.985968,6.645302
46033,12.152077,22.818627,21.211939,16.28725,15.06537,19.459739,0.97797,1.936672,16.857977,3.860563,6.261572,3.445438,24.261299,6.099803
46035,21.476548,12.194236,21.81772,20.308548,3.785015,30.56812,-14.799139,-0.485723,15.56478,11.365723,8.263158,8.863281,34.779582,5.107269
46037,18.575949,13.36727,21.046375,21.106539,6.06913,34.802575,-17.650519,1.628507,13.002467,13.780876,8.269772,12.146531,29.729802,3.838704
46039,23.805524,15.132049,23.557145,24.605198,6.621919,36.575993,-17.926403,0.799131,15.899499,15.364206,9.719847,11.078036,35.614311,5.032057
46041,13.249256,13.958008,15.324738,16.582396,8.355679,28.807674,-8.037434,-7.371132,12.814183,9.59366,3.653685,4.380337,27.608231,4.123115
46043,13.575024,2.22711,15.916366,5.731291,-5.83976,10.185193,-4.189259,-4.844854,14.429181,-2.199944,3.321045,1.349276,31.947597,5.362441
46045,8.858209,12.122294,13.614689,14.419248,5.346325,29.691331,-7.3031,-4.942903,9.990375,8.77404,4.989242,7.717379,22.584808,4.296319
46047,19.465535,19.364053,17.598364,15.936141,12.527951,16.729815,4.462852,7.206885,26.6814,5.094867,4.009203,-2.745605,30.499589,3.945194
46049,14.483036,12.613706,14.811889,16.818108,7.091991,30.365466,-9.25328,-7.859627,12.93958,10.888291,3.433931,4.225314,28.52294,3.622635
46051,23.805524,15.132049,23.557145,24.605198,6.621919,36.575993,-17.926403,0.799131,15.899499,15.364206,9.719847,11.078036,35.614311,5.032057
46053,21.518325,17.419731,21.756815,15.231031,8.723149,20.563537,-1.370095,4.271516,19.403564,9.66244,5.664237,5.569613,35.704591,10.561055
46055,9.43429,20.350318,19.136312,16.912804,13.864242,23.010205,-4.187291,-3.682575,12.781365,4.654679,5.734652,6.274852,24.811568,6.586173
46057,23.805524,15.132049,23.557145,24.605198,6.621919,36.575993,-17.926403,0.799131,15.899499,15.364206,9.719847,11.078036,35.614311,5.032057
46059,14.863139,12.716385,15.168457,17.135609,7.072825,30.618686,-9.606907,-7.506586,13.060264,11.070786,3.690225,4.504718,28.812075,3.680101
46061,21.486104,12.20629,21.824856,20.326177,3.796654,30.59277,-14.811969,-0.480452,15.566154,11.382128,8.269134,8.872368,34.783007,5.106961
46063,4.111243,18.439822,17.913465,9.59456,11.344614,24.904753,5.684848,-0.553132,11.570363,5.679581,9.362957,8.111092,19.100502,7.019735
46065,14.11145,12.513327,14.463311,16.507722,7.110727,30.11792,-8.907577,-8.204757,12.8216,10.709885,3.18338,3.952171,28.240285,3.566457
46067,13.575024,2.22711,15.916366,5.731291,-5.83976,10.185193,-4.189259,-4.844854,14.429181,-2.199944,3.321045,1.349276,31.947597,5.362441
46069,14.11145,12.513327,14.463311,16.507722,7.110727,30.11792,-8.907577,-8.204757,12.8216,10.709885,3.18338,3.952171,28.240285,3.566457
46071,12.650757,20.61001,19.102214,16.631985,13.391882,20.514909,-2.371802,-0.870621,17.08014,3.983126,5.221137,3.543365,26.956615,5.433283
46073,20.91807,14.352042,20.848477,22.193303,6.767515,34.652407,-15.240077,-1.882746,14.982723,13.977881,7.77291,8.955542,33.417901,4.595517
46075,14.11145,12.513327,14.463311,16.507722,7.110727,30.11792,-8.907577,-8.204757,12.8216,10.709885,3.18338,3.952171,28.240285,3.566457
46077,23.805524,15.132049,23.557145,24.605198,6.621919,36.575993,-17.926403,0.799131,15.899499,15.364206,9.719847,11.078036,35.614311,5.032057
46079,23.805524,15.132049,23.557145,24.605198,6.621919,36.575993,-17.926403,0.799131,15.899499,15.364206,9.719847,11.078036,35.614311,5.032057
46081,11.717087,26.758679,25.562328,15.569684,16.848999,18.435465,4.341666,4.648876,15.217964,3.445315,8.003074,3.508247,19.738404,6.237167
46083,13.575024,2.22711,15.916366,5.731291,-5.83976,10.185193,-4.189259,-4.844854,14.429181,-2.199944,3.321045,1.349276,31.947597,5.362441
46085,14.519252,12.815566,14.858466,16.47257,7.240994,29.65856,-8.509603,-7.531631,13.177247,10.694198,3.318944,4.049259,28.637516,3.944117
46087,21.480335,12.199013,21.820548,20.315534,3.789627,30.577889,-14.804223,-0.483634,15.565325,11.372224,8.265526,8.866882,34.780939,5.107147
46089,-1.851401,11.230484,11.471264,9.933329,1.951179,28.511198,-3.672845,0.872921,4.341862,4.762254,8.139506,14.616213,11.232646,5.642796
46091,3.027019,8.120109,13.581183,10.704089,4.425537,29.529728,-16.830242,4.094462,4.388815,9.07321,3.958311,15.323455,12.233577,0.290543
46093,8.544719,21.840872,20.025091,16.989849,15.148724,21.658356,-3.289519,-2.822481,12.773713,3.503011,6.219891,6.716613,24.159444,7.160506
46095,18.097106,15.467262,18.325359,16.164159,8.383885,25.628368,-5.017976,-1.625961,16.297512,10.556564,4.508308,4.901063,32.122622,7.257511
46097,23.805524,15.132049,23.557145,24.605198,6.621919,36.575993,-17.926403,0.799131,15.899499,15.364206,9.719847,11.078036,35.614311,5.032057
46099,21.47849,12.196686,21.81917,20.31213,3.78738,30.57313,-14.801746,-0.484652,15.56506,11.369057,8.264372,8.865128,34.780278,5.107207
46101,23.805524,15.132049,23.557145,24.605198,6.621919,36.575993,-17.926403,0.799131,15.899499,15.364206,9.719847,11.078036,35.614311,5.032057
46102,18.643631,20.248071,18.460029,16.108872,11.890772,16.884618,0.283395,3.467755,24.612766,3.33172,4.019986,-1.58202,30.929051,2.948319
46103,9.129473,22.747358,21.045755,16.728074,15.462131,21.064289,-1.882882,-1.445305,13.224255,3.492376,6.54858,6.125223,23.344525,6.99031
46105,4.571019,17.128071,16.347652,10.47266,10.841744,25.136695,1.347153,-2.123295,10.781483,5.494935,9.232194,9.270146,20.515022,7.404128
46107,14.11145,12.513327,14.463311,16.507722,7.110727,30.11792,-8.907577,-8.204757,12.8216,10.709885,3.18338,3.952171,28.240285,3.566457
46109,9.034384,10.147362,16.465377,14.7231,5.060543,31.566905,-17.147158,3.141734,7.71672,10.892028,5.624054,14.096043,18.993285,1.661383
46111,23.805524,15.132049,23.557145,24.605198,6.621919,36.575993,-17.926403,0.799131,15.899499,15.364206,9.719847,11.078036,35.614311,5.032057
46115,23.805524,15.132049,23.557145,24.605198,6.621919,36.575993,-17.926403,0.799131,15.899499,15.364206,9.719847,11.078036,35.614311,5.032057
46117,14.11145,12.513327,14.463311,16.507722,7.110727,30.11792,-8.907577,-8.204757,12.8216,10.709885,3.18338,3.952171,28.240285,3.566457
46119,14.11145,12.513327,14.463311,16.507722,7.110727,30.11792,-8.907577,-8.204757,12.8216,10.709885,3.18338,3.952171,28.240285,3.566457
46121,22.0161,18.371792,22.122813,15.826342,9.635748,21.213906,-1.193429,4.842802,19.715288,10.405808,5.811075,5.834084,35.940027,10.886831
46123,20.707824,17.402174,20.855111,15.939115,9.217839,22.687584,-2.470176,2.683338,18.574333,10.456135,5.376173,5.522614,34.665664,9.675257
46125,13.575024,2.22711,15.916366,5.731291,-5.83976,10.185193,-4.189259,-4.844854,14.429181,-2.199944,3.321045,1.349276,31.947597,5.362441
46127,13.575024,2.22711,15.916366,5.731291,-5.83976,10.185193,-4.189259,-4.844854,14.429181,-2.199944,3.321045,1.349276,31.947597,5.362441
46129,7.785347,12.040947,13.265266,13.915014,5.056761,29.475749,-6.714205,-4.66891,9.487231,8.327193,5.174919,8.137565,21.543284,4.437823
46135,13.575024,2.22711,15.916366,5.731291,-5.83976,10.185193,-4.189259,-4.844854,14.429181,-2.199944,3.321045,1.349276,31.947597,5.362441
46137,8.85127,21.327219,19.718813,16.963299,14.706085,22.12421,-3.598896,-3.118874,12.77635,3.899882,6.052675,6.56438,24.384169,6.962588
47001,-2.53858,4.764743,9.716664,-8.83367,12.112461,-12.494116,5.119857,12.333874,-2.101103,-4.673579,4.946702,-16.812282,-18.586755,21.237987
47003,-1.351639,20.201781,9.591501,19.400425,23.812681,-7.056413,4.967685,24.864506,8.585644,19.279397,8.061562,3.614314,-12.643566,33.962609
47005,-7.90732,13.590868,7.488148,10.534534,17.489818,-1.981892,5.683014,18.377779,9.946334,13.042795,7.39311,-6.818598,-8.886319,29.183184
47007,-0.249597,11.333635,14.504955,8.588209,19.49929,-14.667957,4.300938,25.801006,2.038555,12.413579,9.501373,-4.359604,-27.137226,29.716767
47009,-0.63736,10.771642,13.159776,7.391231,18.343273,-15.44117,3.907613,25.010749,0.545981,11.569034,9.049924,-4.728624,-27.314281,27.907463
47011,-0.249597,11.333635,14.504955,8.588209,19.49929,-14.667957,4.300938,25.801006,2.038555,12.413579,9.501373,-4.359604,-27.137226,29.716767
47013,-2.732264,4.208911,9.311499,-10.307836,11.487419,-12.310174,5.189151,11.194342,-2.451383,-6.119423,4.561305,-17.865975,-17.86325,20.520548
47015,-0.249597,11.333635,14.504955,8.588209,19.49929,-14.667957,4.300938,25.801006,2.038555,12.413579,9.501373,-4.359604,-27.137226,29.716767
47017,-5.578954,15.978756,8.216958,13.732607,19.756993,-3.757173,5.431138,20.682271,9.488326,15.289481,7.625215,-3.074266,-10.165342,30.900872
47019,2.177586,2.35495,7.488233,-10.996291,7.631199,-18.530845,6.46844,8.604231,-9.136679,-3.972351,4.410958,-13.980024,-17.926702,14.682337
47021,-11.589192,9.814876,6.335673,5.477386,13.904709,0.825379,6.081309,14.733661,10.670588,9.490085,7.02608,-12.739551,-6.863786,26.466985
47023,-0.537278,20.562926,8.962211,20.709374,24.240956,-4.647225,5.727605,23.483287,9.47766,20.335006,8.637313,5.040575,-7.741413,32.09534
47025,0.718554,2.905881,8.030043,-10.791706,8.77713,-16.682284,6.088281,9.373919,-7.150048,-4.610384,4.455636,-15.13479,-17.907847,16.417244
47027,-2.732264,4.208911,9.311499,-10.307836,11.487419,-12.310174,5.189151,11.194342,-2.451383,-6.119423,4.561305,-17.865975,-17.86325,20.520548
47029,-2.624729,4.799945,2.446694,-5.441813,7.692463,-21.556946,1.81888,15.4827,-12.179494,1.879274,4.777835,-9.571239,-26.217402,12.113542
47031,-0.257355,11.396068,14.470363,8.664329,19.529658,-14.61437,4.305632,25.794413,2.084647,12.461915,9.491237,-4.303466,-27.035187,29.746658
47033,3.837934,21.946747,5.924112,26.993481,26.250902,7.649851,9.709553,16.229377,13.808979,25.513098,11.769871,12.114287,17.339506,21.960997
47035,-1.100159,8.892703,12.725676,2.114422,16.754422,-13.86018,4.60524,20.796761,0.500301,6.06417,7.808905,-8.986888,-23.95996,26.566141
47037,-11.447661,9.960024,6.379974,5.671783,14.04252,0.717468,6.065999,14.87374,10.642747,9.626651,7.040189,-12.511951,-6.941531,26.571395
47039,-1.364023,20.301435,9.536287,19.521926,23.861152,-6.97088,4.975178,24.853982,8.659215,19.35655,8.045383,3.703919,-12.480696,34.010321
47041,-1.312116,8.284432,12.282286,0.501176,16.07041,-13.658885,4.681071,19.549721,0.116974,4.481919,7.387148,-10.139992,-23.168197,25.781016
47043,-10.911151,10.51025,6.547909,6.408694,14.56493,0.308401,6.007961,15.404749,10.537212,10.14434,7.093671,-11.649169,-7.236248,26.967191
47045,-8.368726,13.865419,0.987742,15.747275,14.536735,5.202766,11.824291,11.926575,14.542198,16.636545,6.351998,-4.951217,23.662623,15.436036
47047,3.837964,21.946766,5.924124,26.993508,26.25093,7.649857,9.709548,16.229388,13.808977,25.51312,11.769884,12.114328,17.339491,21.961012
47049,-2.732264,4.208911,9.311499,-10.307836,11.487419,-12.310174,5.189151,11.194342,-2.451383,-6.119423,4.561305,-17.865975,-17.86325,20.520548
47051,-0.383921,12.414546,13.906069,9.906077,20.025037,-13.740209,4.382206,25.686859,2.83656,13.250433,9.325879,-3.387687,-25.370637,30.23428
47053,-4.830625,16.272081,2.981437,18.625419,18.172347,4.914346,10.663551,13.972261,13.856186,18.918187,7.888465,-0.172024,18.786394,18.661085
47055,-1.364023,20.301435,9.536287,19.521926,23.861152,-6.97088,4.975178,24.853982,8.659215,19.35655,8.045383,3.703919,-12.480696,34.010321
47057,2.177586,2.35495,7.488233,-10.996291,7.631199,-18.530845,6.46844,8.604231,-9.136679,-3.972351,4.410958,-13.980024,-17.926702,14.682337
47059,1.848234,2.522632,7.142475,-10.615354,7.635401,-18.73838,6.149565,9.075969,-9.34536,-3.571036,4.436119,-13.677662,-18.495294,14.506164
47061,-0.249597,11.333635,14.504955,8.588209,19.49929,-14.667957,4.300938,25.801006,2.038555,12.413579,9.501373,-4.359604,-27.137226,29.716767
47063,2.177586,2.35495,7.488233,-10.996291,7.631199,-18.530845,6.46844,8.604231,-9.136679,-3.972351,4.410958,-13.980024,-17.926702,14.682337
47065,-0.249597,11.333635,14.504955,8.588209,19.49929,-14.667957,4.300938,25.801006,2.038555,12.413579,9.501373,-4.359604,-27.137226,29.716767
47067,2.177586,2.35495,7.488233,-10.996291,7.631199,-18.530845,6.46844,8.604231,-9.136679,-3.972351,4.410958,-13.980024,-17.926702,14.682337
47069,3.837964,21.946766,5.924124,26.993508,26.25093,7.649857,9.709548,16.229388,13.808977,25.51312,11.769884,12.114328,17.339491,21.961012
47071,-1.364023,20.301435,9.536287,19.521926,23.861152,-6.97088,4.975178,24.853982,8.659215,19.35655,8.045383,3.703919,-12.480696,34.010321
47073,2.177586,2.35495,7.488233,-10.996291,7.631199,-18.530845,6.46844,8.604231,-9.136679,-3.972351,4.410958,-13.980024,-17.926702,14.682337
47075,3.837964,21.946766,5.924124,26.993508,26.25093,7.649857,9.709548,16.229388,13.808977,25.51312,11.769884,12.114328,17.339491,21.961012
47077,-1.364023,20.301435,9.536287,19.521926,23.861152,-6.97088,4.975178,24.853982,8.659215,19.35655,8.045383,3.703919,-12.480696,34.010321
47079,-11.589192,9.814876,6.335673,5.477386,13.904709,0.825379,6.081309,14.733661,10.670588,9.490085,7.02608,-12.739551,-6.863786,26.466985
47081,-1.364023,20.301435,9.536287,19.521926,23.861152,-6.97088,4.975178,24.853982,8.659215,19.35655,8.045383,3.703919,-12.480696,34.010321
47083,-11.589192,9.814876,6.335673,5.477386,13.904709,0.825379,6.081309,14.733661,10.670588,9.490085,7.02608,-12.739551,-6.863786,26.466985
47085,-7.715748,13.787338,7.548112,10.797663,17.676355,-2.127958,5.66229,18.567386,9.90865,13.227646,7.412207,-6.510524,-8.991553,29.324511
47087,-2.732264,4.208911,9.311499,-10.307836,11.487419,-12.310174,5.189151,11.194342,-2.451383,-6.119423,4.561305,-17.865975,-17.86325,20.520548
47089,0.651322,3.132014,5.885939,-9.230975,7.65067,-19.492595,4.990724,10.790335,-10.103742,-2.112597,4.527558,-12.578831,-20.561639,13.865926
47091,2.177586,2.35495,7.488233,-10.996291,7.631199,-18.530845,6.46844,8.604231,-9.136679,-3.972351,4.410958,-13.980024,-17.926702,14.682337
47093,-1.178337,7.814112,11.508843,-0.332436,15.197398,-14.378406,4.613949,18.822298,-1.040947,3.997341,7.11225,-10.229673,-23.112044,24.477104
47095,-13.208823,10.661069,-0.969591,11.28801,9.891918,4.232465,12.662811,10.220458,14.832929,13.116878,4.203742,-11.717907,26.16982,12.848805
47097,3.837964,21.946766,5.924124,26.993508,26.25093,7.649857,9.709548,16.229388,13.808977,25.51312,11.769884,12.114328,17.339491,21.961012
47099,-1.364023,20.301435,9.536287,19.521926,23.861152,-6.97088,4.975178,24.853982,8.659215,19.35655,8.045383,3.703919,-12.480696,34.010321
47101,-1.364023,20.301435,9.536287,19.521926,23.861152,-6.97088,4.975178,24.853982,8.659215,19.35655,8.045383,3.703919,-12.480696,34.010321
47103,-1.364023,20.301435,9.536287,19.521926,23.861152,-6.97088,4.975178,24.853982,8.659215,19.35655,8.045383,3.703919,-12.480696,34.010321
47105,-0.249597,11.333635,14.504955,8.588209,19.49929,-14.667957,4.300938,25.801006,2.038555,12.413579,9.501373,-4.359604,-27.137226,29.716767
47107,-0.249597,11.333635,14.504955,8.588209,19.49929,-14.667957,4.300938,25.801006,2.038555,12.413579,9.501373,-4.359604,-27.137226,29.716767
47109,-1.041188,20.403544,9.312117,19.985612,24.009462,-6.063517,5.268992,24.31874,8.978809,19.738627,8.276525,4.225869,-10.630056,33.262541
47111,-2.732264,4.208911,9.311499,-10.307836,11.487419,-12.310174,5.189151,11.194342,-2.451383,-6.119423,4.561305,-17.865975,-17.86325,20.520548
47113,2.35655,21.478212,6.95279,24.865763,25.570373,3.486188,8.361301,18.685486,12.342437,23.759862,10.709227,9.719226,8.847347,25.392395
47115,-0.249597,11.333635,14.504955,8.588209,19.49929,-14.667957,4.300938,25.801006,2.038555,12.413579,9.501373,-4.359604,-27.137226,29.716767
47117,-1.364023,20.301435,9.536287,19.521926,23.861152,-6.97088,4.975178,24.853982,8.659215,19.35655,8.045383,3.703919,-12.480696,34.010321
47119,-1.364023,20.301435,9.536287,19.521926,23.861152,-6.97088,4.975178,24.853982,8.659215,19.35655,8.045383,3.703919,-12.480696,34.010321
47121,-0.249597,11.333635,14.504955,8.588209,19.49929,-14.667957,4.300938,25.801006,2.038555,12.413579,9.501373,-4.359604,-27.137226,29.716767
47123,-0.249597,11.333635,14.504955,8.588209,19.49929,-14.667957,4.300938,25.801006,2.038555,12.413579,9.501373,-4.359604,-27.137226,29.716767
47125,-11.589192,9.814876,6.335673,5.477386,13.904709,0.825379,6.081309,14.733661,10.670588,9.490085,7.02608,-12.739551,-6.863786,26.466985
47127,-1.360941,20.276636,9.550028,19.491689,23.84909,-6.992165,4.973313,24.856601,8.640906,19.33735,8.049409,3.68162,-12.521227,33.998447
47129,-2.504416,4.862786,9.788131,-8.573643,12.222711,-12.526561,5.107635,12.534875,-2.039317,-4.418549,5.014682,-16.626422,-18.714373,21.364535
47131,-13.208823,10.661069,-0.969591,11.28801,9.891918,4.232465,12.662811,10.220458,14.832929,13.116878,4.203742,-11.717907,26.16982,12.848805
47133,-2.732264,4.208911,9.311499,-10.307836,11.487419,-12.310174,5.189151,11.194342,-2.451383,-6.119423,4.561305,-17.865975,-17.86325,20.520548
47135,-1.364023,20.301435,9.536287,19.521926,23.861152,-6.97088,4.975178,24.853982,8.659215,19.35655,8.045383,3.703919,-12.480696,34.010321
47137,-2.732264,4.208911,9.311499,-10.307836,11.487419,-12.310174,5.189151,11.194342,-2.451383,-6.119423,4.561305,-17.865975,-17.86325,20.520548
47139,-0.249597,11.333635,14.504955,8.588209,19.49929,-14.667957,4.300938,25.801006,2.038555,12.413579,9.501373,-4.359604,-27.137226,29.716767
47141,-2.712798,4.264773,9.352219,-10.159681,11.550236,-12.328661,5.182187,11.308866,-2.41618,-5.974114,4.600038,-17.760078,-17.935963,20.592651
47143,-0.249597,11.333635,14.504955,8.588209,19.49929,-14.667957,4.300938,25.801006,2.038555,12.413579,9.501373,-4.359604,-27.137226,29.716767
47145,-0.311853,11.154973,14.374722,8.114366,19.298382,-14.608832,4.323212,25.434724,1.925963,11.948839,9.377494,-4.698294,-26.904668,29.486159
47147,-11.589192,9.814876,6.335673,5.477386,13.904709,0.825379,6.081309,14.733661,10.670588,9.490085,7.02608,-12.739551,-6.863786,26.466985
47149,-2.056779,18.356285,9.883603,17.048298,22.521434,-7.27886,4.982504,24.149283,8.013764,17.70893,8.140559,1.386333,-13.815196,32.874549
47151,-2.732264,4.208911,9.311499,-10.307836,11.487419,-12.310174,5.189151,11.194342,-2.451383,-6.119423,4.561305,-17.865975,-17.86325,20.520548
47153,-0.249597,11.333635,14.504955,8.588209,19.49929,-14.667957,4.300938,25.801006,2.038555,12.413579,9.501373,-4.359604,-27.137226,29.716767
47155,-4.051291,5.652992,1.105636,-3.517191,7.904424,-22.367603,0.440682,17.750585,-12.875284,3.837351,4.967108,-8.140576,-28.76239,11.617814
47157,3.837964,21.946766,5.924124,26.993508,26.25093,7.649857,9.709548,16.229388,13.808977,25.51312,11.769884,12.114328,17.339491,21.961012
47159,-2.732264,4.208911,9.311499,-10.307836,11.487419,-12.310174,5.189151,11.194342,-2.451383,-6.119423,4.561305,-17.865975,-17.86325,20.520548
47161,-11.589192,9.814876,6.335673,5.477386,13.904709,0.825379,6.081309,14.733661,10.670588,9.490085,7.02608,-12.739551,-6.863786,26.466985
47163,2.177586,2.35495,7.488233,-10.996291,7.631199,-18.530845,6.46844,8.604231,-9.136679,-3.972351,4.410958,-13.980024,-17.926702,14.682337
47165,-11.230975,9.588143,6.45603,4.838956,13.806942,0.294114,6.045226,14.590513,10.139872,8.858761,6.926393,-12.946889,-7.308657,26.226482
47167,3.837964,21.946766,5.924124,26.993508,26.25093,7.649857,9.709548,16.229388,13.808977,25.51312,11.769884,12.114328,17.339491,21.961012
47169,-3.66426,4.798815,8.998359,-8.64679,11.741785,-10.927948,5.283031,11.566777,-1.070586,-4.476867,4.820668,-17.326532,-16.7058,21.146279
47171,1.669255,2.613755,6.954581,-10.408343,7.637684,-18.851161,5.976279,9.332324,-9.458764,-3.35295,4.449792,-13.51335,-18.804282,14.410427
47173,-1.948283,3.91288,9.020369,-10.417765,10.871676,-13.303461,5.393421,10.780766,-3.518859,-5.776589,4.537298,-17.245485,-17.873382,19.588331
47175,-0.249597,11.333635,14.504955,8.588209,19.49929,-14.667957,4.300938,25.801006,2.038555,12.413579,9.501373,-4.359604,-27.137226,29.716767
47177,-0.249597,11.333635,14.504955,8.588209,19.49929,-14.667957,4.300938,25.801006,2.038555,12.413579,9.501373,-4.359604,-27.137226,29.716767
47179,2.177586,2.35495,7.488233,-10.996291,7.631199,-18.530845,6.46844,8.604231,-9.136679,-3.972351,4.410958,-13.980024,-17.926702,14.682337
47181,-1.364023,20.301435,9.536287,19.521926,23.861152,-6.97088,4.975178,24.853982,8.659215,19.35655,8.045383,3.703919,-12.480696,34.010321
47183,-12.228529,10.148904,3.451975,7.771086,12.32069,2.170301,8.679308,12.952108,12.313641,10.921734,5.911984,-12.336265,6.175981,21.091311
47185,-0.731802,9.949808,13.496236,4.918053,17.943154,-14.210008,4.473455,22.963971,1.166479,8.813936,8.54187,-6.98293,-25.335953,27.930596
47187,-2.476367,19.160656,9.188109,17.994091,22.778041,-6.122764,5.095508,23.753044,8.878022,18.283227,7.934498,1.915118,-11.869661,33.18972
47189,-7.700962,8.074466,7.885089,0.301377,13.506769,-4.766675,5.652578,14.253103,5.549091,4.308639,6.314352,-13.843496,-11.946381,24.664973
48001,9.134697,41.372669,16.476717,42.624651,41.582942,35.119148,-4.165461,9.006619,21.778796,61.354794,46.813682,23.235459,44.563363,15.09248
48003,23.499004,27.354025,4.151399,24.419804,35.254598,49.677906,-2.386992,26.881607,14.466294,43.173464,24.138808,33.00471,47.445995,40.82591
48005,9.134697,41.372669,16.476717,42.624651,41.582942,35.119148,-4.165461,9.006619,21.778796,61.354794,46.813682,23.235459,44.563363,15.09248
48007,-4.755379,24.921794,0.421139,28.530874,24.346237,3.292402,-21.979557,-9.503442,14.292828,26.138375,6.900416,3.384653,29.278874,-4.092445
48009,11.130044,29.946245,11.380159,27.769242,37.517167,53.19711,-1.920404,18.711595,21.569947,45.88042,38.863175,15.611411,52.378959,40.288935
48011,10.167496,16.033448,-1.148059,4.559062,23.457283,47.065592,-12.511852,7.246446,8.545203,21.38025,14.111631,7.685609,35.280169,36.793251
48013,-1.092932,23.018842,3.471699,36.893874,36.576002,23.630712,-16.281373,6.891667,10.370722,32.808866,23.949901,9.601999,34.482869,16.980911
48015,-2.542739,25.342081,1.543277,42.165822,33.627817,18.078644,-16.021348,-2.177235,14.531959,36.550238,24.369645,6.613222,32.022009,18.988083
48017,17.757107,22.231267,-1.613153,14.081087,31.955626,46.114541,-6.261782,19.029795,9.43667,32.08959,16.830056,21.702756,40.870509,40.164309
48019,4.647369,9.362336,-9.175365,34.253419,23.524341,29.19488,-25.943821,6.38846,5.867797,24.042111,22.84531,10.966641,36.657259,20.711337
48021,-1.30622,25.461312,5.471216,36.991452,38.391379,24.113048,-14.644293,7.63766,11.470518,34.818819,25.1285,10.080775,34.935825,17.69709
48023,15.98779,32.486243,12.447452,30.090557,35.619791,54.414985,-3.345515,17.946646,22.93006,42.638538,38.244722,19.774582,48.772392,39.23694
48025,-3.355959,24.802487,2.579186,32.623128,30.853938,12.562014,-18.743507,-1.746959,12.700557,29.781717,14.999583,6.237489,31.607958,5.62805
48027,5.553863,36.784978,12.209016,33.82832,41.800243,40.60688,-7.933178,17.426488,19.410719,48.402688,40.059652,19.27583,45.159539,34.366776
48029,-1.227659,23.339363,3.768529,36.955847,36.882327,23.50012,-16.054593,6.903478,10.476407,33.014624,23.975826,9.569971,34.431836,16.893357
48031,1.244344,29.671426,7.976316,35.815407,39.658787,30.245418,-12.149115,11.277125,14.422667,39.869272,30.679869,13.499476,38.73698,23.894843
48033,22.966431,28.987108,5.023596,24.957368,38.158331,49.841478,-1.762409,26.647023,15.939275,44.036387,25.462891,31.084829,47.961052,42.022243
48035,5.553863,36.784978,12.209016,33.82832,41.800243,40.60688,-7.933178,17.426488,19.410719,48.402688,40.059652,19.27583,45.159539,34.366776
48037,13.612294,39.494172,17.929496,34.562171,40.955395,51.093707,8.009112,10.843661,18.773892,56.55404,48.583436,15.194619,54.816616,9.254426
48039,-3.374404,26.082567,-2.257324,47.61216,28.652122,12.712676,-17.019016,-12.216373,18.509527,39.499695,24.684465,3.508006,29.604866,21.690761
48041,6.798921,38.38012,13.692898,36.886809,41.724687,38.698793,-6.623141,14.498895,20.234101,52.906141,42.408031,20.652595,44.952249,27.665094
48043,25.072839,19.969025,6.463994,30.204087,26.716352,46.988597,-4.194733,18.709821,8.399412,33.731167,30.90797,32.036298,48.940217,35.649822
48045,11.213073,18.028354,6.027666,8.303711,23.939185,51.647557,-12.298244,7.809095,14.386261,26.801558,19.67373,8.969771,38.849948,36.613977
48047,-4.755379,24.921794,0.421139,28.530874,24.346237,3.292402,-21.979557,-9.503442,14.292828,26.138375,6.900416,3.384653,29.278874,-4.092445
48049,15.005242,19.737137,4.920339,30.303729,34.298863,40.85492,-8.650179,19.363531,15.243633,33.543443,34.815733,19.739489,44.462335,29.339712
48051,5.489024,36.67795,12.145333,33.858217,41.768024,40.450985,-7.996609,17.333966,19.335671,48.274297,39.918527,19.188921,45.062908,34.209219
48053,5.553863,36.784978,12.209016,33.82832,41.800243,40.60688,-7.933178,17.426488,19.410719,48.402688,40.059652,19.27583,45.159539,34.366776
48055,-1.786414,24.668675,4.999582,37.212866,38.152764,22.958509,-15.114059,6.952459,10.914718,33.867972,24.083345,9.437138,34.220183,16.530241
48057,-2.434984,24.723969,3.999423,35.316288,35.136732,18.662454,-16.613825,3.357673,11.652665,32.179444,20.32974,8.114974,33.140756,12.025222
48059,15.759443,28.548499,10.141972,30.129812,35.17178,50.355037,-4.939438,18.384567,20.598645,39.810563,37.181033,19.767306,47.476524,36.237316
48061,-6.527928,17.955298,-15.519073,22.862249,16.001768,-3.54335,-28.219774,-26.81971,5.331944,16.077028,-3.118649,4.088174,26.660769,-8.574953
48063,13.612294,39.494172,17.929496,34.562171,40.955395,51.093707,8.009112,10.843661,18.773892,56.55404,48.583436,15.194619,54.816616,9.254426
48065,10.1894,16.07524,-0.997732,4.63751,23.467379,47.161581,-12.507377,7.258233,8.66757,21.493823,14.228153,7.712512,35.354954,36.789496
48067,13.612294,39.494172,17.929496,34.562171,40.955395,51.093707,8.009112,10.843661,18.773892,56.55404,48.583436,15.194619,54.816616,9.254426
48069,9.042077,13.886209,-8.871726,0.528469,22.938583,42.133746,-12.741772,6.640831,2.258118,15.544966,8.124806,6.303388,31.437799,36.986215
48071,-3.374404,26.082567,-2.257324,47.61216,28.652122,12.712676,-17.019016,-12.216373,18.509527,39.499695,24.684465,3.508006,29.604866,21.690761
48073,9.134697,41.372669,16.476717,42.624651,41.582942,35.119148,-4.165461,9.006619,21.778796,61.354794,46.813682,23.235459,44.563363,15.09248
48075,12.794076,21.044824,16.877981,13.965944,24.667862,58.575882,-11.975249,8.659871,23.218445,34.999045,28.084105,10.911535,44.247762,36.342899
48077,8.099778,28.047146,10.911102,26.033207,38.452799,52.591155,-0.96438,19.08739,20.665143,47.490893,39.014127,12.827922,54.407077,40.476404
48079,24.178028,28.379605,3.734702,24.066169,38.59906,49.047448,-1.487558,28.157539,14.725569,44.279074,23.243772,33.048459,47.820191,42.505814
48081,15.225447,19.339944,4.750522,30.221611,34.12409,40.860699,-8.666884,19.408662,15.146545,33.197242,34.693556,19.750292,44.446091,29.222588
48083,15.225447,19.339944,4.750522,30.221611,34.12409,40.860699,-8.666884,19.408662,15.146545,33.197242,34.693556,19.750292,44.446091,29.222588
48085,8.11999,28.372361,10.718822,26.330861,38.692858,52.442465,-1.037347,19.185588,20.727166,47.88922,39.246393,13.031743,54.613733,40.940794
48087,12.794076,21.044824,16.877981,13.965944,24.667862,58.575882,-11.975249,8.659871,23.218445,34.999045,28.084105,10.911535,44.247762,36.342899
48089,-1.814398,24.693591,4.871702,37.396122,37.985344,22.777957,-15.147628,6.614668,11.048553,33.967214,24.093938,9.332655,34.138852,16.621179
48091,-1.786414,24.668675,4.999582,37.212866,38.152764,22.958509,-15.114059,6.952459,10.914718,33.867972,24.083345,9.437138,34.220183,16.530241
48093,6.815174,34.455438,11.243359,33.263817,40.783755,40.809361,-7.92681,17.70274,18.889843,46.470361,39.368625,19.246024,45.205294,33.810166
48095,15.225447,19.339944,4.750522,30.221611,34.12409,40.860699,-8.666884,19.408662,15.146545,33.197242,34.693556,19.750292,44.446091,29.222588
48097,8.11999,28.372361,10.718822,26.330861,38.692858,52.442465,-1.037347,19.185588,20.727166,47.88922,39.246393,13.031743,54.613733,40.940794
48099,5.553863,36.784978,12.209016,33.82832,41.800243,40.60688,-7.933178,17.426488,19.410719,48.402688,40.059652,19.27583,45.159539,34.366776
48101,14.569005,27.403472,14.415683,22.927311,30.754473,56.263435,-7.179214,13.821061,23.058173,39.244747,33.730939,15.837235,46.762357,37.951282
48103,21.797386,24.783946,5.195631,25.306004,26.873462,51.257817,-4.640953,23.684153,13.81656,40.402834,26.381743,32.895077,46.508269,36.616115
48105,19.55398,22.748746,4.911448,27.121733,29.174609,47.565513,-6.175999,21.995416,14.04243,37.739763,29.147251,28.371001,45.793318,34.019566
48107,20.870044,30.03825,7.253726,26.49938,37.395752,51.215362,-2.237975,24.033426,18.03931,43.616472,29.302559,27.687226,48.204779,41.185537
48109,10.443801,12.698337,-3.880794,14.326111,23.992724,24.89759,-10.462654,12.545343,-11.922137,26.982257,8.963359,30.24509,32.897044,26.002322
48111,5.075927,7.729971,2.963459,2.555458,17.420184,30.640952,-9.562059,0.791509,15.991724,0.535959,5.240706,-18.655626,27.850384,20.044953
48113,8.11999,28.372361,10.718822,26.330861,38.692858,52.442465,-1.037347,19.185588,20.727166,47.88922,39.246393,13.031743,54.613733,40.940794
48115,24.178028,28.379605,3.734702,24.066169,38.59906,49.047448,-1.487558,28.157539,14.725569,44.279074,23.243772,33.048459,47.820191,42.505814
48117,9.042077,13.886209,-8.871726,0.528469,22.938583,42.133746,-12.741772,6.640831,2.258118,15.544966,8.124806,6.303388,31.437799,36.986215
48119,13.612294,39.494172,17.929496,34.562171,40.955395,51.093707,8.009112,10.843661,18.773892,56.55404,48.583436,15.194619,54.816616,9.254426
48121,8.11999,28.372361,10.718822,26.330861,38.692858,52.442465,-1.037347,19.185588,20.727166,47.88922,39.246393,13.031743,54.613733,40.940794
48123,-1.786414,24.668675,4.999582,37.212866,38.152764,22.958509,-15.114059,6.952459,10.914718,33.867972,24.083345,9.437138,34.220183,16.530241
48125,15.98779,32.486243,12.447452,30.090557,35.619791,54.414985,-3.345515,17.946646,22.93006,42.638538,38.244722,19.774582,48.772392,39.23694
48127,3.743691,13.079293,-11.346387,33.207405,21.04971,18.83883,-25.156737,2.971164,8.795055,22.22147,16.467684,11.03979,32.786299,14.642414
48129,12.794076,21.044824,16.877981,13.965944,24.667862,58.575882,-11.975249,8.659871,23.218445,34.999045,28.084105,10.911535,44.247762,36.342899
48131,-4.118114,24.242494,-0.751733,28.834934,23.859216,3.719223,-22.179643,-8.7456,14.079489,25.654759,7.162698,4.033951,29.244892,-3.03381
48133,13.155751,28.825494,10.497352,28.920868,36.427219,51.187037,-3.592143,18.609745,20.773143,42.731242,37.956357,17.552031,49.874265,37.94737
48135,21.797386,24.783946,5.195631,25.306004,26.873462,51.257817,-4.640953,23.684153,13.81656,40.402834,26.381743,32.895077,46.508269,36.616115
48137,4.647369,9.362336,-9.175365,34.253419,23.524341,29.19488,-25.943821,6.38846,5.867797,24.042111,22.84531,10.966641,36.657259,20.711337
48139,7.748267,29.59099,10.934687,27.416923,39.142986,50.727994,-2.036259,18.930769,20.536469,47.9636,39.364199,13.936245,53.244223,39.988499
48141,8.502556,14.644627,-4.79157,12.241069,24.122975,23.867395,-7.727416,7.868841,-14.577431,22.134262,9.743705,31.386789,30.903037,22.704132
48143,6.950403,32.206655,11.398021,29.748045,40.109139,47.048054,-4.180322,18.383827,20.127157,48.123248,39.617059,15.877667,50.30471,37.944495
48145,5.553863,36.784978,12.209016,33.82832,41.800243,40.60688,-7.933178,17.426488,19.410719,48.402688,40.059652,19.27583,45.159539,34.366776
48147,12.394246,37.027648,16.330359,32.736685,40.453624,51.392826,6.002846,12.69368,19.207077,54.632413,46.512727,14.71495,54.771622,16.281624
48149,-1.786414,24.668675,4.999582,37.212866,38.152764,22.958509,-15.114059,6.952459,10.914718,33.867972,24.083345,9.437138,34.220183,16.530241
48151,15.98779,32.486243,12.447452,30.090557,35.619791,54.414985,-3.345515,17.946646,22.93006,42.638538,38.244722,19.774582,48.772392,39.23694
48153,16.445838,24.293211,4.695876,17.594752,31.4734,50.106327,-6.625994,16.920922,14.809336,34.86607,23.551926,19.309977,43.175852,39.276915
48155,15.655494,31.295801,12.908434,28.412845,34.480279,54.847913,-4.24341,16.980388,22.960066,41.843674,37.187544,18.852412,48.301619,38.935824
48157,-3.374404,26.082567,-2.257324,47.61216,28.652122,12.712676,-17.019016,-12.216373,18.509527,39.499695,24.684465,3.508006,29.604866,21.690761
48159,13.612294,39.494172,17.929496,34.562171,40.955395,51.093707,8.009112,10.843661,18.773892,56.55404,48.583436,15.194619,54.816616,9.254426
48161,8.166442,40.13216,15.322734,40.24613,41.6417,36.603027,-5.184249,11.283345,21.13847,57.852554,44.987397,22.164778,44.724569,20.304236
48163,4.647369,9.362336,-9.175365,34.253419,23.524341,29.19488,-25.943821,6.38846,5.867797,24.042111,22.84531,10.966641,36.657259,20.711337
48165,24.178028,28.379605,3.734702,24.066169,38.59906,49.047448,-1.487558,28.157539,14.725569,44.279074,23.243772,33.048459,47.820191,42.505814
48167,-3.374404,26.082567,-2.257324,47.61216,28.652122,12.712676,-17.019016,-12.216373,18.509527,39.499695,24.684465,3.508006,29.604866,21.690761
48169,20.851869,30.047363,7.27306,26.512749,37.389141,51.227273,-2.242098,24.010766,18.057517,43.612832,29.335848,27.657769,48.206892,41.178283
48171,8.180699,18.090989,0.288562,32.954043,31.381867,34.370455,-15.921952,12.808341,11.604475,31.491125,29.582808,15.183318,40.405111,25.134103
48173,21.797386,24.783946,5.195631,25.306004,26.873462,51.257817,-4.640953,23.684153,13.81656,40.402834,26.381743,32.895077,46.508269,36.616115
48175,-1.819119,24.671463,4.949148,37.117229,38.000677,22.741875,-15.189687,6.771188,10.95193,33.782826,23.894065,9.370466,34.165752,16.30307
48177,-1.786414,24.668675,4.999582,37.212866,38.152764,22.958509,-15.114059,6.952459,10.914718,33.867972,24.083345,9.437138,34.220183,16.530241
48179,12.794076,21.044824,16.877981,13.965944,24.667862,58.575882,-11.975249,8.659871,23.218445,34.999045,28.084105,10.911535,44.247762,36.342899
48181,8.11999,28.372361,10.718822,26.330861,38.692858,52.442465,-1.037347,19.185588,20.727166,47.88922,39.246393,13.031743,54.613733,40.940794
48183,13.612294,39.494172,17.929496,34.562171,40.955395,51.093707,8.009112,10.843661,18.773892,56.55404,48.583436,15.194619,54.816616,9.254426
48185,7.643207,39.549593,14.243012,43.219324,40.041169,32.447571,-5.698022,6.47615,21.388993,58.748958,44.175162,20.883307,42.779825,15.879209
48187,-1.786414,24.668675,4.999582,37.212866,38.152764,22.958509,-15.114059,6.952459,10.914718,33.867972,24.083345,9.437138,34.220183,16.530241
48189,17.702641,22.179113,-1.658517,13.996387,31.899273,46.089662,-6.30228,18.952368,9.391806,31.986191,16.775651,21.606515,40.811558,40.144447
48191,12.794076,21.044824,16.877981,13.965944,24.667862,58.575882,-11.975249,8.659871,23.218445,34.999045,28.084105,10.911535,44.247762,36.342899
48193,5.553863,36.784978,12.209016,33.82832,41.800243,40.60688,-7.933178,17.426488,19.410719,48.402688,40.059652,19.27583,45.159539,34.366776
48195,6.270173,5.453838,1.653891,1.883529,15.743811,32.024608,-15.758656,-0.436065,16.367836,4.884356,4.975254,-18.646542,31.523454,17.567815
48197,12.909308,21.457642,16.718122,14.547738,25.06302,58.425753,-11.663879,8.994947,23.20804,35.274686,28.450711,11.231323,44.411016,36.447319
48199,3.581826,34.585293,8.160555,44.838639,35.842867,25.17277,-9.871238,-0.414405,20.327547,51.653174,36.990379,14.478315,37.923189,18.0215
48201,-3.374404,26.082567,-2.257324,47.61216,28.652122,12.712676,-17.019016,-12.216373,18.509527,39.499695,24.684465,3.508006,29.604866,21.690761
48203,13.612294,39.494172,17.929496,34.562171,40.955395,51.093707,8.009112,10.843661,18.773892,56.55404,48.583436,15.194619,54.816616,9.254426
48205,8.534487,13.098331,-7.357052,0.787884,22.232335,40.662892,-12.334831,5.892232,4.015753,13.624105,7.755697,3.10912,30.97868,34.818063
48207,15.98779,32.486243,12.447452,30.090557,35.619791,54.414985,-3.345515,17.946646,22.93006,42.638538,38.244722,19.774582,48.772392,39.23694
48209,-1.720264,24.777867,5.064554,37.182365,38.185635,23.117556,-15.049345,7.046851,10.991284,33.998959,24.227324,9.525804,34.318768,16.690984
48211,12.306333,18.388065,14.549115,12.224455,23.038597,55.580292,-14.260517,7.139058,22.451094,32.409178,25.049711,7.131631,43.68705,33.220247
48213,11.253654,39.897212,16.927084,38.017631,41.153505,43.59374,1.85314,10.338803,20.281085,58.44717,47.338151,18.904924,49.956092,13.401041
48215,-6.033281,19.899367,-11.070802,24.444134,18.330374,-1.635767,-26.478381,-21.987437,7.832566,18.884745,-0.322731,3.891849,27.391377,-7.324065
48217,5.639675,36.503661,12.159184,33.577605,41.696332,41.002661,-7.702581,17.485312,19.454741,48.385517,40.032457,19.067028,45.475687,34.586611
48219,24.178028,28.379605,3.734702,24.066169,38.59906,49.047448,-1.487558,28.157539,14.725569,44.279074,23.243772,33.048459,47.820191,42.505814
48221,8.11999,28.372361,10.718822,26.330861,38.692858,52.442465,-1.037347,19.185588,20.727166,47.88922,39.246393,13.031743,54.613733,40.940794
48223,13.612294,39.494172,17.929496,34.562171,40.955395,51.093707,8.009112,10.843661,18.773892,56.55404,48.583436,15.194619,54.816616,9.254426
48225,9.134697,41.372669,16.476717,42.624651,41.582942,35.119148,-4.165461,9.006619,21.778796,61.354794,46.813682,23.235459,44.563363,15.09248
48227,22.438997,27.579228,5.007158,25.20444,35.267354,49.824639,-2.711722,25.711067,15.345579,42.75538,25.946655,31.180377,47.470327,40.244349
48229,10.443801,12.698337,-3.880794,14.326111,23.992724,24.89759,-10.462654,12.545343,-11.922137,26.982257,8.963359,30.24509,32.897044,26.002322
48231,13.019432,38.293637,17.151145,33.673649,40.711167,51.239298,7.032599,11.744123,18.984737,55.618723,47.575557,14.961149,54.794716,12.674786
48233,9.684072,14.708647,-0.672851,4.276184,22.47574,45.20933,-12.923775,6.270087,9.642751,19.350259,13.029008,4.327912,34.854924,34.324262
48235,15.472612,19.544688,4.767262,30.036739,33.8514,41.251726,-8.515472,19.569459,15.096526,33.468238,34.380956,20.244656,44.523648,29.500652
48237,8.11999,28.372361,10.718822,26.330861,38.692858,52.442465,-1.037347,19.185588,20.727166,47.88922,39.246393,13.031743,54.613733,40.940794
48239,-1.786414,24.668675,4.999582,37.212866,38.152764,22.958509,-15.114059,6.952459,10.914718,33.867972,24.083345,9.437138,34.220183,16.530241
48241,8.303058,40.35614,15.231226,42.956235,40.723265,33.629504,-5.020001,7.595655,21.561446,59.901807,45.34247,21.923923,43.568881,15.531152
48243,11.813352,14.15619,-2.78593,15.650585,24.34022,28.07735,-9.760398,13.888987,-8.817351,28.601143,11.06449,30.56475,34.538928,27.282634
48245,-3.374404,26.082567,-2.257324,47.61216,28.652122,12.712676,-17.019016,-12.216373,18.509527,39.499695,24.684465,3.508006,29.604866,21.690761
48247,-1.837218,21.811146,-4.949667,29.923224,22.116076,5.246898,-22.895789,-6.033137,13.315907,23.923807,8.101458,6.357915,29.123265,0.755252
48249,-4.755379,24.921794,0.421139,28.530874,24.346237,3.292402,-21.979557,-9.503442,14.292828,26.138375,6.900416,3.384653,29.278874,-4.092445
48251,8.002375,28.757939,10.787122,26.674495,38.83528,51.900001,-1.353406,19.104962,20.666829,47.912754,39.283667,13.317931,54.180415,40.639485
48253,15.98779,32.486243,12.447452,30.090557,35.619791,54.414985,-3.345515,17.946646,22.93006,42.638538,38.244722,19.774582,48.772392,39.23694
48255,-1.786414,24.668675,4.999582,37.212866,38.152764,22.958509,-15.114059,6.952459,10.914718,33.867972,24.083345,9.437138,34.220183,16.530241
48257,10.41365,33.016979,13.730096,29.768367,39.637724,51.879206,2.740576,15.701887,19.911453,51.507766,43.145668,13.934989,54.69846,27.70814
48259,0.884559,18.314277,-0.88512,35.984257,32.079802,25.547526,-19.610014,6.718316,8.819498,29.788784,23.569377,10.072108,35.23193,18.266015
48261,-4.755379,24.921794,0.421139,28.530874,24.346237,3.292402,-21.979557,-9.503442,14.292828,26.138375,6.900416,3.384653,29.278874,-4.092445
48263,15.98779,32.486243,12.447452,30.090557,35.619791,54.414985,-3.345515,17.946646,22.93006,42.638538,38.244722,19.774582,48.772392,39.23694
48265,4.647369,9.362336,-9.175365,34.253419,23.524341,29.19488,-25.943821,6.38846,5.867797,24.042111,22.84531,10.966641,36.657259,20.711337
48267,14.469034,18.626468,3.754714,30.509916,33.366127,40.026503,-9.902318,18.477617,14.483044,32.542579,33.846316,19.122193,43.88913,28.613968
48269,15.98779,32.486243,12.447452,30.090557,35.619791,54.414985,-3.345515,17.946646,22.93006,42.638538,38.244722,19.774582,48.772392,39.23694
48271,4.647369,9.362336,-9.175365,34.253419,23.524341,29.19488,-25.943821,6.38846,5.867797,24.042111,22.84531,10.966641,36.657259,20.711337
48273,-4.755379,24.921794,0.421139,28.530874,24.346237,3.292402,-21.979557,-9.503442,14.292828,26.138375,6.900416,3.384653,29.278874,-4.092445
48275,15.98779,32.486243,12.447452,30.090557,35.619791,54.414985,-3.345515,17.946646,22.93006,42.638538,38.244722,19.774582,48.772392,39.23694
48277,13.612294,39.494172,17.929496,34.562171,40.955395,51.093707,8.009112,10.843661,18.773892,56.55404,48.583436,15.194619,54.816616,9.254426
48279,17.764458,22.238305,-1.607031,14.092518,31.963232,46.117898,-6.256316,19.040245,9.442724,32.103544,16.837399,21.715745,40.878465,40.166989
48281,5.553863,36.784978,12.209016,33.82832,41.800243,40.60688,-7.933178,17.426488,19.410719,48.402688,40.059652,19.27583,45.159539,34.366776
48283,3.507987,14.048774,-11.912647,32.934576,20.40426,16.137696,-24.951445,2.079842,9.558562,21.746599,14.80423,11.05887,31.77665,13.059478
48285,-1.786414,24.668675,4.999582,37.212866,38.152764,22.958509,-15.114059,6.952459,10.914718,33.867972,24.083345,9.437138,34.220183,16.530241
48287,1.911551,30.772759,8.63163,35.507762,39.990331,31.849598,-11.496396,12.22918,15.194926,41.19043,32.132064,14.393782,39.731332,25.516126
48289,8.883931,41.051392,16.177849,42.008642,41.598159,35.503456,-4.429315,9.596264,21.612959,60.447755,46.340696,22.958165,44.605114,16.442263
48291,-0.891079,29.11798,1.461785,46.622033,31.219167,17.160842,-14.46731,-8.003154,19.158547,43.838401,29.077589,7.424328,32.574448,20.38086
48293,5.556761,36.78869,12.212469,33.835437,41.800067,40.60244,-7.930129,17.419675,19.412635,48.413167,40.065117,19.279034,45.159057,34.351182
48295,8.982687,0.284016,-1.320555,0.357363,11.936235,35.167332,-29.833103,-3.224275,17.222107,14.760951,4.372329,-18.62591,39.866164,11.941447
48297,-3.706425,24.832365,2.038733,31.598279,29.224173,10.240566,-19.553932,-3.689465,13.099319,28.869292,12.971257,5.523035,31.024671,3.193685
48299,9.267481,30.086573,9.345163,32.443445,38.852815,40.704339,-8.2149,18.187587,17.773396,42.564222,37.999222,19.45801,44.885595,32.391552
48301,19.814749,22.673478,3.610647,23.388624,26.370408,46.654623,-5.657576,21.739021,9.321901,38.059245,23.340031,32.432319,44.131388,34.762665
48303,24.178028,28.379605,3.734702,24.066169,38.59906,49.047448,-1.487558,28.157539,14.725569,44.279074,23.243772,33.048459,47.820191,42.505814
48305,24.178028,28.379605,3.734702,24.066169,38.59906,49.047448,-1.487558,28.157539,14.725569,44.279074,23.243772,33.048459,47.820191,42.505814
48307,15.225447,19.339944,4.750522,30.221611,34.12409,40.860699,-8.666884,19.408662,15.146545,33.197242,34.693556,19.750292,44.446091,29.222588
48309,5.553863,36.784978,12.209016,33.82832,41.800243,40.60688,-7.933178,17.426488,19.410719,48.402688,40.059652,19.27583,45.159539,34.366776
48311,-2.833916,23.63605,0.635336,31.97953,28.631545,11.433621,-19.963288,-2.60924,12.615037,28.298681,13.644689,6.292321,31.246734,4.839781
48313,9.134697,41.372669,16.476717,42.624651,41.582942,35.119148,-4.165461,9.006619,21.778796,61.354794,46.813682,23.235459,44.563363,15.09248
48315,13.612294,39.494172,17.929496,34.562171,40.955395,51.093707,8.009112,10.843661,18.773892,56.55404,48.583436,15.194619,54.816616,9.254426
48317,23.5078,27.367311,4.146001,24.415223,35.297924,49.669738,-2.37534,26.898136,14.469653,43.187787,24.127213,33.005277,47.450843,40.847673
48319,15.225447,19.339944,4.750522,30.221611,34.12409,40.860699,-8.666884,19.408662,15.146545,33.197242,34.693556,19.750292,44.446091,29.222588
48321,-3.175744,25.902148,-1.336167,46.269558,29.846523,13.99369,-16.785595,-9.78963,17.543386,38.768129,24.582163,4.2572,30.187708,21.00036
48323,4.414119,10.321725,-9.735731,33.98343,22.88561,26.521864,-25.740665,5.506417,6.623356,23.572182,21.199171,10.985521,35.658119,19.144878
48325,4.647369,9.362336,-9.175365,34.253419,23.524341,29.19488,-25.943821,6.38846,5.867797,24.042111,22.84531,10.966641,36.657259,20.711337
48327,15.225447,19.339944,4.750522,30.221611,34.12409,40.860699,-8.666884,19.408662,15.146545,33.197242,34.693556,19.750292,44.446091,29.222588
48329,21.797386,24.783946,5.195631,25.306004,26.873462,51.257817,-4.640953,23.684153,13.81656,40.402834,26.381743,32.895077,46.508269,36.616115
48331,5.553863,36.784978,12.209016,33.82832,41.800243,40.60688,-7.933178,17.426488,19.410719,48.402688,40.059652,19.27583,45.159539,34.366776
48333,7.258267,33.710675,10.894621,33.192717,40.447491,40.65161,-8.062477,17.775802,18.659253,45.723063,39.113996,19.359444,45.03381,33.460226
48335,15.771598,28.7581,10.264689,30.127722,35.195627,50.571142,-4.854596,18.361257,20.722743,39.961093,37.237652,19.767694,47.545501,36.396982
48337,8.11999,28.372361,10.718822,26.330861,38.692858,52.442465,-1.037347,19.185588,20.727166,47.88922,39.246393,13.031743,54.613733,40.940794
48339,2.101091,32.775363,5.942956,45.429024,34.312211,22.520456,-11.392747,-2.926627,19.940554,49.066128,34.370884,12.143123,36.152512,18.802556
48341,8.539226,13.105685,-7.371192,0.785462,22.238928,40.676622,-12.338629,5.89922,3.999345,13.642036,7.759143,3.138938,30.982966,34.838303
48343,13.612294,39.494172,17.929496,34.562171,40.955395,51.093707,8.009112,10.843661,18.773892,56.55404,48.583436,15.194619,54.816616,9.254426
48345,14.601039,27.518233,14.371244,23.089045,30.864324,56.2217,-7.092655,13.91421,23.055281,39.321373,33.832853,15.926135,46.80774,37.98031
48347,9.134697,41.372669,16.476717,42.624651,41.582942,35.119148,-4.165461,9.006619,21.778796,61.354794,46.813682,23.235459,44.563363,15.09248
48349,6.322756,36.652951,12.686586,34.349999,41.479438,40.995679,-6.700356,16.398345,19.854837,50.176919,40.955449,19.224252,45.997371,32.199054
48351,5.980195,37.892693,10.551094,45.620306,40.617063,29.915043,-4.819905,11.121048,21.629398,32.104077,43.166864,20.002554,39.826151,29.964329
48353,15.766871,28.676578,10.21696,30.128535,35.186352,50.48709,-4.887594,18.370324,20.674477,39.902546,37.21563,19.767543,47.518673,36.334882
48355,-4.755379,24.921794,0.421139,28.530874,24.346237,3.292402,-21.979557,-9.503442,14.292828,26.138375,6.900416,3.384653,29.278874,-4.092445
48357,8.982687,0.284016,-1.320555,0.357363,11.936235,35.167332,-29.833103,-3.224275,17.222107,14.760951,4.372329,-18.62591,39.866164,11.941447
48359,9.042077,13.886209,-8.871726,0.528469,22.938583,42.133746,-12.741772,6.640831,2.258118,15.544966,8.124806,6.303388,31.437799,36.986215
48361,-4.627281,25.672617,-3.540943,48.294977,27.965593,11.852292,-18.157335,-12.788276,18.571332,37.989456,24.687183,2.995027,28.157499,22.102311
48363,8.11999,28.372361,10.718822,26.330861,38.692858,52.442465,-1.037347,19.185588,20.727166,47.88922,39.246393,13.031743,54.613733,40.940794
48365,10.762566,40.689725,17.004887,39.693468,41.354792,40.926836,0.260709,9.674491,20.686338,59.609439,47.457091,20.312142,48.291021,12.970005
48367,8.11999,28.372361,10.718822,26.330861,38.692858,52.442465,-1.037347,19.185588,20.727166,47.88922,39.246393,13.031743,54.613733,40.940794
48369,9.042077,13.886209,-8.871726,0.528469,22.938583,42.133746,-12.741772,6.640831,2.258118,15.544966,8.124806,6.303388,31.437799,36.986215
48371,21.996175,24.558459,5.267721,25.598703,26.870716,51.084086,-4.597757,23.437644,13.553609,40.062696,26.676412,32.851422,46.671537,36.568607
48373,9.134697,41.372669,16.476717,42.624651,41.582942,35.119148,-4.165461,9.006619,21.778796,61.354794,46.813682,23.235459,44.563363,15.09248
48375,9.042077,13.886209,-8.871726,0.528469,22.938583,42.133746,-12.741772,6.640831,2.258118,15.544966,8.124806,6.303388,31.437799,36.986215
48377,15.178473,2.929505,4.135719,18.051517,23.918357,18.961322,-12.850104,6.985257,-8.313998,22.200847,8.605605,30.388206,34.365045,32.204234
48379,13.612294,39.494172,17.929496,34.562171,40.955395,51.093707,8.009112,10.843661,18.773892,56.55404,48.583436,15.194619,54.816616,9.254426
48381,9.042077,13.886209,-8.871726,0.528469,22.938583,42.133746,-12.741772,6.640831,2.258118,15.544966,8.124806,6.303388,31.437799,36.986215
48383,21.797386,24.783946,5.195631,25.306004,26.873462,51.257817,-4.640953,23.684153,13.81656,40.402834,26.381743,32.895077,46.508269,36.616115
48385,4.647369,9.362336,-9.175365,34.253419,23.524341,29.19488,-25.943821,6.38846,5.867797,24.042111,22.84531,10.966641,36.657259,20.711337
48387,13.612294,39.494172,17.929496,34.562171,40.955395,51.093707,8.009112,10.843661,18.773892,56.55404,48.583436,15.194619,54.816616,9.254426
48389,16.685532,19.342505,1.109049,20.362402,25.576434,39.389352,-7.262123,18.669,2.227933,34.360334,18.539266,31.701943,40.379932,31.837346
48391,-4.063075,24.862772,1.488741,30.555343,27.565646,7.87815,-20.378659,-5.666251,13.505119,27.940764,10.907136,4.795973,30.43109,0.716358
48393,12.298005,18.342707,14.509356,12.194724,23.010781,55.52915,-14.299533,7.113093,22.437994,32.364962,24.997906,7.067098,43.677477,33.166935
48395,5.561368,36.794593,12.217961,33.846756,41.799788,40.595378,-7.925281,17.408841,19.415682,48.429833,40.073807,19.284129,45.15829,34.32638
48397,8.11999,28.372361,10.718822,26.330861,38.692858,52.442465,-1.037347,19.185588,20.727166,47.88922,39.246393,13.031743,54.613733,40.940794
48399,15.225447,19.339944,4.750522,30.221611,34.12409,40.860699,-8.666884,19.408662,15.146545,33.197242,34.693556,19.750292,44.446091,29.222588
48401,10.581484,40.765695,16.946134,40.019529,41.380171,40.280796,-0.231653,9.600198,20.807862,59.80359,47.385519,20.637329,47.876361,13.206107
48403,8.125938,40.247306,14.404283,43.785219,41.522526,33.437376,-4.066717,10.513295,21.793154,49.067652,45.76797,22.338084,42.928029,21.473545
48405,9.134697,41.372669,16.476717,42.624651,41.582942,35.119148,-4.165461,9.006619,21.778796,61.354794,46.813682,23.235459,44.563363,15.09248
48407,9.134697,41.372669,16.476717,42.624651,41.582942,35.119148,-4.165461,9.006619,21.778796,61.354794,46.813682,23.235459,44.563363,15.09248
48409,-4.755379,24.921794,0.421139,28.530874,24.346237,3.292402,-21.979557,-9.503442,14.292828,26.138375,6.900416,3.384653,29.278874,-4.092445
48411,11.705115,25.689713,7.465318,31.534407,36.918112,40.768312,-8.399824,18.687176,16.69865,38.731829,36.646747,19.577594,44.705777,31.095007
48413,15.225447,19.339944,4.750522,30.221611,34.12409,40.860699,-8.666884,19.408662,15.146545,33.197242,34.693556,19.750292,44.446091,29.222588
48415,15.98779,32.486243,12.447452,30.090557,35.619791,54.414985,-3.345515,17.946646,22.93006,42.638538,38.244722,19.774582,48.772392,39.23694
48417,15.98779,32.486243,12.447452,30.090557,35.619791,54.414985,-3.345515,17.946646,22.93006,42.638538,38.244722,19.774582,48.772392,39.23694
48419,9.134697,41.372669,16.476717,42.624651,41.582942,35.119148,-4.165461,9.006619,21.778796,61.354794,46.813682,23.235459,44.563363,15.09248
48421,5.075927,7.729971,2.963459,2.555458,17.420184,30.640952,-9.562059,0.791509,15.991724,0.535959,5.240706,-18.655626,27.850384,20.044953
48423,12.93102,39.779988,17.708453,35.788891,41.050877,48.663152,6.15673,10.564152,19.231093,57.284483,48.314165,16.418046,53.256567,10.142696
48425,7.083693,31.769687,11.320617,29.358613,39.947736,47.662817,-3.822139,18.475198,20.195536,48.096577,39.574817,15.553337,50.795779,38.285962
48427,-0.52573,19.534295,-10.285155,30.374142,20.207785,5.92236,-22.237292,-8.58453,13.073637,20.726624,7.25642,7.336622,28.421432,-0.75539
48429,13.3612,31.112862,11.870365,28.835419,36.645705,53.756479,-2.574955,18.360255,22.194645,44.391428,38.57912,17.52355,50.722468,39.805755
48431,15.468632,19.541391,4.766992,30.039716,33.855792,41.245428,-8.517911,19.56687,15.097331,33.463873,34.385991,20.236694,44.522399,29.496174
48433,15.98779,32.486243,12.447452,30.090557,35.619791,54.414985,-3.345515,17.946646,22.93006,42.638538,38.244722,19.774582,48.772392,39.23694
48435,14.549101,18.70199,3.860121,30.479399,33.446358,40.114803,-9.771546,18.576169,14.553276,32.611876,33.935997,19.188678,43.948084,28.678391
48437,9.042077,13.886209,-8.871726,0.528469,22.938583,42.133746,-12.741772,6.640831,2.258118,15.544966,8.124806,6.303388,31.437799,36.986215
48439,8.11999,28.372361,10.718822,26.330861,38.692858,52.442465,-1.037347,19.185588,20.727166,47.88922,39.246393,13.031743,54.613733,40.940794
48441,15.764002,28.627109,10.187997,30.129028,35.180724,50.436086,-4.907618,18.375825,20.645187,39.867019,37.202267,19.767452,47.502394,36.297198
48443,24.383778,21.8502,6.133574,29.114222,26.837734,48.997449,-4.07895,20.4769,10.395381,35.97741,30.215594,32.327094,48.632498,35.998005
48445,24.178028,28.379605,3.734702,24.066169,38.59906,49.047448,-1.487558,28.157539,14.725569,44.279074,23.243772,33.048459,47.820191,42.505814
48447,15.98779,32.486243,12.447452,30.090557,35.619791,54.414985,-3.345515,17.946646,22.93006,42.638538,38.244722,19.774582,48.772392,39.23694
48449,13.612294,39.494172,17.929496,34.562171,40.955395,51.093707,8.009112,10.843661,18.773892,56.55404,48.583436,15.194619,54.816616,9.254426
48451,15.234068,19.347085,4.751106,30.215163,34.11458,40.874336,-8.661604,19.41427,15.144801,33.206693,34.682654,19.767534,44.448796,29.232286
48453,2.414927,31.603661,9.126033,35.27566,40.240465,33.059874,-11.003951,12.94746,15.777558,42.187181,33.227675,15.068492,40.481522,26.739306
48455,9.134697,41.372669,16.476717,42.624651,41.582942,35.119148,-4.165461,9.006619,21.778796,61.354794,46.813682,23.235459,44.563363,15.09248
48457,9.134697,41.372669,16.476717,42.624651,41.582942,35.119148,-4.165461,9.006619,21.778796,61.354794,46.813682,23.235459,44.563363,15.09248
48459,13.612294,39.494172,17.929496,34.562171,40.955395,51.093707,8.009112,10.843661,18.773892,56.55404,48.583436,15.194619,54.816616,9.254426
48461,21.797386,24.783946,5.195631,25.306004,26.873462,51.257817,-4.640953,23.684153,13.81656,40.402834,26.381743,32.895077,46.508269,36.616115
48463,4.647369,9.362336,-9.175365,34.253419,23.524341,29.19488,-25.943821,6.38846,5.867797,24.042111,22.84531,10.966641,36.657259,20.711337
48465,12.300926,13.250547,-3.461821,33.196446,24.711097,35.860093,-17.945891,10.796434,6.78516,27.419646,26.302371,18.546783,41.417009,26.09189
48467,13.612294,39.494172,17.929496,34.562171,40.955395,51.093707,8.009112,10.843661,18.773892,56.55404,48.583436,15.194619,54.816616,9.254426
48469,-1.786414,24.668675,4.999582,37.212866,38.152764,22.958509,-15.114059,6.952459,10.914718,33.867972,24.083345,9.437138,34.220183,16.530241
48471,9.134697,41.372669,16.476717,42.624651,41.582942,35.119148,-4.165461,9.006619,21.778796,61.354794,46.813682,23.235459,44.563363,15.09248
48473,-3.374404,26.082567,-2.257324,47.61216,28.652122,12.712676,-17.019016,-12.216373,18.509527,39.499695,24.684465,3.508006,29.604866,21.690761
48475,21.797386,24.783946,5.195631,25.306004,26.873462,51.257817,-4.640953,23.684153,13.81656,40.402834,26.381743,32.895077,46.508269,36.616115
48477,-1.108024,26.492716,4.625374,39.149945,36.768902,22.798121,-14.505565,4.182336,13.400623,37.104093,26.280029,9.596902,34.563114,18.719026
48479,2.830447,16.835595,-13.540389,32.150318,18.548884,8.373159,-24.361322,-0.482306,11.753299,20.381558,10.022551,11.113715,28.874365,8.509251
48481,-2.699496,25.481652,0.826917,43.192381,32.689968,17.067234,-16.209395,-4.069473,15.281675,37.10617,24.428984,6.027932,31.566411,19.4975
48483,12.794076,21.044824,16.877981,13.965944,24.667862,58.575882,-11.975249,8.659871,23.218445,34.999045,28.084105,10.911535,44.247762,36.342899
48485,11.136479,28.756206,12.056718,26.269167,36.247334,53.795455,-2.514338,17.843551,21.571062,44.533463,37.733768,14.885286,51.532586,39.306747
48487,14.625917,27.607359,14.336731,23.214652,30.949637,56.189287,-7.025432,13.986552,23.053034,39.380883,33.912002,15.995175,46.842986,38.002854
48489,-6.02819,19.919375,-11.025022,24.460414,18.354339,-1.616135,-26.460459,-21.937705,7.858301,18.913641,-0.293957,3.889829,27.398896,-7.311192
48491,5.553863,36.784978,12.209016,33.82832,41.800243,40.60688,-7.933178,17.426488,19.410719,48.402688,40.059652,19.27583,45.159539,34.366776
48493,-1.786414,24.668675,4.999582,37.212866,38.152764,22.958509,-15.114059,6.952459,10.914718,33.867972,24.083345,9.437138,34.220183,16.530241
48495,21.797386,24.783946,5.195631,25.306004,26.873462,51.257817,-4.640953,23.684153,13.81656,40.402834,26.381743,32.895077,46.508269,36.616115
48497,8.11999,28.372361,10.718822,26.330861,38.692858,52.442465,-1.037347,19.185588,20.727166,47.88922,39.246393,13.031743,54.613733,40.940794
48499,13.612294,39.494172,17.929496,34.562171,40.955395,51.093707,8.009112,10.843661,18.773892,56.55404,48.583436,15.194619,54.816616,9.254426
48501,24.178028,28.379605,3.734702,24.066169,38.59906,49.047448,-1.487558,28.157539,14.725569,44.279074,23.243772,33.048459,47.820191,42.505814
48503,11.122277,29.942184,11.378453,27.76553,37.520201,53.195163,-1.918125,18.712818,21.567772,45.885603,38.864163,15.604755,52.384726,40.290617
48505,2.830447,16.835595,-13.540389,32.150318,18.548884,8.373159,-24.361322,-0.482306,11.753299,20.381558,10.022551,11.113715,28.874365,8.509251
48507,4.647369,9.362336,-9.175365,34.253419,23.524341,29.19488,-25.943821,6.38846,5.867797,24.042111,22.84531,10.966641,36.657259,20.711337
49001,0.470106,10.974934,-1.455967,3.872432,21.301621,14.57423,-0.466597,-0.206638,-5.491129,23.944338,11.734955,7.568304,15.557013,8.316841
49003,5.75687,9.41225,3.009754,6.685334,22.927418,16.784421,-6.995939,-2.769155,7.244471,24.673724,2.193885,-5.430666,12.778711,7.828235
49005,8.168448,10.720045,4.648415,8.334169,23.776859,18.490452,-5.941877,-2.07781,10.174607,25.684285,1.862542,-5.058779,14.235147,8.152636
49007,2.25895,12.586568,-2.029136,13.038209,26.568236,15.373093,-3.275795,1.978676,-6.794911,34.219867,12.793744,9.594645,17.986256,10.206787
49009,0.392437,8.904714,0.737035,10.155975,25.855147,16.449667,-0.491401,-2.985871,1.531814,31.582642,8.082775,1.88574,16.583789,11.746114
49011,3.89161,11.589534,3.390154,6.835525,26.072111,18.323008,-6.070762,-0.842275,4.766254,28.867135,6.089011,-2.373196,14.652089,12.047746
49013,0.392437,8.904714,0.737035,10.155975,25.855147,16.449667,-0.491401,-2.985871,1.531814,31.582642,8.082775,1.88574,16.583789,11.746114
49015,2.303376,12.772233,-2.201998,12.888981,26.43963,15.289732,-3.362705,2.240713,-7.317077,34.019979,13.070603,10.055227,18.032166,10.030874
49017,3.074805,16.216706,-3.32062,7.370753,27.135884,15.51819,0.467905,2.896895,-8.264002,30.207957,15.135912,13.830577,19.930141,7.747839
49019,2.389804,12.84469,-2.223062,13.240272,26.618228,15.297618,-3.470999,2.326722,-7.378667,34.404753,13.124013,10.135088,18.084578,10.09887
49021,2.435611,14.038314,-1.891612,3.416039,26.288676,15.181188,2.290874,0.7405,-7.010727,26.171339,13.294387,11.237572,17.533615,7.516023
49023,1.339114,10.86314,-0.425783,4.718882,22.495131,15.484127,-2.369314,-0.480599,-2.748014,25.100806,9.796726,4.547555,15.220869,8.967163
49025,4.565603,18.705978,-3.578107,5.005408,30.820118,16.224079,3.309183,2.94055,-9.087895,30.2665,16.381097,16.610367,21.385197,6.65214
49027,0.440495,10.987892,-1.492168,3.979173,21.436268,14.651075,-0.516412,-0.145714,-5.545412,24.090227,11.746074,7.655996,15.736883,8.33297
49029,3.871065,11.57377,3.374577,6.855021,26.070837,18.312009,-6.038004,-0.854861,4.747263,28.883079,6.100717,-2.34819,14.663431,12.045975
49031,0.266033,11.064238,-1.705465,4.608084,22.229598,15.103843,-0.809917,0.21325,-5.865245,24.949794,11.811586,8.17267,16.796664,8.428002
49033,8.608929,11.990179,4.187499,10.310271,25.101621,18.421522,-1.626911,0.035904,9.474393,29.154813,4.97071,-0.719934,18.276427,10.436246
49035,3.89161,11.589534,3.390154,6.835525,26.072111,18.323008,-6.070762,-0.842275,4.766254,28.867135,6.089011,-2.373196,14.652089,12.047746
49037,3.6359,20.230692,-6.084963,11.52884,24.3579,14.371846,-1.38489,7.202479,-10.325848,32.946357,18.556995,18.100815,22.312808,7.292482
49039,0.345213,11.077995,-1.600009,4.670312,22.317736,15.171351,-0.924006,0.194555,-5.645669,25.048775,11.694303,7.955813,16.754267,8.506701
49041,0.266033,11.064238,-1.705465,4.608084,22.229598,15.103843,-0.809917,0.21325,-5.865245,24.949794,11.811586,8.17267,16.796664,8.428002
49043,1.370871,9.655439,1.478896,9.227516,25.915814,16.973488,-2.051494,-2.386482,2.436223,30.823336,7.525282,0.694863,16.04365,11.830456
49045,3.615962,10.228348,2.08459,5.881513,24.120182,16.913422,-6.85715,-1.746192,4.243487,26.469572,4.685677,-3.727349,12.809494,10.053475
49047,0.895637,9.897318,-0.008707,10.933007,26.047391,16.159429,-1.242056,-1.647461,-0.713018,32.293621,9.352822,3.964012,16.961885,11.331121
49049,3.57227,11.346847,3.1456,7.132693,26.048569,18.150722,-5.562119,-1.034514,4.463544,29.107995,6.274747,-1.978176,14.828527,12.016798
49051,1.497363,9.752493,1.574804,9.107484,25.923657,17.041208,-2.253183,-2.308993,2.553146,30.725173,7.453209,0.540906,15.973821,11.84136
49053,3.729025,15.945251,-2.018211,2.694327,29.356041,15.132882,4.803809,1.518908,-8.131542,27.076021,14.121357,13.582876,18.312459,6.91114
49055,1.71274,12.277077,-2.058051,10.488307,25.219121,15.235842,-2.622639,1.652941,-6.896184,31.390487,12.705608,9.509464,17.673987,9.566193
49057,3.89161,11.589534,3.390154,6.835525,26.072111,18.323008,-6.070762,-0.842275,4.766254,28.867135,6.089011,-2.373196,14.652089,12.047746
50001,-4.675216,-8.304966,-14.862846,-12.588412,1.294506,20.060174,-0.847668,27.121006,6.277327,-24.184153,-8.151906,4.609456,-2.346727,0.477742
50003,-4.283557,-0.446708,-19.525511,-5.086983,-0.81042,16.488739,9.989442,25.690548,9.346226,-13.275935,8.5556,2.769043,0.820216,-4.709856
50005,-4.675216,-8.304966,-14.862846,-12.588412,1.294506,20.060174,-0.847668,27.121006,6.277327,-24.184153,-8.151906,4.609456,-2.346727,0.477742
50007,-4.675216,-8.304966,-14.862846,-12.588412,1.294506,20.060174,-0.847668,27.121006,6.277327,-24.184153,-8.151906,4.609456,-2.346727,0.477742
50009,-4.675216,-8.304966,-14.862846,-12.588412,1.294506,20.060174,-0.847668,27.121006,6.277327,-24.184153,-8.151906,4.609456,-2.346727,0.477742
05001,12.564363,33.327161,18.621417,32.361651,38.092725,30.520512,14.643775,20.551932,24.210042,35.131167,31.596394,13.914751,30.068503,8.65752
50011,-4.675216,-8.304966,-14.862846,-12.588412,1.294506,20.060174,-0.847668,27.121006,6.277327,-24.184153,-8.151906,4.609456,-2.346727,0.477742
50013,-4.675216,-8.304966,-14.862846,-12.588412,1.294506,20.060174,-0.847668,27.121006,6.277327,-24.184153,-8.151906,4.609456,-2.346727,0.477742
50015,-4.675216,-8.304966,-14.862846,-12.588412,1.294506,20.060174,-0.847668,27.121006,6.277327,-24.184153,-8.151906,4.609456,-2.346727,0.477742
50017,-4.675216,-8.304966,-14.862846,-12.588412,1.294506,20.060174,-0.847668,27.121006,6.277327,-24.184153,-8.151906,4.609456,-2.346727,0.477742
50019,-4.675216,-8.304966,-14.862846,-12.588412,1.294506,20.060174,-0.847668,27.121006,6.277327,-24.184153,-8.151906,4.609456,-2.346727,0.477742
50021,-4.491495,-4.618773,-17.050033,-9.069603,0.307116,18.384867,4.23586,26.449999,7.716902,-19.067269,-0.314662,3.746145,-0.861161,-1.955683
50023,-4.675216,-8.304966,-14.862846,-12.588412,1.294506,20.060174,-0.847668,27.121006,6.277327,-24.184153,-8.151906,4.609456,-2.346727,0.477742
50025,-4.283557,-0.446708,-19.525511,-5.086983,-0.81042,16.488739,9.989442,25.690548,9.346226,-13.275935,8.5556,2.769043,0.820216,-4.709856
50027,-4.486962,-4.527837,-17.10399,-8.982795,0.282758,18.343538,4.361268,26.433446,7.752416,-18.941038,-0.121321,3.724848,-0.824513,-2.015715
05003,16.88199,48.551885,23.537713,47.230717,57.847136,47.597153,23.690054,20.79555,28.732258,47.781591,48.065232,20.395961,42.937297,-6.249909
05005,2.581916,7.201529,19.571122,0.874664,6.472727,22.695527,15.942925,4.016543,13.535914,10.201887,6.499458,-12.611293,32.509248,1.274407
05007,-3.794138,9.326309,5.32634,1.679615,9.192465,24.371819,7.041117,4.354992,15.505806,10.900329,19.987073,-11.623963,21.443866,12.861572
05009,2.350818,6.722071,19.553468,0.312051,5.92879,22.480504,15.978966,3.704924,13.294303,9.71345,6.009367,-13.038506,32.494836,1.161767
05011,16.88199,48.551885,23.537713,47.230717,57.847136,47.597153,23.690054,20.79555,28.732258,47.781591,48.065232,20.395961,42.937297,-6.249909
05013,16.88199,48.551885,23.537713,47.230717,57.847136,47.597153,23.690054,20.79555,28.732258,47.781591,48.065232,20.395961,42.937297,-6.249909
05015,1.536395,7.067224,17.667871,0.493301,6.361342,22.73117,14.794385,3.791081,13.587405,9.870753,7.861906,-12.851029,31.030193,2.712404
05017,12.812661,44.359058,22.155839,43.770867,55.632724,39.148325,20.391642,20.283672,26.74755,41.730013,43.212541,19.918869,33.612892,-3.69944
05019,16.334051,43.007477,22.411442,41.541932,49.873162,42.712089,20.011095,21.001314,28.066686,43.848201,42.662584,16.903518,39.305108,-1.048269
05021,-13.952507,12.954042,4.961339,8.565162,12.668891,4.301131,13.7736,12.888967,13.277108,13.288365,8.310312,-6.535354,25.407395,8.647608
05023,15.429721,33.856867,20.552621,32.153038,36.712744,34.649676,13.939262,21.340912,26.96821,37.35645,33.745937,11.139515,33.310466,7.536629
05025,16.88199,48.551885,23.537713,47.230717,57.847136,47.597153,23.690054,20.79555,28.732258,47.781591,48.065232,20.395961,42.937297,-6.249909
05027,16.88199,48.551885,23.537713,47.230717,57.847136,47.597153,23.690054,20.79555,28.732258,47.781591,48.065232,20.395961,42.937297,-6.249909
05029,15.429721,33.856867,20.552621,32.153038,36.712744,34.649676,13.939262,21.340912,26.96821,37.35645,33.745937,11.139515,33.310466,7.536629
05031,2.991079,24.359416,10.045455,25.565472,31.179069,11.306514,13.107044,18.153633,13.579368,23.469028,16.986566,19.011509,16.972649,20.336809
05033,17.987541,25.211057,13.674885,23.05215,31.431579,46.928495,15.91196,17.912325,19.755497,39.040747,38.567831,4.570703,37.277335,12.661689
05035,2.991079,24.359416,10.045455,25.565472,31.179069,11.306514,13.107044,18.153633,13.579368,23.469028,16.986566,19.011509,16.972649,20.336809
05037,2.991079,24.359416,10.045455,25.565472,31.179069,11.306514,13.107044,18.153633,13.579368,23.469028,16.986566,19.011509,16.972649,20.336809
05039,16.715906,46.871338,23.196333,45.506408,55.430171,46.116457,22.574937,20.857919,28.530519,46.589354,46.427653,19.337378,41.836356,-4.673257
05041,11.421506,42.809637,21.580358,42.47232,54.651251,36.172474,19.271979,20.098172,25.970647,39.618269,41.383111,19.758636,30.494104,-2.61751
05043,16.88199,48.551885,23.537713,47.230717,57.847136,47.597153,23.690054,20.79555,28.732258,47.781591,48.065232,20.395961,42.937297,-6.249909
05045,15.429721,33.856867,20.552621,32.153038,36.712744,34.649676,13.939262,21.340912,26.96821,37.35645,33.745937,11.139515,33.310466,7.536629
05047,17.68656,26.228416,14.484193,24.123059,32.053018,45.483637,15.679831,18.315769,20.604222,38.842554,38.000435,5.34366,36.810551,12.058619
05049,2.350818,6.722071,19.553468,0.312051,5.92879,22.480504,15.978966,3.704924,13.294303,9.71345,6.009367,-13.038506,32.494836,1.161767
05051,15.429721,33.856867,20.552621,32.153038,36.712744,34.649676,13.939262,21.340912,26.96821,37.35645,33.745937,11.139515,33.310466,7.536629
05053,15.485377,34.42003,20.66702,32.730867,37.522686,35.145867,14.312945,21.320012,27.035814,37.755977,34.294701,11.494253,33.679399,7.008282
05055,-12.175169,14.150436,5.49465,10.348451,14.61056,5.035978,13.70368,13.441217,13.308814,14.35629,9.220429,-3.855554,24.522612,9.873775
05057,17.328617,45.674434,20.813646,44.618622,54.266573,47.947316,21.677255,17.97656,26.284838,48.252565,47.60426,18.740245,43.916161,-1.095055
05059,15.429721,33.856867,20.552621,32.153038,36.712744,34.649676,13.939262,21.340912,26.96821,37.35645,33.745937,11.139515,33.310466,7.536629
05061,18.260618,31.703985,13.596807,30.467809,38.173537,47.92386,16.103849,14.105236,19.744152,44.369493,42.537922,9.52529,41.988674,12.683353
05063,15.294805,33.753852,20.438654,32.081586,36.652723,34.396482,13.930235,21.306341,26.822987,37.205819,33.564155,11.224899,33.133257,7.675467
05065,5.160437,12.551185,19.768106,7.152152,12.541819,25.094693,15.540795,7.493498,16.231741,15.651736,11.967754,-7.844568,32.670051,2.531219
05067,7.064275,27.46948,13.486164,27.722656,32.991143,18.950537,13.379564,19.197349,17.963719,28.016645,22.474641,16.433722,22.32268,16.145223
05069,15.540848,34.981318,20.781038,33.30677,38.329931,35.640406,14.685385,21.299182,27.103194,38.154173,34.841638,11.84781,34.047104,6.481694
05071,15.429721,33.856867,20.552621,32.153038,36.712744,34.649676,13.939262,21.340912,26.96821,37.35645,33.745937,11.139515,33.310466,7.536629
05073,17.032906,47.579589,22.617246,46.348086,56.637258,47.715473,23.009926,19.843009,27.905271,47.940734,47.909469,19.836492,43.268057,-4.508075
05075,-4.260003,16.823988,9.922192,13.93035,18.745084,11.495306,13.94462,13.58151,14.394684,17.465202,12.358203,1.132257,24.693322,10.747701
05077,2.991079,24.359416,10.045455,25.565472,31.179069,11.306514,13.107044,18.153633,13.579368,23.469028,16.986566,19.011509,16.972649,20.336809
05079,16.822142,47.946304,23.414697,46.609366,56.976188,47.063587,23.288224,20.818024,28.659562,47.351971,47.475134,20.014503,42.540575,-5.681766
05081,18.52422,37.971621,13.521438,37.626158,44.681561,48.884687,16.28908,10.430247,19.733201,49.513342,46.370259,14.307963,46.536538,12.704266
05083,16.630264,29.798855,17.324475,27.88143,34.233967,40.412884,14.865171,19.731665,23.582839,38.146994,36.009149,8.056366,35.172363,9.942136
05085,15.429721,33.856867,20.552621,32.153038,36.712744,34.649676,13.939262,21.340912,26.96821,37.35645,33.745937,11.139515,33.310466,7.536629
05087,7.821111,18.603165,15.261907,14.089354,20.458106,31.469494,13.351199,11.659632,18.871799,23.746861,23.723112,-2.416052,31.193428,8.063368
05089,2.350818,6.722071,19.553468,0.312051,5.92879,22.480504,15.978966,3.704924,13.294303,9.71345,6.009367,-13.038506,32.494836,1.161767
05091,18.397377,38.788821,14.295076,38.367996,45.698445,48.78524,16.860718,11.230844,20.428271,49.379585,46.501175,14.778188,46.25854,11.24028
05093,2.989326,24.358236,10.044929,25.563713,31.177154,11.305789,13.107112,18.153088,13.579337,23.467975,16.985668,19.008866,16.973521,20.3356
05095,7.113885,27.50736,13.528071,27.74893,33.013213,19.043639,13.382883,19.210061,18.017119,28.072034,22.541484,16.402325,22.387842,16.09417
05097,16.24445,31.102962,18.361891,29.254179,35.030562,38.560785,14.567615,20.248822,24.670782,37.89294,35.28183,9.047185,34.574013,9.169088
05099,16.88199,48.551885,23.537713,47.230717,57.847136,47.597153,23.690054,20.79555,28.732258,47.781591,48.065232,20.395961,42.937297,-6.249909
51001,13.111845,38.567132,19.999447,43.849591,27.776572,20.713219,26.835457,64.590022,1.529268,41.256646,21.915878,20.280852,-3.505569,5.222873
51003,1.00506,13.936198,4.896625,11.54698,19.932313,-1.632239,13.515599,31.485499,-0.956761,9.802825,7.325949,6.334503,-10.950457,-4.081246
51005,2.383679,8.09639,0.473759,-3.662127,11.457983,-15.848894,0.527518,20.868534,-4.347221,5.660361,0.52119,2.117315,-18.61881,-3.405949
51007,7.64593,25.87627,5.471723,19.334958,17.070357,-0.650518,7.638511,43.033084,-14.942254,16.296101,9.936984,17.112429,-9.908613,-2.653769
51009,3.081783,8.391532,0.053783,-3.229764,11.602663,-15.815728,0.158346,21.766834,-5.264908,6.523593,0.618744,2.908013,-19.737489,-2.921951
05101,11.639514,25.993326,20.263071,22.925664,27.791693,31.123105,14.530359,16.230082,23.005574,29.345633,25.708004,4.132833,33.0741,5.689223
51011,4.341769,13.218398,1.549469,2.999491,13.112084,-11.629195,2.223333,27.637631,-7.936453,9.221408,3.191154,6.829309,-17.024113,-2.847916
51013,-0.147227,11.736675,4.763229,11.221511,21.426572,-0.707842,15.681206,30.261422,1.96501,9.264116,7.314023,4.697658,-11.515064,-4.083519
51015,-4.815805,5.05263,4.804936,-8.121013,9.965938,-16.190901,4.334781,11.604467,5.116806,-3.242062,-0.484864,-6.037071,-7.081974,-8.397373
51017,-4.574587,5.154603,4.659815,-7.971647,10.015911,-16.179468,4.207195,11.914837,4.799709,-2.943798,-0.451168,-5.763868,-7.46852,-8.230137
51019,3.081783,8.391532,0.053783,-3.229764,11.602663,-15.815728,0.158346,21.766834,-5.264908,6.523593,0.618744,2.908013,-19.737489,-2.921951
51021,2.454059,7.609827,-0.27246,-4.782327,10.61295,-16.404829,0.116521,19.46936,-5.845911,5.59509,0.3046,0.118553,-18.658503,-0.709563
51023,3.081783,8.391532,0.053783,-3.229764,11.602663,-15.815728,0.158346,21.766834,-5.264908,6.523593,0.618744,2.908013,-19.737489,-2.921951
51025,7.64593,25.87627,5.471723,19.334958,17.070357,-0.650518,7.638511,43.033084,-14.942254,16.296101,9.936984,17.112429,-9.908613,-2.653769
51027,-0.068077,4.469009,-1.583277,-11.020381,6.636377,-18.771783,-0.051526,10.23832,-8.180327,1.864451,-0.957602,-11.089242,-14.323236,8.179608
51029,7.398624,24.92887,5.178155,18.112302,16.774093,-1.472236,7.233203,41.880785,-14.417893,15.766583,9.432081,16.342772,-10.441185,-2.6683
05103,16.88199,48.551885,23.537713,47.230717,57.847136,47.597153,23.690054,20.79555,28.732258,47.781591,48.065232,20.395961,42.937297,-6.249909
51031,3.081783,8.391532,0.053783,-3.229764,11.602663,-15.815728,0.158346,21.766834,-5.264908,6.523593,0.618744,2.908013,-19.737489,-2.921951
51033,0.670334,13.220026,4.837556,12.072673,20.969571,-0.701828,14.837466,31.601266,0.191309,10.001825,7.589192,6.000062,-11.346535,-3.933528
51035,3.081783,8.391532,0.053783,-3.229764,11.602663,-15.815728,0.158346,21.766834,-5.264908,6.523593,0.618744,2.908013,-19.737489,-2.921951
51036,7.64593,25.87627,5.471723,19.334958,17.070357,-0.650518,7.638511,43.033084,-14.942254,16.296101,9.936984,17.112429,-9.908613,-2.653769
51037,6.618779,21.941368,4.252428,14.256817,15.839864,-4.063415,5.955116,38.247161,-12.764389,14.096819,7.839935,13.915757,-12.12058,-2.714123
51041,7.64593,25.87627,5.471723,19.334958,17.070357,-0.650518,7.638511,43.033084,-14.942254,16.296101,9.936984,17.112429,-9.908613,-2.653769
51043,-0.147227,11.736675,4.763229,11.221511,21.426572,-0.707842,15.681206,30.261422,1.96501,9.264116,7.314023,4.697658,-11.515064,-4.083519
51045,3.081783,8.391532,0.053783,-3.229764,11.602663,-15.815728,0.158346,21.766834,-5.264908,6.523593,0.618744,2.908013,-19.737489,-2.921951
51047,-0.147227,11.736675,4.763229,11.221511,21.426572,-0.707842,15.681206,30.261422,1.96501,9.264116,7.314023,4.697658,-11.515064,-4.083519
51049,7.64593,25.87627,5.471723,19.334958,17.070357,-0.650518,7.638511,43.033084,-14.942254,16.296101,9.936984,17.112429,-9.908613,-2.653769
05105,15.429721,33.856867,20.552621,32.153038,36.712744,34.649676,13.939262,21.340912,26.96821,37.35645,33.745937,11.139515,33.310466,7.536629
51051,-0.068077,4.469009,-1.583277,-11.020381,6.636377,-18.771783,-0.051526,10.23832,-8.180327,1.864451,-0.957602,-11.089242,-14.323236,8.179608
51053,7.64593,25.87627,5.471723,19.334958,17.070357,-0.650518,7.638511,43.033084,-14.942254,16.296101,9.936984,17.112429,-9.908613,-2.653769
51057,2.833627,17.145018,5.034226,14.324875,19.760335,-0.685916,12.604904,35.146536,-4.501957,11.953825,8.317296,9.446263,-10.900603,-3.536645
51059,-0.147227,11.736675,4.763229,11.221511,21.426572,-0.707842,15.681206,30.261422,1.96501,9.264116,7.314023,4.697658,-11.515064,-4.083519
51061,-0.147227,11.736675,4.763229,11.221511,21.426572,-0.707842,15.681206,30.261422,1.96501,9.264116,7.314023,4.697658,-11.515064,-4.083519
51063,3.081783,8.391532,0.053783,-3.229764,11.602663,-15.815728,0.158346,21.766834,-5.264908,6.523593,0.618744,2.908013,-19.737489,-2.921951
51065,5.62832,22.215598,5.288297,17.234426,18.198159,-0.665359,9.720725,39.726563,-10.565047,14.475554,9.257913,13.898306,-10.324516,-3.023924
51067,3.081783,8.391532,0.053783,-3.229764,11.602663,-15.815728,0.158346,21.766834,-5.264908,6.523593,0.618744,2.908013,-19.737489,-2.921951
51069,-0.147227,11.736675,4.763229,11.221511,21.426572,-0.707842,15.681206,30.261422,1.96501,9.264116,7.314023,4.697658,-11.515064,-4.083519
05107,2.991079,24.359416,10.045455,25.565472,31.179069,11.306514,13.107044,18.153633,13.579368,23.469028,16.986566,19.011509,16.972649,20.336809
51071,3.081783,8.391532,0.053783,-3.229764,11.602663,-15.815728,0.158346,21.766834,-5.264908,6.523593,0.618744,2.908013,-19.737489,-2.921951
51073,7.64593,25.87627,5.471723,19.334958,17.070357,-0.650518,7.638511,43.033084,-14.942254,16.296101,9.936984,17.112429,-9.908613,-2.653769
51075,7.623859,25.836226,5.469716,19.31198,17.082694,-0.650681,7.661288,42.996914,-14.894373,16.276186,9.929556,17.07727,-9.913163,-2.657818
51077,1.698233,6.668596,-0.665282,-6.651728,9.421263,-17.114151,0.066161,16.70303,-6.545482,4.477104,-0.073653,-3.240165,-17.359324,1.954316
51079,-0.147227,11.736675,4.763229,11.221511,21.426572,-0.707842,15.681206,30.261422,1.96501,9.264116,7.314023,4.697658,-11.515064,-4.083519
51081,7.64593,25.87627,5.471723,19.334958,17.070357,-0.650518,7.638511,43.033084,-14.942254,16.296101,9.936984,17.112429,-9.908613,-2.653769
51083,3.555174,10.205041,0.615729,-0.889362,12.169769,-14.2428,0.934185,23.972559,-6.268638,7.537193,1.585228,4.381289,-18.718043,-2.894136
51085,6.801428,24.34404,5.394947,18.455749,17.542416,-0.65673,8.510053,41.64909,-13.110108,15.534084,9.652749,15.767109,-10.082696,-2.808703
51087,7.64593,25.87627,5.471723,19.334958,17.070357,-0.650518,7.638511,43.033084,-14.942254,16.296101,9.936984,17.112429,-9.908613,-2.653769
51089,3.081783,8.391532,0.053783,-3.229764,11.602663,-15.815728,0.158346,21.766834,-5.264908,6.523593,0.618744,2.908013,-19.737489,-2.921951
05109,16.584037,36.485318,19.569696,34.854762,42.20537,41.951433,17.41114,19.905654,25.534723,41.410679,39.697188,12.567248,37.691017,4.805108
51091,-4.827568,5.047649,4.812007,-8.128327,9.963482,-16.191487,4.340977,11.589309,5.132263,-3.256619,-0.48652,-6.050404,-7.06313,-8.405529
51093,7.64593,25.87627,5.471723,19.334958,17.070357,-0.650518,7.638511,43.033084,-14.942254,16.296101,9.936984,17.112429,-9.908613,-2.653769
51095,7.64593,25.87627,5.471723,19.334958,17.070357,-0.650518,7.638511,43.033084,-14.942254,16.296101,9.936984,17.112429,-9.908613,-2.653769
51097,6.776251,24.298358,5.392658,18.429536,17.55649,-0.656915,8.536037,41.607827,-13.055484,15.511365,9.644274,15.727,-10.087886,-2.813322
51099,-0.147227,11.736675,4.763229,11.221511,21.426572,-0.707842,15.681206,30.261422,1.96501,9.264116,7.314023,4.697658,-11.515064,-4.083519
51101,7.610871,25.812661,5.468536,19.298459,17.089954,-0.650776,7.674692,42.975629,-14.866195,16.264467,9.925185,17.05658,-9.91584,-2.660201
51103,7.64593,25.87627,5.471723,19.334958,17.070357,-0.650518,7.638511,43.033084,-14.942254,16.296101,9.936984,17.112429,-9.908613,-2.653769
51105,-0.068077,4.469009,-1.583277,-11.020381,6.636377,-18.771783,-0.051526,10.23832,-8.180327,1.864451,-0.957602,-11.089242,-14.323236,8.179608
51107,-0.147227,11.736675,4.763229,11.221511,21.426572,-0.707842,15.681206,30.261422,1.96501,9.264116,7.314023,4.697658,-11.515064,-4.083519
51109,1.363724,14.478084,4.900593,12.79456,20.581981,-0.696728,14.121874,32.737614,-1.313,10.627489,7.822567,7.104655,-11.203603,-3.806317
05111,2.991079,24.359416,10.045455,25.565472,31.179069,11.306514,13.107044,18.153633,13.579368,23.469028,16.986566,19.011509,16.972649,20.336809
51111,7.64593,25.87627,5.471723,19.334958,17.070357,-0.650518,7.638511,43.033084,-14.942254,16.296101,9.936984,17.112429,-9.908613,-2.653769
51113,-0.147227,11.736675,4.763229,11.221511,21.426572,-0.707842,15.681206,30.261422,1.96501,9.264116,7.314023,4.697658,-11.515064,-4.083519
51115,7.669576,25.920988,5.511286,19.401615,17.100215,-0.595491,7.675553,43.098294,-14.909439,16.371121,9.968729,17.130504,-9.8872,-2.631847
51117,7.64593,25.87627,5.471723,19.334958,17.070357,-0.650518,7.638511,43.033084,-14.942254,16.296101,9.936984,17.112429,-9.908613,-2.653769
51119,7.64593,25.87627,5.471723,19.334958,17.070357,-0.650518,7.638511,43.033084,-14.942254,16.296101,9.936984,17.112429,-9.908613,-2.653769
51121,3.081783,8.391532,0.053783,-3.229764,11.602663,-15.815728,0.158346,21.766834,-5.264908,6.523593,0.618744,2.908013,-19.737489,-2.921951
51125,2.39386,9.797145,1.357974,-1.503133,11.95329,-14.218077,1.601211,22.560471,-4.761663,6.123264,1.46933,3.114212,-16.765544,-3.714736
51127,7.64593,25.87627,5.471723,19.334958,17.070357,-0.650518,7.638511,43.033084,-14.942254,16.296101,9.936984,17.112429,-9.908613,-2.653769
05113,17.987541,25.211057,13.674885,23.05215,31.431579,46.928495,15.91196,17.912325,19.755497,39.040747,38.567831,4.570703,37.277335,12.661689
51131,17.849798,45.173117,22.544077,48.098501,29.954455,23.094607,23.623056,71.172517,-0.782073,48.66836,23.635444,24.912125,-0.668343,6.806013
51133,3.956862,19.187477,5.226654,15.59593,19.236308,-0.5452,11.594132,37.051352,-6.735961,13.096929,8.752835,11.188423,-10.629194,-3.288112
51135,7.64593,25.87627,5.471723,19.334958,17.070357,-0.650518,7.638511,43.033084,-14.942254,16.296101,9.936984,17.112429,-9.908613,-2.653769
51137,-0.147227,11.736675,4.763229,11.221511,21.426572,-0.707842,15.681206,30.261422,1.96501,9.264116,7.314023,4.697658,-11.515064,-4.083519
51139,-0.147227,11.736675,4.763229,11.221511,21.426572,-0.707842,15.681206,30.261422,1.96501,9.264116,7.314023,4.697658,-11.515064,-4.083519
51141,3.081783,8.391532,0.053783,-3.229764,11.602663,-15.815728,0.158346,21.766834,-5.264908,6.523593,0.618744,2.908013,-19.737489,-2.921951
51143,3.081783,8.391532,0.053783,-3.229764,11.602663,-15.815728,0.158346,21.766834,-5.264908,6.523593,0.618744,2.908013,-19.737489,-2.921951
51145,7.64593,25.87627,5.471723,19.334958,17.070357,-0.650518,7.638511,43.033084,-14.942254,16.296101,9.936984,17.112429,-9.908613,-2.653769
51147,7.64593,25.87627,5.471723,19.334958,17.070357,-0.650518,7.638511,43.033084,-14.942254,16.296101,9.936984,17.112429,-9.908613,-2.653769
51149,7.64593,25.87627,5.471723,19.334958,17.070357,-0.650518,7.638511,43.033084,-14.942254,16.296101,9.936984,17.112429,-9.908613,-2.653769
05115,15.429721,33.856867,20.552621,32.153038,36.712744,34.649676,13.939262,21.340912,26.96821,37.35645,33.745937,11.139515,33.310466,7.536629
51153,-0.147227,11.736675,4.763229,11.221511,21.426572,-0.707842,15.681206,30.261422,1.96501,9.264116,7.314023,4.697658,-11.515064,-4.083519
51155,3.081783,8.391532,0.053783,-3.229764,11.602663,-15.815728,0.158346,21.766834,-5.264908,6.523593,0.618744,2.908013,-19.737489,-2.921951
51157,-0.147227,11.736675,4.763229,11.221511,21.426572,-0.707842,15.681206,30.261422,1.96501,9.264116,7.314023,4.697658,-11.515064,-4.083519
51159,2.188773,15.975022,4.975601,13.653518,20.120795,-0.690659,13.270406,34.08973,-3.102946,11.371955,8.100256,8.418988,-11.03353,-3.654951
51161,3.081783,8.391532,0.053783,-3.229764,11.602663,-15.815728,0.158346,21.766834,-5.264908,6.523593,0.618744,2.908013,-19.737489,-2.921951
51163,0.834887,7.441598,1.405504,-4.621353,11.137002,-15.922474,1.346552,18.875592,-2.311269,3.745221,0.30476,0.363097,-16.136945,-4.479732
51165,-3.682147,6.684655,4.80007,-3.392839,12.768845,-12.402172,7.116273,16.158938,4.357141,-0.192417,1.422508,-3.420029,-8.152653,-7.347803
51167,-0.068077,4.469009,-1.583277,-11.020381,6.636377,-18.771783,-0.051526,10.23832,-8.180327,1.864451,-0.957602,-11.089242,-14.323236,8.179608
51169,-0.068077,4.469009,-1.583277,-11.020381,6.636377,-18.771783,-0.051526,10.23832,-8.180327,1.864451,-0.957602,-11.089242,-14.323236,8.179608
05117,15.429721,33.856867,20.552621,32.153038,36.712744,34.649676,13.939262,21.340912,26.96821,37.35645,33.745937,11.139515,33.310466,7.536629
51171,-0.658959,11.00532,4.768563,9.105868,20.173238,-2.400768,14.441305,28.219879,2.311306,7.895143,6.461139,3.522503,-11.028306,-4.556073
51173,-0.068077,4.469009,-1.583277,-11.020381,6.636377,-18.771783,-0.051526,10.23832,-8.180327,1.864451,-0.957602,-11.089242,-14.323236,8.179608
51175,7.64593,25.87627,5.471723,19.334958,17.070357,-0.650518,7.638511,43.033084,-14.942254,16.296101,9.936984,17.112429,-9.908613,-2.653769
51177,-0.147227,11.736675,4.763229,11.221511,21.426572,-0.707842,15.681206,30.261422,1.96501,9.264116,7.314023,4.697658,-11.515064,-4.083519
51179,-0.147227,11.736675,4.763229,11.221511,21.426572,-0.707842,15.681206,30.261422,1.96501,9.264116,7.314023,4.697658,-11.515064,-4.083519
51181,7.64593,25.87627,5.471723,19.334958,17.070357,-0.650518,7.638511,43.033084,-14.942254,16.296101,9.936984,17.112429,-9.908613,-2.653769
51183,7.64593,25.87627,5.471723,19.334958,17.070357,-0.650518,7.638511,43.033084,-14.942254,16.296101,9.936984,17.112429,-9.908613,-2.653769
51185,-0.059173,4.480097,-1.578649,-10.998358,6.650416,-18.763427,-0.050932,10.270909,-8.172086,1.877622,-0.953146,-11.049674,-14.338542,8.148225
51187,-0.147227,11.736675,4.763229,11.221511,21.426572,-0.707842,15.681206,30.261422,1.96501,9.264116,7.314023,4.697658,-11.515064,-4.083519
05119,15.429721,33.856867,20.552621,32.153038,36.712744,34.649676,13.939262,21.340912,26.96821,37.35645,33.745937,11.139515,33.310466,7.536629
51191,-0.068077,4.469009,-1.583277,-11.020381,6.636377,-18.771783,-0.051526,10.23832,-8.180327,1.864451,-0.957602,-11.089242,-14.323236,8.179608
51193,-0.147227,11.736675,4.763229,11.221511,21.426572,-0.707842,15.681206,30.261422,1.96501,9.264116,7.314023,4.697658,-11.515064,-4.083519
51195,-0.068077,4.469009,-1.583277,-11.020381,6.636377,-18.771783,-0.051526,10.23832,-8.180327,1.864451,-0.957602,-11.089242,-14.323236,8.179608
51197,2.640308,7.841763,-0.175662,-4.321674,10.906603,-16.23004,0.128931,20.151031,-5.673525,5.870581,0.397808,0.946199,-18.978643,-1.365989
51199,7.64593,25.87627,5.471723,19.334958,17.070357,-0.650518,7.638511,43.033084,-14.942254,16.296101,9.936984,17.112429,-9.908613,-2.653769
05121,-12.681558,12.46822,6.098889,7.92178,12.143457,5.718329,13.945523,12.173012,13.278449,13.009677,8.130939,-7.042317,25.959907,8.064038
05123,2.991079,24.359416,10.045455,25.565472,31.179069,11.306514,13.107044,18.153633,13.579368,23.469028,16.986566,19.011509,16.972649,20.336809
05125,15.429721,33.856867,20.552621,32.153038,36.712744,34.649676,13.939262,21.340912,26.96821,37.35645,33.745937,11.139515,33.310466,7.536629
05127,17.857129,25.651868,14.025549,23.516163,31.700842,46.302454,15.811381,18.087133,20.12324,38.954872,38.321985,4.905617,37.075083,12.400386
05129,12.40575,27.583035,20.321607,24.791088,29.595191,31.836043,14.410861,17.263298,23.806668,30.965116,27.332968,5.549318,33.121885,6.062698
05131,17.987541,25.211057,13.674885,23.05215,31.431579,46.928495,15.91196,17.912325,19.755497,39.040747,38.567831,4.570703,37.277335,12.661689
05133,18.40543,35.147165,13.555402,34.400309,41.748775,48.451698,16.205607,12.086349,19.738136,47.195311,44.643249,12.152692,44.487082,12.694842
05135,4.595065,11.378209,19.724915,5.775738,11.211099,24.568648,15.628967,6.731134,15.640649,14.456793,10.768766,-8.889729,32.634793,2.255648
05137,14.001408,30.893545,20.443506,28.675765,33.350907,33.320712,14.162013,19.414931,25.474917,34.337628,30.716896,8.499094,33.221393,6.840446
05139,16.88199,48.551885,23.537713,47.230717,57.847136,47.597153,23.690054,20.79555,28.732258,47.781591,48.065232,20.395961,42.937297,-6.249909
05141,15.429721,33.856867,20.552621,32.153038,36.712744,34.649676,13.939262,21.340912,26.96821,37.35645,33.745937,11.139515,33.310466,7.536629
05143,8.238998,18.101727,9.938435,13.486722,21.478308,36.833097,11.941752,11.844645,17.853518,26.446305,30.251882,-2.677334,30.190955,12.751148
05145,15.429721,33.856867,20.552621,32.153038,36.712744,34.649676,13.939262,21.340912,26.96821,37.35645,33.745937,11.139515,33.310466,7.536629
05147,9.417099,29.265965,15.473641,28.968724,34.037862,23.365999,13.536982,19.800237,20.496278,30.643513,25.64475,14.944699,25.413051,13.724012
05149,15.429721,33.856867,20.552621,32.153038,36.712744,34.649676,13.939262,21.340912,26.96821,37.35645,33.745937,11.139515,33.310466,7.536629
51510,-0.147227,11.736675,4.763229,11.221511,21.426572,-0.707842,15.681206,30.261422,1.96501,9.264116,7.314023,4.697658,-11.515064,-4.083519
51520,-0.068077,4.469009,-1.583277,-11.020381,6.636377,-18.771783,-0.051526,10.23832,-8.180327,1.864451,-0.957602,-11.089242,-14.323236,8.179608
51530,3.081783,8.391532,0.053783,-3.229764,11.602663,-15.815728,0.158346,21.766834,-5.264908,6.523593,0.618744,2.908013,-19.737489,-2.921951
51540,-0.147227,11.736675,4.763229,11.221511,21.426572,-0.707842,15.681206,30.261422,1.96501,9.264116,7.314023,4.697658,-11.515064,-4.083519
51550,11.176628,32.55328,11.379024,29.287593,21.528456,7.565666,13.169413,52.769767,-10.04261,27.497408,14.676865,19.811246,-6.711335,0.619463
51570,7.64593,25.87627,5.471723,19.334958,17.070357,-0.650518,7.638511,43.033084,-14.942254,16.296101,9.936984,17.112429,-9.908613,-2.653769
51580,3.081783,8.391532,0.053783,-3.229764,11.602663,-15.815728,0.158346,21.766834,-5.264908,6.523593,0.618744,2.908013,-19.737489,-2.921951
51590,3.081783,8.391532,0.053783,-3.229764,11.602663,-15.815728,0.158346,21.766834,-5.264908,6.523593,0.618744,2.908013,-19.737489,-2.921951
51595,7.64593,25.87627,5.471723,19.334958,17.070357,-0.650518,7.638511,43.033084,-14.942254,16.296101,9.936984,17.112429,-9.908613,-2.653769
51600,-0.147227,11.736675,4.763229,11.221511,21.426572,-0.707842,15.681206,30.261422,1.96501,9.264116,7.314023,4.697658,-11.515064,-4.083519
51610,-0.147227,11.736675,4.763229,11.221511,21.426572,-0.707842,15.681206,30.261422,1.96501,9.264116,7.314023,4.697658,-11.515064,-4.083519
51620,7.64593,25.87627,5.471723,19.334958,17.070357,-0.650518,7.638511,43.033084,-14.942254,16.296101,9.936984,17.112429,-9.908613,-2.653769
51630,-0.147227,11.736675,4.763229,11.221511,21.426572,-0.707842,15.681206,30.261422,1.96501,9.264116,7.314023,4.697658,-11.515064,-4.083519
51640,3.081783,8.391532,0.053783,-3.229764,11.602663,-15.815728,0.158346,21.766834,-5.264908,6.523593,0.618744,2.908013,-19.737489,-2.921951
51650,7.64593,25.87627,5.471723,19.334958,17.070357,-0.650518,7.638511,43.033084,-14.942254,16.296101,9.936984,17.112429,-9.908613,-2.653769
51660,-4.827568,5.047649,4.812007,-8.128327,9.963482,-16.191487,4.340977,11.589309,5.132263,-3.256619,-0.48652,-6.050404,-7.06313,-8.405529
51670,7.64593,25.87627,5.471723,19.334958,17.070357,-0.650518,7.638511,43.033084,-14.942254,16.296101,9.936984,17.112429,-9.908613,-2.653769
51678,3.081783,8.391532,0.053783,-3.229764,11.602663,-15.815728,0.158346,21.766834,-5.264908,6.523593,0.618744,2.908013,-19.737489,-2.921951
51680,3.081783,8.391532,0.053783,-3.229764,11.602663,-15.815728,0.158346,21.766834,-5.264908,6.523593,0.618744,2.908013,-19.737489,-2.921951
51683,-0.147227,11.736675,4.763229,11.221511,21.426572,-0.707842,15.681206,30.261422,1.96501,9.264116,7.314023,4.697658,-11.515064,-4.083519
51685,-0.147227,11.736675,4.763229,11.221511,21.426572,-0.707842,15.681206,30.261422,1.96501,9.264116,7.314023,4.697658,-11.515064,-4.083519
51690,3.081783,8.391532,0.053783,-3.229764,11.602663,-15.815728,0.158346,21.766834,-5.264908,6.523593,0.618744,2.908013,-19.737489,-2.921951
51700,7.64593,25.87627,5.471723,19.334958,17.070357,-0.650518,7.638511,43.033084,-14.942254,16.296101,9.936984,17.112429,-9.908613,-2.653769
51710,11.787342,33.708221,12.400826,31.009127,22.299586,8.986842,14.126108,54.453948,-9.195106,29.434928,15.496735,20.278067,-6.158294,1.185643
51720,-0.068077,4.469009,-1.583277,-11.020381,6.636377,-18.771783,-0.051526,10.23832,-8.180327,1.864451,-0.957602,-11.089242,-14.323236,8.179608
51730,7.64593,25.87627,5.471723,19.334958,17.070357,-0.650518,7.638511,43.033084,-14.942254,16.296101,9.936984,17.112429,-9.908613,-2.653769
51735,7.64593,25.87627,5.471723,19.334958,17.070357,-0.650518,7.638511,43.033084,-14.942254,16.296101,9.936984,17.112429,-9.908613,-2.653769
51740,7.64593,25.87627,5.471723,19.334958,17.070357,-0.650518,7.638511,43.033084,-14.942254,16.296101,9.936984,17.112429,-9.908613,-2.653769
51750,3.081783,8.391532,0.053783,-3.229764,11.602663,-15.815728,0.158346,21.766834,-5.264908,6.523593,0.618744,2.908013,-19.737489,-2.921951
51760,7.64593,25.87627,5.471723,19.334958,17.070357,-0.650518,7.638511,43.033084,-14.942254,16.296101,9.936984,17.112429,-9.908613,-2.653769
51770,3.081783,8.391532,0.053783,-3.229764,11.602663,-15.815728,0.158346,21.766834,-5.264908,6.523593,0.618744,2.908013,-19.737489,-2.921951
51775,3.081783,8.391532,0.053783,-3.229764,11.602663,-15.815728,0.158346,21.766834,-5.264908,6.523593,0.618744,2.908013,-19.737489,-2.921951
51790,-4.827568,5.047649,4.812007,-8.128327,9.963482,-16.191487,4.340977,11.589309,5.132263,-3.256619,-0.48652,-6.050404,-7.06313,-8.405529
51800,7.64593,25.87627,5.471723,19.334958,17.070357,-0.650518,7.638511,43.033084,-14.942254,16.296101,9.936984,17.112429,-9.908613,-2.653769
51810,17.849798,45.173117,22.544077,48.098501,29.954455,23.094607,23.623056,71.172517,-0.782073,48.66836,23.635444,24.912125,-0.668343,6.806013
51820,-4.827568,5.047649,4.812007,-8.128327,9.963482,-16.191487,4.340977,11.589309,5.132263,-3.256619,-0.48652,-6.050404,-7.06313,-8.405529
51830,7.64593,25.87627,5.471723,19.334958,17.070357,-0.650518,7.638511,43.033084,-14.942254,16.296101,9.936984,17.112429,-9.908613,-2.653769
51840,-0.147227,11.736675,4.763229,11.221511,21.426572,-0.707842,15.681206,30.261422,1.96501,9.264116,7.314023,4.697658,-11.515064,-4.083519
53001,-4.23573,-12.029804,-0.969808,-10.951405,-10.515152,1.586174,-9.443603,-13.807531,12.170704,-13.879356,-12.367474,-16.723954,9.923543,-10.720391
53003,-6.139153,-10.289792,0.800491,-10.118116,-8.38027,3.121215,-9.372927,-14.132027,12.806562,-14.686349,-11.512794,-19.77234,8.564773,-10.257184
53005,-0.187986,-15.730042,-4.734455,-12.723444,-15.055107,-1.678183,-9.593901,-13.117473,10.818515,-12.163237,-14.185003,-10.24138,12.813047,-11.705428
53007,-6.065328,-18.148666,-20.49806,-17.392724,-20.501693,-5.34889,-3.139172,-10.669338,16.720443,-23.525106,-18.277072,-10.601533,11.427967,-24.746236
53009,-15.313478,-32.235774,-45.149468,-18.195447,-29.927156,-10.418145,-11.319543,-10.20971,-11.068239,-33.605988,-33.78497,-2.238183,8.312384,-30.904365
53011,2.83092,-18.972661,-19.976449,-21.518683,-21.710227,-7.232752,-11.526567,-15.246583,1.809167,-20.232885,-21.036195,-0.322185,17.760629,-17.441231
53013,-6.139153,-10.289792,0.800491,-10.118116,-8.38027,3.121215,-9.372927,-14.132027,12.806562,-14.686349,-11.512794,-19.77234,8.564773,-10.257184
53015,2.83092,-18.972661,-19.976449,-21.518683,-21.710227,-7.232752,-11.526567,-15.246583,1.809167,-20.232885,-21.036195,-0.322185,17.760629,-17.441231
53017,-6.21683,-18.211011,-20.904402,-17.513086,-20.642091,-5.443511,-2.972787,-10.606232,16.872579,-23.817984,-18.382554,-10.610817,11.392264,-25.082392
53019,-13.924053,-16.546303,-13.481512,-13.648534,-19.821549,3.616587,-5.600674,-18.602903,18.160178,-24.722098,-13.341531,-14.225795,9.288233,-19.608705
53021,-1.858995,-14.202492,-3.180315,-11.991902,-13.180901,-0.330576,-9.531855,-13.402346,11.376732,-12.871693,-13.434682,-12.917547,11.620188,-11.29878
53023,-6.139153,-10.289792,0.800491,-10.118116,-8.38027,3.121215,-9.372927,-14.132027,12.806562,-14.686349,-11.512794,-19.77234,8.564773,-10.257184
53025,-1.951745,-16.455858,-9.465028,-14.12467,-16.689599,-2.779743,-7.656871,-12.382801,12.589652,-15.572873,-15.413011,-10.34946,12.397392,-15.618905
53027,-1.647094,-21.622363,-28.061047,-16.298232,-24.063848,-6.996763,-10.897093,-11.30866,-4.635746,-25.494937,-24.775735,1.329459,16.690894,-19.132051
53029,-8.255005,-26.130446,-31.929507,-15.198115,-24.591065,-5.970372,-2.304253,-8.557891,3.541197,-26.909998,-24.687825,-1.619797,14.720189,-30.38049
53031,-13.109301,-30.329239,-41.021219,-17.259458,-28.260834,-9.029221,-8.504303,-9.69389,-6.506093,-31.515005,-30.944169,-2.045078,10.313374,-30.740773
53033,-4.949147,-23.711148,-27.997845,-17.142,-23.590069,-6.319484,-5.008456,-10.588902,3.61602,-24.848306,-23.359892,-1.628237,15.460451,-26.404204
53035,-8.255005,-26.130446,-31.929507,-15.198115,-24.591065,-5.970372,-2.304253,-8.557891,3.541197,-26.909998,-24.687825,-1.619797,14.720189,-30.38049
53037,-0.819574,-16.398061,-7.72587,-13.673168,-16.160845,-2.419741,-8.873551,-12.86569,10.751905,-14.047367,-15.195181,-9.55943,12.973624,-13.74032
53039,0.432037,-16.396012,-7.864857,-14.529811,-16.421937,-2.818981,-9.990832,-13.55475,8.968174,-13.820582,-15.592102,-8.204174,13.829182,-12.883448
53041,2.83092,-18.972661,-19.976449,-21.518683,-21.710227,-7.232752,-11.526567,-15.246583,1.809167,-20.232885,-21.036195,-0.322185,17.760629,-17.441231
53043,-11.879744,-15.76675,-11.726403,-13.392465,-18.139397,2.761729,-6.073116,-17.263653,17.0948,-22.86633,-13.458029,-14.61984,9.444589,-18.431079
53045,-2.234471,-22.243203,-25.438052,-18.630683,-23.026543,-6.655944,-7.312698,-12.190379,2.600568,-23.283798,-22.704701,-0.915091,16.371388,-23.35345
53047,-6.381429,-18.278746,-21.345874,-17.643853,-20.794627,-5.546312,-2.792017,-10.53767,17.037867,-24.136182,-18.497155,-10.620904,11.353474,-25.44761
53049,2.45708,-18.48257,-22.545888,-16.155415,-22.177077,-5.983516,-10.498726,-11.862374,-1.896104,-22.737979,-21.831517,2.110319,19.142272,-15.997109
53051,-15.217071,-16.249314,-12.133339,-12.963624,-19.654736,5.187366,-6.082157,-19.985511,18.352573,-24.82254,-12.457711,-14.843775,8.934192,-18.607752
53053,2.648541,-19.090417,-20.173093,-21.4147,-21.757621,-7.211984,-11.374847,-15.136544,1.837661,-20.342733,-21.09627,-0.343532,17.71061,-17.6541
53055,-8.255005,-26.130446,-31.929507,-15.198115,-24.591065,-5.970372,-2.304253,-8.557891,3.541197,-26.909998,-24.687825,-1.619797,14.720189,-30.38049
53057,-7.883613,-24.574032,-29.831551,-15.682925,-23.838511,-5.886312,-2.400941,-8.950335,6.216593,-26.360155,-23.460671,-3.404054,14.052817,-29.402663
53059,2.83092,-18.972661,-19.976449,-21.518683,-21.710227,-7.232752,-11.526567,-15.246583,1.809167,-20.232885,-21.036195,-0.322185,17.760629,-17.441231
53061,-7.981223,-24.983092,-30.382941,-15.555506,-24.036299,-5.908405,-2.375529,-8.847192,5.513439,-26.504666,-23.783194,-2.935111,14.228218,-29.659658
53063,-13.807985,-15.324269,-10.125734,-12.521941,-17.904699,4.866656,-6.592954,-19.076926,17.491714,-23.249188,-12.31104,-15.608793,8.87685,-17.311566
53065,-15.217071,-16.249314,-12.133339,-12.963624,-19.654736,5.187366,-6.082157,-19.985511,18.352573,-24.82254,-12.457711,-14.843775,8.934192,-18.607752
53067,2.83092,-18.972661,-19.976449,-21.518683,-21.710227,-7.232752,-11.526567,-15.246583,1.809167,-20.232885,-21.036195,-0.322185,17.760629,-17.441231
53069,2.83092,-18.972661,-19.976449,-21.518683,-21.710227,-7.232752,-11.526567,-15.246583,1.809167,-20.232885,-21.036195,-0.322185,17.760629,-17.441231
53071,-5.21339,-11.136077,-0.060525,-10.5234,-9.418607,2.374621,-9.407302,-13.974203,12.497301,-14.293854,-11.928483,-18.289704,9.225635,-10.482473
53073,-7.770184,-24.098677,-29.190801,-15.830994,-23.608668,-5.860638,-2.430471,-9.070194,7.033704,-26.192223,-23.085877,-3.948996,13.848991,-29.104018
53075,-6.139153,-10.289792,0.800491,-10.118116,-8.38027,3.121215,-9.372927,-14.132027,12.806562,-14.686349,-11.512794,-19.77234,8.564773,-10.257184
53077,0.312023,-16.267104,-7.258926,-14.180164,-16.157369,-2.598165,-9.914001,-13.470109,9.326332,-13.499781,-15.319739,-8.598503,13.632496,-12.655426
54001,-5.304148,-2.210306,-13.456737,-13.206197,-1.603772,-10.902526,-4.710039,5.173198,1.121273,-18.668282,-6.950083,-8.195241,-11.601067,-16.787732
54003,4.156615,8.011536,-18.326758,6.3952,13.317369,5.354709,2.313767,21.580207,-2.123959,-2.251101,-0.386442,3.81052,-17.153818,-8.015299
54005,-20.785466,-15.45473,-21.366693,-28.478923,-11.486798,-21.643746,-15.049781,1.220614,-16.616327,-31.098059,-17.340429,-24.547947,-16.225442,-19.438114
54007,-5.304148,-2.210306,-13.456737,-13.206197,-1.603772,-10.902526,-4.710039,5.173198,1.121273,-18.668282,-6.950083,-8.195241,-11.601067,-16.787732
54009,-15.192917,-6.041479,-8.239566,-18.56657,-12.030781,0.218103,-10.515362,14.455102,3.794806,-13.783076,-8.931029,-7.930196,1.6507,-10.043895
54011,-23.208551,-16.803456,-21.961381,-30.570747,-12.624268,-23.071809,-16.553604,0.805129,-16.526479,-33.938808,-19.143606,-25.754521,-16.589173,-22.013
54013,-5.53805,-2.40095,-13.567841,-13.433046,-1.747742,-11.061504,-4.864762,5.116133,0.890724,-18.867775,-7.109378,-8.424634,-11.666232,-16.855995
54015,-5.744249,-2.569015,-13.665786,-13.633028,-1.874662,-11.201654,-5.001161,5.065828,0.68748,-19.043641,-7.249807,-8.626859,-11.723678,-16.916173
54017,-5.304148,-2.210306,-13.456737,-13.206197,-1.603772,-10.902526,-4.710039,5.173198,1.121273,-18.668282,-6.950083,-8.195241,-11.601067,-16.787732
54019,-6.878655,-4.249227,-14.688332,-15.002234,-2.277993,-12.364074,-6.196213,6.138416,-2.759035,-19.679221,-8.413115,-9.98186,-13.019519,-16.566233
54021,-5.304148,-2.210306,-13.456737,-13.206197,-1.603772,-10.902526,-4.710039,5.173198,1.121273,-18.668282,-6.950083,-8.195241,-11.601067,-16.787732
54023,-5.304148,-2.210306,-13.456737,-13.206197,-1.603772,-10.902526,-4.710039,5.173198,1.121273,-18.668282,-6.950083,-8.195241,-11.601067,-16.787732
54025,-1.009738,-1.224127,-13.019627,-9.934797,2.046169,-9.290382,-3.36022,10.765331,-2.369448,-13.922369,-5.345741,-4.749174,-13.685874,-13.323969
54027,2.320952,6.028202,-17.381833,2.591959,10.422234,2.200333,0.950944,18.39677,-1.494289,-5.436512,-1.659979,1.481054,-16.076423,-9.717406
54029,-15.192917,-6.041479,-8.239566,-18.56657,-12.030781,0.218103,-10.515362,14.455102,3.794806,-13.783076,-8.931029,-7.930196,1.6507,-10.043895
54031,-3.053136,0.221791,-14.615468,-8.542409,1.946437,-7.034419,-3.038855,9.076941,0.34913,-14.762119,-5.388386,-5.338693,-12.922241,-14.700495
54033,-5.304148,-2.210306,-13.456737,-13.206197,-1.603772,-10.902526,-4.710039,5.173198,1.121273,-18.668282,-6.950083,-8.195241,-11.601067,-16.787732
54035,-23.208551,-16.803456,-21.961381,-30.570747,-12.624268,-23.071809,-16.553604,0.805129,-16.526479,-33.938808,-19.143606,-25.754521,-16.589173,-22.013
54037,4.156615,8.011536,-18.326758,6.3952,13.317369,5.354709,2.313767,21.580207,-2.123959,-2.251101,-0.386442,3.81052,-17.153818,-8.015299
54039,-23.056115,-16.679211,-21.888974,-30.422907,-12.530441,-22.968201,-16.452769,0.842318,-16.376228,-33.808797,-19.039792,-25.605023,-16.546705,-21.968513
54041,-5.304148,-2.210306,-13.456737,-13.206197,-1.603772,-10.902526,-4.710039,5.173198,1.121273,-18.668282,-6.950083,-8.195241,-11.601067,-16.787732
54043,-23.208551,-16.803456,-21.961381,-30.570747,-12.624268,-23.071809,-16.553604,0.805129,-16.526479,-33.938808,-19.143606,-25.754521,-16.589173,-22.013
54045,-11.21397,-10.127092,-19.017597,-20.215954,-6.993647,-16.002715,-9.109491,2.861835,-16.971239,-19.87674,-10.21765,-19.781826,-14.788656,-9.266985
54047,-6.344609,-7.416732,-17.822529,-16.012286,-4.707821,-13.132922,-6.087454,3.696783,-17.151795,-14.168055,-6.594039,-17.35713,-14.057712,-4.092569
54049,-5.304148,-2.210306,-13.456737,-13.206197,-1.603772,-10.902526,-4.710039,5.173198,1.121273,-18.668282,-6.950083,-8.195241,-11.601067,-16.787732
54051,-12.52314,-5.007136,-9.648102,-17.119373,-9.215689,-2.784253,-8.948037,11.949166,3.073004,-15.101988,-8.396212,-8.001753,-1.927022,-11.864602
54053,-23.208551,-16.803456,-21.961381,-30.570747,-12.624268,-23.071809,-16.553604,0.805129,-16.526479,-33.938808,-19.143606,-25.754521,-16.589173,-22.013
54055,4.982517,-0.529371,-12.993969,-5.646174,6.834706,-7.293199,-1.6208,18.551709,-9.862526,-6.525162,-3.004958,-1.082759,-17.001156,-6.634447
54057,-4.642965,-1.495933,-13.797088,-11.836315,-0.560979,-9.766358,-4.219167,6.319833,0.894474,-17.520936,-6.49137,-7.356195,-11.989132,-16.174654
54059,-7.90156,-8.283354,-18.204645,-17.356385,-5.438701,-14.050522,-7.053733,3.429813,-17.094063,-15.993374,-7.752668,-18.132413,-14.291428,-5.747059
54061,-5.304148,-2.210306,-13.456737,-13.206197,-1.603772,-10.902526,-4.710039,5.173198,1.121273,-18.668282,-6.950083,-8.195241,-11.601067,-16.787732
54063,6.783054,0.56543,-12.226431,-3.998397,8.669484,-6.364928,-0.91079,20.913019,-8.703838,-5.310263,-2.434445,1.504183,-17.46904,-7.038499
54065,4.156615,8.011536,-18.326758,6.3952,13.317369,5.354709,2.313767,21.580207,-2.123959,-2.251101,-0.386442,3.81052,-17.153818,-8.015299
54067,-5.304148,-2.210306,-13.456737,-13.206197,-1.603772,-10.902526,-4.710039,5.173198,1.121273,-18.668282,-6.950083,-8.195241,-11.601067,-16.787732
54069,-15.192917,-6.041479,-8.239566,-18.56657,-12.030781,0.218103,-10.515362,14.455102,3.794806,-13.783076,-8.931029,-7.930196,1.6507,-10.043895
54071,-5.304148,-2.210306,-13.456737,-13.206197,-1.603772,-10.902526,-4.710039,5.173198,1.121273,-18.668282,-6.950083,-8.195241,-11.601067,-16.787732
54073,-8.867122,-5.114341,-15.14916,-16.66174,-3.796849,-13.324212,-7.066907,4.303952,-2.390627,-21.707115,-9.376592,-11.689535,-12.5937,-17.82756
54075,-5.304148,-2.210306,-13.456737,-13.206197,-1.603772,-10.902526,-4.710039,5.173198,1.121273,-18.668282,-6.950083,-8.195241,-11.601067,-16.787732
54077,-5.304148,-2.210306,-13.456737,-13.206197,-1.603772,-10.902526,-4.710039,5.173198,1.121273,-18.668282,-6.950083,-8.195241,-11.601067,-16.787732
54079,-23.208551,-16.803456,-21.961381,-30.570747,-12.624268,-23.071809,-16.553604,0.805129,-16.526479,-33.938808,-19.143606,-25.754521,-16.589173,-22.013
54081,-1.978935,-4.653943,-15.58072,-11.907793,0.898034,-11.037588,-4.842385,11.822373,-12.909361,-12.270108,-6.110448,-9.108019,-16.055363,-7.782165
54083,-5.304148,-2.210306,-13.456737,-13.206197,-1.603772,-10.902526,-4.710039,5.173198,1.121273,-18.668282,-6.950083,-8.195241,-11.601067,-16.787732
54085,-6.419708,-3.119554,-13.986631,-14.28812,-2.29042,-11.660751,-5.447969,4.901039,0.021704,-19.619735,-7.709818,-9.289297,-11.911859,-17.1133
54087,-19.471767,-13.757756,-20.186398,-26.946634,-10.324207,-20.531988,-14.081762,1.716778,-12.84326,-30.751734,-16.598726,-22.089767,-15.548118,-20.922447
54089,6.783054,0.56543,-12.226431,-3.998397,8.669484,-6.364928,-0.91079,20.913019,-8.703838,-5.310263,-2.434445,1.504183,-17.46904,-7.038499
54091,-5.304148,-2.210306,-13.456737,-13.206197,-1.603772,-10.902526,-4.710039,5.173198,1.121273,-18.668282,-6.950083,-8.195241,-11.601067,-16.787732
54093,-5.304148,-2.210306,-13.456737,-13.206197,-1.603772,-10.902526,-4.710039,5.173198,1.121273,-18.668282,-6.950083,-8.195241,-11.601067,-16.787732
54095,-5.304148,-2.210306,-13.456737,-13.206197,-1.603772,-10.902526,-4.710039,5.173198,1.121273,-18.668282,-6.950083,-8.195241,-11.601067,-16.787732
54097,-5.304148,-2.210306,-13.456737,-13.206197,-1.603772,-10.902526,-4.710039,5.173198,1.121273,-18.668282,-6.950083,-8.195241,-11.601067,-16.787732
54099,-23.024495,-16.701007,-21.916209,-30.411853,-12.537867,-22.963334,-16.439374,0.836689,-16.533303,-33.723026,-19.006638,-25.66287,-16.561544,-21.817413
54101,-5.304148,-2.210306,-13.456737,-13.206197,-1.603772,-10.902526,-4.710039,5.173198,1.121273,-18.668282,-6.950083,-8.195241,-11.601067,-16.787732
54103,-5.304148,-2.210306,-13.456737,-13.206197,-1.603772,-10.902526,-4.710039,5.173198,1.121273,-18.668282,-6.950083,-8.195241,-11.601067,-16.787732
54105,-22.089918,-15.891703,-21.430027,-29.485842,-11.935728,-22.311495,-15.81364,1.078037,-15.42388,-32.984734,-18.381778,-24.65745,-16.277525,-21.686535
54107,-23.200965,-16.797272,-21.957778,-30.563389,-12.619599,-23.066653,-16.548585,0.80698,-16.519,-33.932337,-19.138439,-25.74708,-16.587059,-22.010786
54109,-6.300938,-7.390178,-17.803912,-15.972321,-4.66332,-13.110407,-6.070233,3.754055,-17.123692,-14.138588,-6.580201,-17.294386,-14.069061,-4.102369
55001,-11.413685,-7.798069,1.892702,13.908054,-8.435214,18.38396,-28.002622,-4.03765,12.890669,7.577262,-15.654829,-1.280071,20.677663,-4.584831
55003,3.53354,3.072797,13.08498,2.528936,-14.55176,9.824672,-15.746086,2.012086,-7.894593,1.563001,-11.417953,2.577348,-3.72768,0.388678
55005,1.146725,3.309644,7.58251,13.789047,0.030574,17.078236,-15.810235,1.019009,3.940793,11.863591,-8.637939,7.097151,16.865298,0.234024
55007,3.10073,5.283344,9.700679,4.067193,-10.447037,14.063168,-14.011098,4.464907,-5.567039,2.970456,-10.199417,5.863923,0.471968,-0.559727
55009,-6.809643,-5.25568,7.219737,14.18375,-7.109532,18.183166,-21.450659,4.648938,16.643297,12.547585,-18.532731,-5.020139,18.117438,-0.999498
55011,0.309426,0.186116,9.182702,18.484079,2.985573,15.298424,-18.416582,-3.224312,7.824314,16.158125,-8.719583,5.033203,23.400794,1.541298
55013,2.499268,8.355277,4.997618,6.204862,-4.742825,19.953281,-11.600037,7.873519,-2.332507,4.926354,-8.506054,10.431178,6.308094,-1.877698
55015,-6.809643,-5.25568,7.219737,14.18375,-7.109532,18.183166,-21.450659,4.648938,16.643297,12.547585,-18.532731,-5.020139,18.117438,-0.999498
55017,-5.083524,-3.486826,5.829103,16.378983,-2.2683,16.717855,-22.826421,-3.59847,10.154975,12.210694,-11.909985,2.128925,22.14808,-1.276888
55019,-11.413685,-7.798069,1.892702,13.908054,-8.435214,18.38396,-28.002622,-4.03765,12.890669,7.577262,-15.654829,-1.280071,20.677663,-4.584831
55021,-7.359936,-4.42454,10.176134,8.803013,3.553869,16.882718,-18.751735,0.267047,20.248326,17.115355,4.515821,-6.282657,31.742725,6.990994
55023,-6.333174,-3.570069,12.27422,7.509971,6.590549,16.502473,-16.408604,1.357371,22.111925,19.531231,9.624787,-7.549748,34.545362,9.923002
55025,-6.333174,-3.570069,12.27422,7.509971,6.590549,16.502473,-16.408604,1.357371,22.111925,19.531231,9.624787,-7.549748,34.545362,9.923002
55027,-8.006776,-1.937476,10.966423,11.218238,7.046569,13.898805,-15.710747,3.60862,24.440141,14.360282,0.994327,-5.702404,32.02518,8.310485
55029,-6.809643,-5.25568,7.219737,14.18375,-7.109532,18.183166,-21.450659,4.648938,16.643297,12.547585,-18.532731,-5.020139,18.117438,-0.999498
55031,2.499268,8.355277,4.997618,6.204862,-4.742825,19.953281,-11.600037,7.873519,-2.332507,4.926354,-8.506054,10.431178,6.308094,-1.877698
55033,0.309426,0.186116,9.182702,18.484079,2.985573,15.298424,-18.416582,-3.224312,7.824314,16.158125,-8.719583,5.033203,23.400794,1.541298
55035,-4.971986,-3.410862,5.898463,16.422521,-2.159638,16.688497,-22.735216,-3.590732,10.106772,12.292336,-11.844,2.188992,22.173989,-1.218602
55037,8.761889,2.768441,20.907754,5.203269,-4.603443,15.500537,-10.450589,8.222058,5.347984,10.870635,-3.755516,0.832438,0.74085,12.994956
55039,-7.633326,-5.443502,6.533252,14.105511,-6.61798,17.931289,-22.173009,3.311518,16.503913,11.710461,-17.391736,-4.416837,19.115338,-1.154551
55041,3.375331,1.529719,14.435604,5.208538,-10.200925,13.002637,-15.26963,3.968139,0.065508,6.048783,-9.848546,1.032387,1.291064,4.106656
55043,-6.333174,-3.570069,12.27422,7.509971,6.590549,16.502473,-16.408604,1.357371,22.111925,19.531231,9.624787,-7.549748,34.545362,9.923002
55045,-6.333174,-3.570069,12.27422,7.509971,6.590549,16.502473,-16.408604,1.357371,22.111925,19.531231,9.624787,-7.549748,34.545362,9.923002
55047,-11.413685,-7.798069,1.892702,13.908054,-8.435214,18.38396,-28.002622,-4.03765,12.890669,7.577262,-15.654829,-1.280071,20.677663,-4.584831
55049,-6.333174,-3.570069,12.27422,7.509971,6.590549,16.502473,-16.408604,1.357371,22.111925,19.531231,9.624787,-7.549748,34.545362,9.923002
55051,3.53354,3.072797,13.08498,2.528936,-14.55176,9.824672,-15.746086,2.012086,-7.894593,1.563001,-11.417953,2.577348,-3.72768,0.388678
55053,-11.413685,-7.798069,1.892702,13.908054,-8.435214,18.38396,-28.002622,-4.03765,12.890669,7.577262,-15.654829,-1.280071,20.677663,-4.584831
55055,-7.553084,-1.809338,11.920605,10.087538,8.574537,13.988272,-14.919384,3.409445,24.967827,15.933559,4.916273,-6.361273,33.996504,9.864522
55057,-11.413685,-7.798069,1.892702,13.908054,-8.435214,18.38396,-28.002622,-4.03765,12.890669,7.577262,-15.654829,-1.280071,20.677663,-4.584831
55059,-9.074306,0.386284,11.479648,13.301751,11.048559,10.853078,-13.062334,5.96837,28.529121,11.447281,-0.955218,-4.87925,33.31208,9.791597
55061,-6.809643,-5.25568,7.219737,14.18375,-7.109532,18.183166,-21.450659,4.648938,16.643297,12.547585,-18.532731,-5.020139,18.117438,-0.999498
55063,-9.560474,-6.535915,3.045118,14.63144,-6.629796,17.896193,-26.487244,-3.909076,12.089771,8.93374,-14.558493,-0.282057,21.108141,-3.616402
55065,-6.333174,-3.570069,12.27422,7.509971,6.590549,16.502473,-16.408604,1.357371,22.111925,19.531231,9.624787,-7.549748,34.545362,9.923002
55067,-11.029825,-7.586099,2.336841,13.93104,-8.324686,18.367219,-27.456355,-3.31341,13.203543,7.99166,-15.894772,-1.591897,20.464206,-4.285906
55069,-8.636711,-5.778423,3.972062,11.793982,-9.571578,16.793771,-25.725539,-2.913699,9.029075,6.459901,-14.86768,-0.563419,16.143511,-3.660827
55071,-6.809643,-5.25568,7.219737,14.18375,-7.109532,18.183166,-21.450659,4.648938,16.643297,12.547585,-18.532731,-5.020139,18.117438,-0.999498
55073,-11.413685,-7.798069,1.892702,13.908054,-8.435214,18.38396,-28.002622,-4.03765,12.890669,7.577262,-15.654829,-1.280071,20.677663,-4.584831
55075,-0.866696,-2.193237,12.443832,10.756308,-6.153071,17.159329,-17.252432,6.012636,12.332389,11.907569,-12.892939,-2.786476,11.485583,4.34155
55077,-11.413685,-7.798069,1.892702,13.908054,-8.435214,18.38396,-28.002622,-4.03765,12.890669,7.577262,-15.654829,-1.280071,20.677663,-4.584831
55078,-8.536515,-6.209273,5.221687,14.080343,-7.606765,18.25848,-23.908152,1.390796,15.235772,10.683329,-17.453295,-3.617324,19.077721,-2.344275
55079,-9.074306,0.386284,11.479648,13.301751,11.048559,10.853078,-13.062334,5.96837,28.529121,11.447281,-0.955218,-4.87925,33.31208,9.791597
55081,-11.413685,-7.798069,1.892702,13.908054,-8.435214,18.38396,-28.002622,-4.03765,12.890669,7.577262,-15.654829,-1.280071,20.677663,-4.584831
55083,-6.809643,-5.25568,7.219737,14.18375,-7.109532,18.183166,-21.450659,4.648938,16.643297,12.547585,-18.532731,-5.020139,18.117438,-0.999498
55085,3.44611,3.00921,13.019513,2.595496,-14.515983,9.874737,-15.817778,1.9767,-7.773015,1.59818,-11.442736,2.554785,-3.584927,0.359587
55087,-6.809643,-5.25568,7.219737,14.18375,-7.109532,18.183166,-21.450659,4.648938,16.643297,12.547585,-18.532731,-5.020139,18.117438,-0.999498
55089,-9.074306,0.386284,11.479648,13.301751,11.048559,10.853078,-13.062334,5.96837,28.529121,11.447281,-0.955218,-4.87925,33.31208,9.791597
55091,0.309426,0.186116,9.182702,18.484079,2.985573,15.298424,-18.416582,-3.224312,7.824314,16.158125,-8.719583,5.033203,23.400794,1.541298
55093,0.309426,0.186116,9.182702,18.484079,2.985573,15.298424,-18.416582,-3.224312,7.824314,16.158125,-8.719583,5.033203,23.400794,1.541298
55095,1.381902,4.186965,7.133056,12.470329,-0.799412,17.578141,-15.078177,2.210853,2.850008,10.657363,-8.615007,7.676863,15.02964,-0.133156
55097,-11.413685,-7.798069,1.892702,13.908054,-8.435214,18.38396,-28.002622,-4.03765,12.890669,7.577262,-15.654829,-1.280071,20.677663,-4.584831
55099,1.178096,1.359721,11.321255,4.322104,-13.58789,11.173479,-17.677521,1.058744,-4.619167,2.510753,-12.085617,1.96948,0.118213,-0.395067
55101,-9.074306,0.386284,11.479648,13.301751,11.048559,10.853078,-13.062334,5.96837,28.529121,11.447281,-0.955218,-4.87925,33.31208,9.791597
55103,-6.333174,-3.570069,12.27422,7.509971,6.590549,16.502473,-16.408604,1.357371,22.111925,19.531231,9.624787,-7.549748,34.545362,9.923002
55105,-6.333174,-3.570069,12.27422,7.509971,6.590549,16.502473,-16.408604,1.357371,22.111925,19.531231,9.624787,-7.549748,34.545362,9.923002
55107,-1.713213,0.19309,7.612734,9.595946,-7.694518,15.16377,-19.193185,0.220401,2.254879,6.718263,-11.664065,3.249324,10.447335,-1.263755
55109,0.309426,0.186116,9.182702,18.484079,2.985573,15.298424,-18.416582,-3.224312,7.824314,16.158125,-8.719583,5.033203,23.400794,1.541298
55111,-7.052428,-4.168632,10.804497,8.415755,4.463335,16.768837,-18.049983,0.593592,20.806461,17.838894,6.045922,-6.662143,32.582096,7.869111
55113,3.14385,5.063112,10.03785,3.913939,-10.855982,13.640896,-14.183951,4.220537,-5.798929,2.830234,-10.320818,5.536488,0.053566,-0.46524
55115,-9.310694,-6.636781,4.325935,14.033984,-7.829681,18.292244,-25.009878,-0.069872,14.604759,9.847559,-16.96937,-2.988424,19.508228,-2.947157
55117,-7.012276,-4.750859,7.600897,14.104832,-5.484817,17.527299,-20.700105,4.766996,17.706794,12.449134,-16.959964,-5.007532,19.476995,-0.033953
55119,-11.413685,-7.798069,1.892702,13.908054,-8.435214,18.38396,-28.002622,-4.03765,12.890669,7.577262,-15.654829,-1.280071,20.677663,-4.584831
55121,-2.205854,-1.52695,7.618578,17.502259,0.535158,15.960448,-20.473338,-3.39882,8.911338,14.317037,-10.207592,3.678643,22.816526,0.226891
55123,-9.229067,-5.996343,6.203323,11.334931,-2.188201,17.586484,-23.175246,-1.824916,16.613266,12.542515,-5.257792,-3.784713,26.371235,1.401729
55125,3.53354,3.072797,13.08498,2.528936,-14.55176,9.824672,-15.746086,2.012086,-7.894593,1.563001,-11.417953,2.577348,-3.72768,0.388678
55127,-8.915025,0.15639,11.525819,12.965204,10.789515,11.18135,-13.256778,5.700436,28.156234,11.91702,-0.34044,-5.034426,33.383743,9.799233
55129,2.499268,8.355277,4.997618,6.204862,-4.742825,19.953281,-11.600037,7.873519,-2.332507,4.926354,-8.506054,10.431178,6.308094,-1.877698
55131,-9.074306,0.386284,11.479648,13.301751,11.048559,10.853078,-13.062334,5.96837,28.529121,11.447281,-0.955218,-4.87925,33.31208,9.791597
55133,-9.074306,0.386284,11.479648,13.301751,11.048559,10.853078,-13.062334,5.96837,28.529121,11.447281,-0.955218,-4.87925,33.31208,9.791597
55135,-11.063116,-7.604482,2.298322,13.929047,-8.334272,18.368671,-27.503731,-3.376221,13.176408,7.955721,-15.873963,-1.564853,20.482718,-4.311831
55137,-11.413685,-7.798069,1.892702,13.908054,-8.435214,18.38396,-28.002622,-4.03765,12.890669,7.577262,-15.654829,-1.280071,20.677663,-4.584831
55139,-8.104053,-5.970464,5.722059,14.106239,-7.482243,18.239619,-23.292721,2.206734,15.588259,11.150196,-17.723618,-3.968632,18.837237,-2.007502
55141,-11.413685,-7.798069,1.892702,13.908054,-8.435214,18.38396,-28.002622,-4.03765,12.890669,7.577262,-15.654829,-1.280071,20.677663,-4.584831
56001,21.549414,11.46885,18.18333,18.685698,16.315673,17.630625,12.880566,16.085651,21.883129,13.746256,2.920913,1.979868,26.565052,12.212254
56003,7.861763,24.012591,15.759062,10.960738,20.3448,16.326342,22.541041,7.313065,19.198796,-4.331312,3.570819,-5.209984,20.490998,8.909271
56005,12.930818,29.578415,29.301912,16.371808,16.782931,16.390334,10.866335,8.617596,15.344748,2.26915,8.860003,2.039157,15.217108,4.694063
56007,18.744769,17.608736,9.643641,14.882814,27.063336,20.410911,11.639088,10.056748,21.618339,23.620952,6.916824,2.596055,27.36408,19.179955
56009,15.748356,18.76908,18.442333,18.280664,15.128018,19.271983,13.889903,14.184973,27.489353,9.233641,4.813978,-1.153824,27.256534,8.434698
56011,12.76481,30.215296,29.941754,16.25934,16.880438,16.220548,10.688187,8.289569,14.629193,1.858806,9.098394,2.227287,14.50775,4.473666
56013,20.978149,17.314272,12.257147,11.798961,24.805082,21.758836,12.021549,9.861851,24.320923,21.540596,4.850941,2.19032,28.681381,12.502923
56015,17.049985,17.133418,18.470528,18.384509,15.316113,18.910094,13.697118,14.652751,26.290657,10.1287,4.37352,-0.477544,27.110648,9.20361
56017,11.077473,19.961149,13.45675,8.837733,20.448458,19.831573,19.877206,7.227865,22.905136,2.839717,3.534397,-3.200126,21.930234,8.190468
56019,9.83624,24.676698,18.562383,12.221633,19.95771,16.800536,19.731019,7.987624,18.945243,-1.586242,4.827786,-3.297973,20.025779,8.518354
56021,27.073979,4.537005,18.687664,19.18423,16.764658,16.123144,12.212457,18.255163,17.059367,17.021651,0.981504,4.730568,25.987168,15.125083
56023,20.068851,18.47377,6.473986,12.982226,25.121765,17.601146,3.050277,5.331759,16.857399,33.548529,3.682802,4.302306,28.993003,9.949048
56025,21.655388,17.237433,16.802534,13.67529,24.791146,22.9843,15.773473,13.452336,27.033738,16.250523,6.276927,1.287464,29.315967,15.40189
56027,15.748356,18.76908,18.442333,18.280664,15.128018,19.271983,13.889903,14.184973,27.489353,9.233641,4.813978,-1.153824,27.256534,8.434698
56029,9.479015,13.807471,6.551583,1.509708,16.602185,24.35621,17.219261,2.685485,27.556301,7.136727,1.359327,-2.561705,19.375482,0.892022
56031,16.100341,18.326766,18.449958,18.308746,15.178882,19.174122,13.83777,14.311469,27.165202,9.475682,4.69487,-0.970945,27.217084,8.642627
56033,8.525777,24.852616,17.679807,11.678322,19.875626,16.312015,20.935824,7.445312,18.57994,-3.492992,4.319412,-4.202763,19.680694,8.308563
56035,21.991275,19.18204,6.815862,13.145123,25.211182,17.723813,3.564275,6.206651,18.495472,33.292167,3.1927,4.607009,30.063044,9.695089
56037,14.458868,16.190092,7.159056,13.111505,26.033323,18.798213,5.68608,5.074653,14.744092,29.801369,6.528614,2.705908,25.509282,14.788514
56039,12.344808,14.356668,6.034045,3.489433,18.270274,23.393028,13.869259,3.174044,26.077041,13.633204,1.626088,-0.812098,21.667165,2.335612
56041,1.046657,11.465505,3.091157,11.370373,24.236997,16.387364,-2.03568,-3.325211,0.648829,36.085205,8.532316,1.2873,18.405053,12.461944
56043,8.713973,23.605025,15.80674,11.082038,20.681944,16.744619,22.1614,7.665316,19.652196,-3.074168,3.740457,-4.811299,21.022391,9.344094
56045,13.108767,28.895725,28.616049,16.492367,16.678411,16.572331,11.057295,8.969217,16.11177,2.70901,8.604467,1.837497,15.977487,4.930312
06001,5.45527,2.012309,0.215176,8.874934,-3.69214,10.636616,2.025056,-3.0443,6.355272,1.650116,-0.765529,1.640673,3.143523,0.486929
06003,15.793219,11.641868,14.51701,21.394963,10.104062,23.809608,5.163508,1.063699,16.356077,12.626035,10.829611,-1.700335,6.857346,12.275565
06005,15.793219,11.641868,14.51701,21.394963,10.104062,23.809608,5.163508,1.063699,16.356077,12.626035,10.829611,-1.700335,6.857346,12.275565
06007,11.460134,1.703169,6.596907,16.945733,-3.475958,16.644728,1.346655,-0.204076,11.946869,-3.025071,3.298844,-4.670992,1.435832,6.463199
06009,15.645674,11.513816,14.309698,21.162637,9.950769,23.596239,5.101659,0.9741,16.199872,12.542619,10.703858,-1.641521,6.796037,12.130365
06011,10.932534,3.550361,6.067246,17.519666,-3.397574,18.591629,2.879147,1.274279,12.136413,-1.646166,5.495282,-1.056717,2.07003,7.226911
06013,8.824568,2.958431,3.815033,14.192677,-3.51094,15.530083,2.550444,-0.387758,9.911498,-0.377567,3.085762,-0.018606,2.483172,4.632979
06015,13.170682,-7.965596,-5.8611,6.463338,-15.015078,6.504858,-8.529048,-10.235044,2.195571,-18.04663,-10.139102,-14.247095,-2.589493,-1.039878
06017,15.793219,11.641868,14.51701,21.394963,10.104062,23.809608,5.163508,1.063699,16.356077,12.626035,10.829611,-1.700335,6.857346,12.275565
06019,5.430848,4.010538,1.058281,5.585225,1.143939,9.660518,1.276883,-4.811483,5.585145,8.134968,3.225587,2.198309,3.462397,2.910572
06021,10.95686,3.365427,6.077481,17.456797,-3.457703,18.409865,2.743315,1.152838,12.10397,-1.816925,5.292416,-1.353103,1.998553,7.143683
06023,12.28753,-4.740435,0.676971,13.023722,-9.279113,10.405727,-2.44026,-4.303473,6.080551,-12.032186,-3.888739,-11.948772,-1.855245,1.5467
06025,-2.520112,11.667699,0.288154,2.115928,16.220202,2.75888,8.612804,-1.196669,-2.813233,10.15481,8.49007,1.036089,12.823737,4.892993
06027,-1.320392,11.626292,2.291685,0.341062,12.391865,8.03563,3.740705,-4.339259,0.530476,17.901121,9.368205,2.80276,9.844261,4.988587
06029,0.35509,6.709895,-0.635642,-0.715504,5.52823,4.206774,5.337858,-3.025898,0.606178,10.10886,2.996481,1.278373,5.375435,3.245081
06031,4.779532,3.16549,-0.261036,3.477115,-0.084696,7.520725,1.960618,-4.325533,3.98297,6.255104,1.434994,1.566592,2.834963,1.821589
06033,10.932534,3.550361,6.067246,17.519666,-3.397574,18.591629,2.879147,1.274279,12.136413,-1.646166,5.495282,-1.056717,2.07003,7.226911
06035,17.389151,0.000611,15.073338,21.729494,10.528867,14.915845,2.652238,-1.858342,19.686119,5.509778,-2.57222,-17.482556,7.681927,6.011607
06037,-1.308527,9.398778,0.488954,-0.679133,9.189567,3.7498,6.92525,-2.201007,0.026413,12.497826,4.797508,1.129139,6.813418,4.654633
06039,6.112965,3.240596,0.915589,6.152448,0.046744,9.810802,1.105695,-4.814749,6.107712,7.15318,2.57914,2.158335,2.834908,2.749177
06041,10.629078,3.465149,5.743024,17.040723,-3.413893,18.150898,2.831828,1.035018,11.816122,-1.463543,5.148415,-0.907274,2.129505,6.853497
06043,6.120117,3.246803,0.925638,6.16371,0.054174,9.821145,1.108693,-4.810406,6.115284,7.157224,2.585236,2.155484,2.83788,2.756215
06045,11.08899,1.811786,5.698028,16.763702,-4.171498,16.813182,1.74761,0.167286,11.425216,-3.414386,3.583104,-3.573659,1.346973,6.224506
06047,6.112965,3.240596,0.915589,6.152448,0.046744,9.810802,1.105695,-4.814749,6.107712,7.15318,2.57914,2.158335,2.834908,2.749177
06049,14.180668,-6.546966,9.90805,18.45394,3.486596,10.156104,-1.619144,-6.803011,15.482162,-3.45454,-8.440391,-21.274519,6.893597,0.377377
06051,8.187069,10.240426,8.067614,11.492961,9.254365,16.311887,3.433878,-2.123856,9.091495,13.718382,9.110022,0.38407,7.286899,7.964719
06053,4.888978,2.453516,-0.166424,5.885648,-2.035668,8.728205,2.030627,-3.623356,4.891935,3.739049,0.092791,1.475466,2.97242,0.885604
06055,10.932534,3.550361,6.067246,17.519666,-3.397574,18.591629,2.879147,1.274279,12.136413,-1.646166,5.495282,-1.056717,2.07003,7.226911
06057,15.669575,11.436039,14.302068,21.296384,9.760613,23.676875,5.105399,1.069056,16.248739,12.262985,10.693918,-1.683963,6.735568,12.147139
06059,0.276251,8.407919,0.656005,0.612115,5.482372,2.74705,6.228122,-1.294298,-0.728215,6.727938,2.17977,-0.725403,4.760069,1.999929
06061,15.054006,10.411311,13.23197,20.805607,8.050733,23.016057,4.816102,1.095724,15.714351,10.455519,10.018366,-1.602454,6.129291,11.507766
06063,16.575057,1.152914,14.060713,20.93049,8.669914,15.712729,2.394976,-1.674125,18.245904,4.92779,-0.764554,-14.866124,6.621361,6.631715
06065,-1.370038,10.327034,0.439442,1.497448,11.804002,2.754015,7.632044,-1.236821,-1.955717,8.745424,5.894802,0.311631,9.507353,3.703148
06067,12.571484,6.278695,8.916379,18.826358,1.154975,20.351053,3.649399,1.203275,13.55922,3.166206,7.293938,-1.273735,3.684241,8.929241
06069,5.931508,2.90548,0.722338,6.890006,-0.971442,10.032215,1.355657,-4.334546,6.172615,5.656183,1.665709,2.01855,2.919406,2.13027
06071,-3.232967,12.751664,0.3247,-0.170531,16.323522,5.217099,8.329753,-2.112374,-1.67721,18.82353,8.475469,3.740113,12.541919,6.364953
06073,-0.055718,8.794902,0.612336,0.790639,6.757108,2.748455,6.511218,-1.282708,-0.975737,7.134757,2.928894,-0.516289,5.717343,2.343377
06075,5.446554,2.009862,0.205864,8.861178,-3.692609,10.623957,2.023697,-3.051172,6.346073,1.655361,-0.775492,1.644965,3.145232,0.476204
06077,10.154802,5.481724,6.202604,14.613824,1.03392,16.654255,3.061112,-0.874726,10.907102,4.79179,4.92072,-0.030791,3.899949,6.206115
06079,2.909426,3.033741,-1.899448,-0.235356,-0.299761,4.320067,3.138989,-3.640696,1.022114,4.974954,-0.182779,0.730101,2.831904,0.496221
06081,5.446554,2.009862,0.205864,8.861178,-3.692609,10.623957,2.023697,-3.051172,6.346073,1.655361,-0.775492,1.644965,3.145232,0.476204
06083,2.755481,2.928371,-1.857642,-0.27732,-0.217487,4.103287,3.139187,-3.529286,0.973307,4.844005,-0.178552,0.686514,2.732434,0.459687
06085,5.453742,2.023137,0.213519,8.831961,-3.652276,10.615186,2.013795,-3.070194,6.343502,1.714662,-0.739308,1.650503,3.141884,0.50072
06087,5.446554,2.009862,0.205864,8.861178,-3.692609,10.623957,2.023697,-3.051172,6.346073,1.655361,-0.775492,1.644965,3.145232,0.476204
06089,11.98593,-4.457968,6.510497,14.797224,-6.001386,10.720581,-3.002853,-3.984543,10.731492,-9.040662,-3.289557,-13.891297,-1.025185,3.62285
06091,15.793219,11.641868,14.51701,21.394963,10.104062,23.809608,5.163508,1.063699,16.356077,12.626035,10.829611,-1.700335,6.857346,12.275565
06093,11.694932,-8.042879,2.587359,10.736744,-10.046192,8.236296,-7.383009,-7.982308,7.470691,-13.409591,-7.766812,-16.678688,-1.762506,1.352963
06095,10.932534,3.550361,6.067246,17.519666,-3.397574,18.591629,2.879147,1.274279,12.136413,-1.646166,5.495282,-1.056717,2.07003,7.226911
06097,10.932534,3.550361,6.067246,17.519666,-3.397574,18.591629,2.879147,1.274279,12.136413,-1.646166,5.495282,-1.056717,2.07003,7.226911
06099,6.427462,3.385301,1.402028,7.386393,-0.225469,10.614889,1.472896,-4.197542,6.626209,6.324316,2.299401,1.879839,3.081027,2.740783
06101,10.932534,3.550361,6.067246,17.519666,-3.397574,18.591629,2.879147,1.274279,12.136413,-1.646166,5.495282,-1.056717,2.07003,7.226911
06103,11.98593,-4.457968,6.510497,14.797224,-6.001386,10.720581,-3.002853,-3.984543,10.731492,-9.040662,-3.289557,-13.891297,-1.025185,3.62285
06105,11.98593,-4.457968,6.510497,14.797224,-6.001386,10.720581,-3.002853,-3.984543,10.731492,-9.040662,-3.289557,-13.891297,-1.025185,3.62285
06107,2.247976,6.912836,1.096728,2.478324,5.411031,7.963847,2.737419,-4.38247,2.913578,11.502334,5.087461,2.108448,5.756321,3.488867
06109,13.203916,9.39467,10.878862,17.31785,7.413901,20.065166,4.078112,-0.508686,13.614814,11.16214,8.622751,-0.668207,5.781412,9.727418
06111,2.593943,3.386356,-1.760378,-0.318471,0.342835,4.226683,3.374407,-3.537515,0.95369,5.465177,0.152182,0.774629,3.058137,0.77839
06113,10.932534,3.550361,6.067246,17.519666,-3.397574,18.591629,2.879147,1.274279,12.136413,-1.646166,5.495282,-1.056717,2.07003,7.226911
06115,12.21089,5.678421,8.289527,18.538866,0.153346,19.963953,3.479932,1.218897,13.246181,2.107411,6.898206,-1.225988,3.329091,8.554703
08001,27.877171,2.376174,14.881581,17.250612,17.250439,11.915033,13.87262,16.234847,15.073589,17.285876,1.941888,4.621889,23.895024,14.270637
08003,26.569989,21.232746,5.39244,36.742543,34.788009,28.644834,25.21118,25.86948,-6.168778,30.782506,13.012601,25.230005,30.342727,39.490427
08005,31.272836,7.246207,6.999528,21.467696,20.059627,11.89094,18.241705,17.846179,7.333849,24.949891,10.063582,11.658133,24.126001,25.129495
08007,12.932387,20.191009,-6.377483,30.893727,34.633901,21.878002,12.497205,20.730808,-5.232046,33.511199,19.722043,31.300336,31.31933,29.117638
08009,19.111151,15.480705,18.469606,18.407548,24.584436,37.702285,6.103961,8.889113,27.623461,11.639408,17.859177,-4.3169,37.852121,34.644121
08011,13.227847,5.620138,16.713326,17.367287,15.515885,15.564667,8.09437,2.91402,32.695627,4.636094,4.352269,-16.521305,30.758283,13.154879
08013,27.835303,1.174196,16.330066,16.239877,16.73781,12.187903,13.099918,16.49773,16.12036,16.191766,0.419843,3.647593,24.216602,12.797966
08014,27.835303,1.174196,16.330066,16.239877,16.73781,12.187903,13.099918,16.49773,16.12036,16.191766,0.419843,3.647593,24.216602,12.797966
08015,22.130882,9.055774,0.112599,18.423827,22.612862,13.041241,12.454079,11.861072,1.919488,27.193012,8.580857,12.147975,21.476814,23.422946
08017,9.236385,-1.069654,15.521798,16.661533,9.363427,0.545646,9.444741,-1.139716,36.136781,-0.115226,-4.811343,-24.801247,25.945547,-1.424259
08019,31.722317,7.040385,7.454826,21.213616,20.147801,12.284861,18.12474,18.360285,7.083945,25.079939,9.791153,12.219134,24.073694,25.02719
08021,20.666769,20.781816,0.29767,34.210804,34.721302,25.71572,19.707765,23.645137,-5.763301,31.963657,15.916874,27.85763,30.765463,35.000426
08023,26.569989,21.232746,5.39244,36.742543,34.788009,28.644834,25.21118,25.86948,-6.168778,30.782506,13.012601,25.230005,30.342727,39.490427
08025,22.144438,3.801438,10.5298,19.476787,15.628824,7.191256,14.597643,9.981446,19.2652,14.566896,3.901781,-3.444831,24.879731,14.129846
08027,32.051861,7.546441,6.696892,21.644071,20.444505,12.299624,18.556203,18.522153,6.307821,25.840421,10.591865,12.955506,24.06399,26.076162
08029,5.284213,11.627412,-11.066519,12.966953,26.303777,14.311309,2.098911,0.557422,-5.539051,29.492654,5.168374,10.785291,17.088762,18.927587
08031,30.681373,5.469417,9.831619,19.881647,19.234604,12.258896,16.779091,17.861492,9.5039,22.699683,7.281512,9.923672,24.111965,21.752199
08033,11.246267,21.848103,-5.14111,26.231574,31.939387,20.996488,9.143902,18.186265,-5.480289,35.107077,21.31631,28.733818,30.682221,23.469216
08035,32.054037,7.541008,6.69741,21.638077,20.438811,12.293136,18.553561,18.519236,6.312774,25.838459,10.590904,12.950633,24.061498,26.070836
08037,7.754922,12.450344,-8.419856,13.326584,27.087507,14.618273,3.614478,1.628817,-1.050661,29.550426,5.378278,9.281649,18.837265,19.704204
08039,31.003197,7.144454,7.103806,21.408888,19.928748,11.752119,18.134065,17.613867,7.686282,24.643194,9.881572,11.212016,24.148265,24.804583
08041,32.054037,7.541008,6.69741,21.638077,20.438811,12.293136,18.553561,18.519236,6.312774,25.838459,10.590904,12.950633,24.061498,26.070836
08043,32.054037,7.541008,6.69741,21.638077,20.438811,12.293136,18.553561,18.519236,6.312774,25.838459,10.590904,12.950633,24.061498,26.070836
08045,6.579854,12.575911,-8.099542,13.425221,27.056471,14.945978,2.400699,1.326838,-2.457949,30.688406,6.225384,9.745298,18.608214,18.73769
08047,28.303658,1.881026,15.260668,16.839174,17.148687,12.199586,13.70537,16.722154,15.031542,17.262722,1.549014,4.680397,24.199383,14.271493
08049,23.666142,6.441408,10.708119,15.620565,21.617421,13.500665,11.584838,12.400716,15.776391,21.198483,2.508142,3.698726,24.556843,16.357045
08051,5.285324,11.627242,-11.065782,12.967313,26.303534,14.311226,2.099594,0.558167,-5.538559,29.492502,5.168599,10.785381,17.089052,18.927884
08053,9.580732,16.438188,-8.432357,23.037685,30.983395,18.562054,7.940366,11.890235,-5.366585,31.750154,13.344195,22.310038,25.083075,24.652057
08055,26.826687,20.591861,5.453523,36.035532,34.11635,27.879442,24.89955,25.525429,-5.58454,30.551084,12.899246,24.655231,30.048714,38.862282
08057,19.711581,10.751843,6.273693,14.753425,25.739467,14.661817,9.917922,8.63911,16.045449,25.085016,3.768852,3.198851,24.86848,18.743758
08059,31.220926,6.283698,8.599655,20.572047,19.707942,12.272355,17.476582,18.120032,8.249563,23.933442,8.582336,11.11348,24.092128,23.449727
08061,9.236385,-1.069654,15.521798,16.661533,9.363427,0.545646,9.444741,-1.139716,36.136781,-0.115226,-4.811343,-24.801247,25.945547,-1.424259
08063,9.236385,-1.069654,15.521798,16.661533,9.363427,0.545646,9.444741,-1.139716,36.136781,-0.115226,-4.811343,-24.801247,25.945547,-1.424259
08065,11.484053,10.681008,-6.952427,14.975169,24.945462,13.843904,5.909777,4.717344,-2.794191,28.646349,6.424221,11.28678,18.703634,20.58195
08067,12.932387,20.191009,-6.377483,30.893727,34.633901,21.878002,12.497205,20.730808,-5.232046,33.511199,19.722043,31.300336,31.31933,29.117638
08069,27.835303,1.174196,16.330066,16.239877,16.73781,12.187903,13.099918,16.49773,16.12036,16.191766,0.419843,3.647593,24.216602,12.797966
08071,24.012583,19.260548,9.876197,30.456038,31.289518,31.750355,18.659904,20.047436,5.41754,24.218927,14.674343,15.099282,32.917467,37.828778
08073,12.688062,0.2329,14.186913,17.414346,11.038826,2.322715,10.822653,1.834138,31.625236,3.810846,-2.48141,-19.090435,25.660543,2.734986
08075,9.12338,6.548451,22.043745,19.965873,14.798696,4.788212,9.17157,-0.284624,31.98889,2.042759,-4.459016,-9.857114,13.531673,-9.713096
08077,5.210359,12.512643,-7.297472,13.859761,26.667918,15.379685,0.72705,1.320279,-5.078986,32.471184,7.829465,10.837863,18.215091,17.248783
08079,12.326371,19.512458,-6.749026,29.473269,33.97385,21.278442,11.673279,19.132336,-5.256372,33.192783,18.568858,29.674792,30.191747,28.310212
08081,12.465752,15.147504,0.971043,13.304965,29.954356,16.385543,6.547489,2.643369,13.537661,31.051003,5.968369,2.736308,24.216418,20.478474
08083,11.037412,22.057296,-4.987313,25.652562,31.604276,20.887628,8.727935,17.872936,-5.511538,35.306138,21.518244,28.418247,30.605738,22.766168
08085,5.239615,12.16197,-8.790532,13.506086,26.523668,14.956462,1.270495,1.018083,-5.261235,31.291278,6.775308,10.817038,17.768911,17.913819
08087,20.133872,3.386125,18.681695,17.773418,15.939711,9.142348,11.483093,9.590469,22.651511,10.368335,-1.588192,-1.910658,19.818912,3.53289
08089,20.672597,10.217146,12.061101,22.820788,21.553396,19.185426,14.168196,11.901029,17.782789,15.614928,8.474762,0.134589,29.648237,23.256191
08091,5.285625,11.628992,-11.065654,12.970261,26.305314,14.312705,2.10083,0.561144,-5.538994,29.493395,5.171059,10.789077,17.091388,18.929468
08093,32.054037,7.541008,6.69741,21.638077,20.438811,12.293136,18.553561,18.519236,6.312774,25.838459,10.590904,12.950633,24.061498,26.070836
08095,9.12338,6.548451,22.043745,19.965873,14.798696,4.788212,9.17157,-0.284624,31.98889,2.042759,-4.459016,-9.857114,13.531673,-9.713096
08097,5.284213,11.627412,-11.066519,12.966953,26.303777,14.311309,2.098911,0.557422,-5.539051,29.492654,5.168374,10.785291,17.088762,18.927587
08099,13.235605,5.633141,16.715642,17.368658,15.527843,15.593859,8.091745,2.921899,32.688938,4.645329,4.37008,-16.505211,30.767637,13.183216
08101,31.648894,8.552508,6.601003,22.753944,21.498882,13.501145,19.045403,19.062248,5.390678,26.203709,10.769811,13.857792,24.525534,27.062231
08103,11.483396,14.805053,-0.185409,13.410998,29.507787,16.245981,5.729693,2.499641,10.919778,31.270624,6.262646,3.910499,23.390357,20.033032
08105,17.081398,20.50794,-2.796682,32.67313,34.680786,23.936697,16.365218,22.294163,-5.517031,32.68104,17.680808,29.45354,31.022215,32.273384
08107,15.077404,16.215412,0.537036,13.905478,30.874462,16.073061,8.102752,4.15616,16.002716,30.15817,5.679293,2.942867,25.240344,22.135535
08109,17.724169,12.172797,-2.514149,20.387923,26.081986,16.137514,11.523546,11.456616,-1.635131,28.720584,9.062272,14.908717,22.230272,24.865158
08111,12.337512,19.524932,-6.742196,29.499381,33.985984,21.289464,11.688426,19.161722,-5.255925,33.198636,18.590058,29.704675,30.212476,28.325056
08113,5.948554,13.208299,-7.718381,15.304841,27.335805,15.851902,2.012551,3.088838,-5.169333,32.189045,8.688442,12.815794,19.35265,18.51899
08115,9.12338,6.548451,22.043745,19.965873,14.798696,4.788212,9.17157,-0.284624,31.98889,2.042759,-4.459016,-9.857114,13.531673,-9.713096
08117,28.234918,8.458706,5.620865,19.853648,21.845275,12.876566,16.020227,15.625052,7.59304,25.961412,9.028577,10.951352,23.87024,24.348021
08119,32.054037,7.541008,6.69741,21.638077,20.438811,12.293136,18.553561,18.519236,6.312774,25.838459,10.590904,12.950633,24.061498,26.070836
08121,9.156645,4.305894,20.123866,18.993168,13.198705,3.539319,9.251984,-0.536339,33.209913,1.407509,-4.562731,-14.256248,17.18597,-7.273094
08123,26.434654,1.576476,16.757754,16.51878,16.592661,11.634013,12.805868,15.241516,17.308171,15.132667,0.054645,2.636722,23.416801,11.11294
08125,9.152198,4.605726,20.380556,19.12322,13.412625,3.706298,9.241232,-0.502685,33.046661,1.492443,-4.548864,-13.668079,16.697386,-7.599325
09001,-13.444715,6.674689,-25.973134,4.568578,-2.986597,-2.455211,6.16187,7.517696,9.740396,-4.454711,14.377863,-0.995884,-5.63072,-7.881816
09003,-6.229411,1.065895,-20.895003,-3.036116,-1.272646,12.464994,9.176456,21.830587,9.429949,-11.402284,9.792264,1.969362,-0.54998,-5.383588
09005,-6.837005,1.538207,-21.322628,-2.395732,-1.416976,11.208577,8.9226,20.625311,9.456091,-10.817235,10.178413,1.719662,-0.977825,-5.593962
09007,-13.444715,6.674689,-25.973134,4.568578,-2.986597,-2.455211,6.16187,7.517696,9.740396,-4.454711,14.377863,-0.995884,-5.63072,-7.881816
09009,-13.444715,6.674689,-25.973134,4.568578,-2.986597,-2.455211,6.16187,7.517696,9.740396,-4.454711,14.377863,-0.995884,-5.63072,-7.881816
09011,-13.390419,6.632483,-25.93492,4.511352,-2.9737,-2.342936,6.184555,7.625401,9.73806,-4.506992,14.343356,-0.97357,-5.592487,-7.863016
09013,-5.040813,0.141943,-20.058468,-4.288859,-0.990302,14.922842,9.673057,24.188389,9.378808,-12.546777,9.036865,2.457836,0.286985,-4.972048
09015,-5.19368,0.260773,-20.166056,-4.127743,-1.026614,14.606736,9.609189,23.88515,9.385385,-12.399583,9.134018,2.395013,0.179342,-5.024977
