GEOID,neon_12_to_14,neon_13_to_14,neon_14_to_14,neon_15_to_14,neon_16_to_14,neon_17_to_14,neon_19_to_14,neon_1_to_14,neon_2_to_14,neon_3_to_14,neon_5_to_14,neon_6_to_14,neon_7_to_14,neon_8_to_14
10001,-0.011937,0.032241,2.7e-05,0.132276,0.018795,-0.030495,-0.10934,-0.224943,-0.092716,0.153843,-0.100867,0.040548,-0.015576,-0.034075
10003,0.010939,-0.027867,-0.010982,0.121042,-0.000385,-0.072961,-0.106011,-0.24619,-0.114753,0.152557,-0.134251,0.064739,-0.035619,-0.06324
10005,-0.011937,0.032241,2.7e-05,0.132276,0.018795,-0.030495,-0.10934,-0.224943,-0.092716,0.153843,-0.100867,0.040548,-0.015576,-0.034075
01001,-0.058575,0.003142,-0.110789,-0.087648,-0.074475,0.077474,-0.009116,-0.146922,-0.128006,-0.233148,-0.095402,-0.04233,-0.183647,-0.471317
01003,-0.096028,0.03375,-0.100672,-0.003545,0.022005,0.063948,-0.028154,-0.092806,-0.107778,-0.31,0.002864,-0.034911,-0.17908,-0.092543
01005,-0.060489,0.015402,-0.098746,-0.015342,0.021797,0.148376,-0.023274,-0.174842,-0.16525,-0.341844,0.002483,-0.039985,-0.129824,-0.146217
01007,-0.058575,0.003142,-0.110789,-0.087648,-0.074475,0.077474,-0.009116,-0.146922,-0.128006,-0.233148,-0.095402,-0.04233,-0.183647,-0.471317
01009,-0.022389,0.042753,-0.049392,-0.043338,-0.053277,0.075647,0.021358,-0.126301,-0.106998,-0.184754,-0.09337,0.00023,-0.174181,-0.4713
01011,-0.039693,0.06167,-0.077082,0.009966,0.024806,0.148486,-0.011944,-0.128133,-0.258984,-0.245492,-0.019666,-0.020197,-0.123483,-0.107594
01013,-0.104312,-0.021504,-0.124131,-0.08032,-0.029264,0.06157,0.010192,-0.140199,-0.182339,-0.464587,-0.02892,-0.046519,-0.222034,-0.15215
01015,-0.018897,0.107938,-0.055418,0.035275,0.027816,0.148596,-0.000613,-0.081424,-0.352719,-0.14914,-0.041815,-0.000409,-0.117143,-0.068971
01017,-0.018897,0.107938,-0.055418,0.035275,0.027816,0.148596,-0.000613,-0.081424,-0.352719,-0.14914,-0.041815,-0.000409,-0.117143,-0.068971
01019,-0.002307,0.13134,-0.009931,0.046704,0.038351,0.127174,0.019271,-0.076097,-0.195521,-0.104521,-0.053396,0.022162,-0.289356,-0.082907
01021,-0.058575,0.003142,-0.110789,-0.087648,-0.074475,0.077474,-0.009116,-0.146922,-0.128006,-0.233148,-0.095402,-0.04233,-0.183647,-0.471317
01023,-0.081444,-0.009181,-0.11746,-0.083984,-0.051869,0.069522,0.000538,-0.14356,-0.155172,-0.348867,-0.062161,-0.044425,-0.202841,-0.311734
01025,-0.104312,-0.021504,-0.124131,-0.08032,-0.029264,0.06157,0.010192,-0.140199,-0.182339,-0.464587,-0.02892,-0.046519,-0.222034,-0.15215
01027,-0.018897,0.107938,-0.055418,0.035275,0.027816,0.148596,-0.000613,-0.081424,-0.352719,-0.14914,-0.041815,-0.000409,-0.117143,-0.068971
01029,-0.018897,0.107938,-0.055418,0.035275,0.027816,0.148596,-0.000613,-0.081424,-0.352719,-0.14914,-0.041815,-0.000409,-0.117143,-0.068971
01031,-0.060489,0.015402,-0.098746,-0.015342,0.021797,0.148376,-0.023274,-0.174842,-0.16525,-0.341844,0.002483,-0.039985,-0.129824,-0.146217
01033,0.013797,0.082364,0.012004,0.000971,-0.032079,0.073819,0.051832,-0.10568,-0.08599,-0.136361,-0.091338,0.04279,-0.164716,-0.471283
01035,-0.104312,-0.021504,-0.124131,-0.08032,-0.029264,0.06157,0.010192,-0.140199,-0.182339,-0.464587,-0.02892,-0.046519,-0.222034,-0.15215
01037,-0.038736,0.05554,-0.083103,-0.026187,-0.02333,0.113035,-0.004864,-0.114173,-0.240362,-0.191144,-0.068608,-0.02137,-0.150395,-0.270144
01039,-0.0824,-0.003051,-0.111438,-0.047831,-0.003733,0.104973,-0.006541,-0.157521,-0.173794,-0.403216,-0.013219,-0.043252,-0.175929,-0.149184
01041,-0.0824,-0.003051,-0.111438,-0.047831,-0.003733,0.104973,-0.006541,-0.157521,-0.173794,-0.403216,-0.013219,-0.043252,-0.175929,-0.149184
01043,-0.022389,0.042753,-0.049392,-0.043338,-0.053277,0.075647,0.021358,-0.126301,-0.106998,-0.184754,-0.09337,0.00023,-0.174181,-0.4713
01045,-0.060489,0.015402,-0.098746,-0.015342,0.021797,0.148376,-0.023274,-0.174842,-0.16525,-0.341844,0.002483,-0.039985,-0.129824,-0.146217
01047,-0.081444,-0.009181,-0.11746,-0.083984,-0.051869,0.069522,0.000538,-0.14356,-0.155172,-0.348867,-0.062161,-0.044425,-0.202841,-0.311734
01049,0.014283,0.154743,0.035556,0.058132,0.048886,0.105752,0.039156,-0.070769,-0.038323,-0.059902,-0.064976,0.044732,-0.461569,-0.096842
01051,-0.038736,0.05554,-0.083103,-0.026187,-0.02333,0.113035,-0.004864,-0.114173,-0.240362,-0.191144,-0.068608,-0.02137,-0.150395,-0.270144
01053,-0.104312,-0.021504,-0.124131,-0.08032,-0.029264,0.06157,0.010192,-0.140199,-0.182339,-0.464587,-0.02892,-0.046519,-0.222034,-0.15215
01055,-0.012348,0.087047,-0.029662,0.001683,-0.007463,0.10141,0.020315,-0.101199,-0.15126,-0.144638,-0.073383,0.011196,-0.231769,-0.277103
01057,-0.058575,0.003142,-0.110789,-0.087648,-0.074475,0.077474,-0.009116,-0.146922,-0.128006,-0.233148,-0.095402,-0.04233,-0.183647,-0.471317
01059,0.013797,0.082364,0.012004,0.000971,-0.032079,0.073819,0.051832,-0.10568,-0.08599,-0.136361,-0.091338,0.04279,-0.164716,-0.471283
01061,-0.060489,0.015402,-0.098746,-0.015342,0.021797,0.148376,-0.023274,-0.174842,-0.16525,-0.341844,0.002483,-0.039985,-0.129824,-0.146217
01063,-0.058575,0.003142,-0.110789,-0.087648,-0.074475,0.077474,-0.009116,-0.146922,-0.128006,-0.233148,-0.095402,-0.04233,-0.183647,-0.471317
01065,-0.058575,0.003142,-0.110789,-0.087648,-0.074475,0.077474,-0.009116,-0.146922,-0.128006,-0.233148,-0.095402,-0.04233,-0.183647,-0.471317
01067,-0.060489,0.015402,-0.098746,-0.015342,0.021797,0.148376,-0.023274,-0.174842,-0.16525,-0.341844,0.002483,-0.039985,-0.129824,-0.146217
01069,-0.060489,0.015402,-0.098746,-0.015342,0.021797,0.148376,-0.023274,-0.174842,-0.16525,-0.341844,0.002483,-0.039985,-0.129824,-0.146217
01071,0.01404,0.118554,0.02378,0.029552,0.008403,0.089786,0.045494,-0.088224,-0.062157,-0.098131,-0.078157,0.043761,-0.313143,-0.284063
01073,-0.058575,0.003142,-0.110789,-0.087648,-0.074475,0.077474,-0.009116,-0.146922,-0.128006,-0.233148,-0.095402,-0.04233,-0.183647,-0.471317
01075,-0.058575,0.003142,-0.110789,-0.087648,-0.074475,0.077474,-0.009116,-0.146922,-0.128006,-0.233148,-0.095402,-0.04233,-0.183647,-0.471317
01077,0.013797,0.082364,0.012004,0.000971,-0.032079,0.073819,0.051832,-0.10568,-0.08599,-0.136361,-0.091338,0.04279,-0.164716,-0.471283
01079,0.013797,0.082364,0.012004,0.000971,-0.032079,0.073819,0.051832,-0.10568,-0.08599,-0.136361,-0.091338,0.04279,-0.164716,-0.471283
01081,-0.018897,0.107938,-0.055418,0.035275,0.027816,0.148596,-0.000613,-0.081424,-0.352719,-0.14914,-0.041815,-0.000409,-0.117143,-0.068971
01083,0.013797,0.082364,0.012004,0.000971,-0.032079,0.073819,0.051832,-0.10568,-0.08599,-0.136361,-0.091338,0.04279,-0.164716,-0.471283
01085,-0.081444,-0.009181,-0.11746,-0.083984,-0.051869,0.069522,0.000538,-0.14356,-0.155172,-0.348867,-0.062161,-0.044425,-0.202841,-0.311734
01087,-0.018897,0.107938,-0.055418,0.035275,0.027816,0.148596,-0.000613,-0.081424,-0.352719,-0.14914,-0.041815,-0.000409,-0.117143,-0.068971
01089,0.013797,0.082364,0.012004,0.000971,-0.032079,0.073819,0.051832,-0.10568,-0.08599,-0.136361,-0.091338,0.04279,-0.164716,-0.471283
01091,-0.081444,-0.009181,-0.11746,-0.083984,-0.051869,0.069522,0.000538,-0.14356,-0.155172,-0.348867,-0.062161,-0.044425,-0.202841,-0.311734
01093,-0.022389,0.042753,-0.049392,-0.043338,-0.053277,0.075647,0.021358,-0.126301,-0.106998,-0.184754,-0.09337,0.00023,-0.174181,-0.4713
01095,-0.010165,0.080083,-0.021076,-0.009515,-0.019223,0.085682,0.027291,-0.10779,-0.084106,-0.143137,-0.083905,0.015064,-0.269977,-0.346481
01097,-0.096028,0.03375,-0.100672,-0.003545,0.022005,0.063948,-0.028154,-0.092806,-0.107778,-0.31,0.002864,-0.034911,-0.17908,-0.092543
01099,-0.104312,-0.021504,-0.124131,-0.08032,-0.029264,0.06157,0.010192,-0.140199,-0.182339,-0.464587,-0.02892,-0.046519,-0.222034,-0.15215
01101,-0.060568,0.026244,-0.097271,-0.037009,-0.013531,0.109004,-0.005703,-0.135847,-0.207078,-0.29718,-0.040914,-0.032311,-0.163162,-0.209664
01103,0.013797,0.082364,0.012004,0.000971,-0.032079,0.073819,0.051832,-0.10568,-0.08599,-0.136361,-0.091338,0.04279,-0.164716,-0.471283
01105,-0.058575,0.003142,-0.110789,-0.087648,-0.074475,0.077474,-0.009116,-0.146922,-0.128006,-0.233148,-0.095402,-0.04233,-0.183647,-0.471317
01107,-0.058575,0.003142,-0.110789,-0.087648,-0.074475,0.077474,-0.009116,-0.146922,-0.128006,-0.233148,-0.095402,-0.04233,-0.183647,-0.471317
01109,-0.060489,0.015402,-0.098746,-0.015342,0.021797,0.148376,-0.023274,-0.174842,-0.16525,-0.341844,0.002483,-0.039985,-0.129824,-0.146217
01111,-0.018897,0.107938,-0.055418,0.035275,0.027816,0.148596,-0.000613,-0.081424,-0.352719,-0.14914,-0.041815,-0.000409,-0.117143,-0.068971
01113,-0.039693,0.06167,-0.077082,0.009966,0.024806,0.148486,-0.011944,-0.128133,-0.258984,-0.245492,-0.019666,-0.020197,-0.123483,-0.107594
01115,-0.038736,0.05554,-0.083103,-0.026187,-0.02333,0.113035,-0.004864,-0.114173,-0.240362,-0.191144,-0.068608,-0.02137,-0.150395,-0.270144
01117,-0.058575,0.003142,-0.110789,-0.087648,-0.074475,0.077474,-0.009116,-0.146922,-0.128006,-0.233148,-0.095402,-0.04233,-0.183647,-0.471317
01119,-0.058575,0.003142,-0.110789,-0.087648,-0.074475,0.077474,-0.009116,-0.146922,-0.128006,-0.233148,-0.095402,-0.04233,-0.183647,-0.471317
01121,-0.038736,0.05554,-0.083103,-0.026187,-0.02333,0.113035,-0.004864,-0.114173,-0.240362,-0.191144,-0.068608,-0.02137,-0.150395,-0.270144
01123,-0.018897,0.107938,-0.055418,0.035275,0.027816,0.148596,-0.000613,-0.081424,-0.352719,-0.14914,-0.041815,-0.000409,-0.117143,-0.068971
01125,-0.058575,0.003142,-0.110789,-0.087648,-0.074475,0.077474,-0.009116,-0.146922,-0.128006,-0.233148,-0.095402,-0.04233,-0.183647,-0.471317
01127,-0.058575,0.003142,-0.110789,-0.087648,-0.074475,0.077474,-0.009116,-0.146922,-0.128006,-0.233148,-0.095402,-0.04233,-0.183647,-0.471317
01129,-0.104312,-0.021504,-0.124131,-0.08032,-0.029264,0.06157,0.010192,-0.140199,-0.182339,-0.464587,-0.02892,-0.046519,-0.222034,-0.15215
01131,-0.081444,-0.009181,-0.11746,-0.083984,-0.051869,0.069522,0.000538,-0.14356,-0.155172,-0.348867,-0.062161,-0.044425,-0.202841,-0.311734
01133,-0.022389,0.042753,-0.049392,-0.043338,-0.053277,0.075647,0.021358,-0.126301,-0.106998,-0.184754,-0.09337,0.00023,-0.174181,-0.4713
12001,-0.084795,0.052347,-0.076396,0.055919,0.086026,0.090082,-0.101874,-0.048325,-0.069344,-0.260089,0.000847,-0.077705,-0.098239,-0.048549
12003,-0.076849,0.087911,-0.080636,0.051502,0.102389,0.118711,-0.072808,-0.068799,-0.098094,-0.20468,0.016386,-0.060927,-0.078353,-0.070148
12005,-0.017128,0.052764,-0.023502,0.043387,0.092218,0.107878,-0.048953,-0.117627,-0.102578,-0.182871,0.079164,-0.042088,-0.140729,-0.021934
12007,-0.084795,0.052347,-0.076396,0.055919,0.086026,0.090082,-0.101874,-0.048325,-0.069344,-0.260089,0.000847,-0.077705,-0.098239,-0.048549
12009,-0.105105,0.104993,-0.059584,0.079782,0.056842,0.051997,-0.099836,-0.028534,-0.017417,-0.123841,0.028666,-0.048327,-0.152245,0.025454
12011,-0.119931,0.082204,-0.044714,0.070555,0.063992,0.061163,-0.100046,-0.016403,0.017846,-0.125814,0.061846,-0.046093,-0.144972,0.059384
12013,-0.017128,0.052764,-0.023502,0.043387,0.092218,0.107878,-0.048953,-0.117627,-0.102578,-0.182871,0.079164,-0.042088,-0.140729,-0.021934
12015,-0.103311,0.050508,-0.068186,0.023722,0.040138,0.009024,-0.111128,-0.066823,-0.03961,-0.196505,0.004168,-0.061461,-0.148458,-0.040884
12017,-0.084795,0.052347,-0.076396,0.055919,0.086026,0.090082,-0.101874,-0.048325,-0.069344,-0.260089,0.000847,-0.077705,-0.098239,-0.048549
12019,-0.084795,0.052347,-0.076396,0.055919,0.086026,0.090082,-0.101874,-0.048325,-0.069344,-0.260089,0.000847,-0.077705,-0.098239,-0.048549
12021,-0.112768,0.093305,-0.034341,0.077234,0.072514,0.064575,-0.088818,-0.002354,0.023662,-0.122215,0.073576,-0.033302,-0.137755,0.067318
12023,-0.076849,0.087911,-0.080636,0.051502,0.102389,0.118711,-0.072808,-0.068799,-0.098094,-0.20468,0.016386,-0.060927,-0.078353,-0.070148
12027,-0.103311,0.050508,-0.068186,0.023722,0.040138,0.009024,-0.111128,-0.066823,-0.03961,-0.196505,0.004168,-0.061461,-0.148458,-0.040884
12029,-0.084795,0.052347,-0.076396,0.055919,0.086026,0.090082,-0.101874,-0.048325,-0.069344,-0.260089,0.000847,-0.077705,-0.098239,-0.048549
12031,-0.076849,0.087911,-0.080636,0.051502,0.102389,0.118711,-0.072808,-0.068799,-0.098094,-0.20468,0.016386,-0.060927,-0.078353,-0.070148
12033,-0.109856,0.040565,-0.113179,0.013353,0.03487,0.035558,-0.038959,-0.100002,-0.112476,-0.335092,0.008901,-0.029444,-0.199761,-0.110594
12035,-0.0884,0.08426,-0.068049,0.077082,0.072582,0.071281,-0.098861,-0.040732,-0.047016,-0.189493,0.011843,-0.062622,-0.125145,-0.016462
12037,0.051817,0.086422,0.072432,0.089493,0.144863,0.09869,-0.059039,-0.045561,-0.034973,0.010336,0.156388,-0.044981,-0.125645,0.123987
12039,-0.086074,0.019106,-0.119436,-0.00272,0.039573,0.117067,-0.038867,-0.189694,-0.170182,-0.376077,0.001941,-0.039195,-0.155813,-0.167855
12041,-0.084795,0.052347,-0.076396,0.055919,0.086026,0.090082,-0.101874,-0.048325,-0.069344,-0.260089,0.000847,-0.077705,-0.098239,-0.048549
12043,-0.110758,0.07216,-0.063826,0.04252,0.047342,0.030269,-0.107476,-0.045376,-0.024879,-0.162645,0.01933,-0.055288,-0.150448,-0.002801
12045,0.051817,0.086422,0.072432,0.089493,0.144863,0.09869,-0.059039,-0.045561,-0.034973,0.010336,0.156388,-0.044981,-0.125645,0.123987
12047,-0.068903,0.123476,-0.084875,0.047084,0.118753,0.147339,-0.043741,-0.089272,-0.126844,-0.14927,0.031925,-0.044148,-0.058466,-0.091747
12049,-0.103311,0.050508,-0.068186,0.023722,0.040138,0.009024,-0.111128,-0.066823,-0.03961,-0.196505,0.004168,-0.061461,-0.148458,-0.040884
12051,-0.111763,0.082733,-0.049084,0.059877,0.059928,0.047422,-0.098147,-0.023865,-0.000608,-0.14243,0.046453,-0.044295,-0.144102,0.032259
12053,-0.084795,0.052347,-0.076396,0.055919,0.086026,0.090082,-0.101874,-0.048325,-0.069344,-0.260089,0.000847,-0.077705,-0.098239,-0.048549
12055,-0.110758,0.07216,-0.063826,0.04252,0.047342,0.030269,-0.107476,-0.045376,-0.024879,-0.162645,0.01933,-0.055288,-0.150448,-0.002801
12057,-0.103311,0.050508,-0.068186,0.023722,0.040138,0.009024,-0.111128,-0.066823,-0.03961,-0.196505,0.004168,-0.061461,-0.148458,-0.040884
12059,-0.086074,0.019106,-0.119436,-0.00272,0.039573,0.117067,-0.038867,-0.189694,-0.170182,-0.376077,0.001941,-0.039195,-0.155813,-0.167855
12061,-0.118205,0.093812,-0.059467,0.061318,0.054546,0.051513,-0.103824,-0.02393,-0.010148,-0.128786,0.034492,-0.049115,-0.152439,0.035283
12063,-0.086074,0.019106,-0.119436,-0.00272,0.039573,0.117067,-0.038867,-0.189694,-0.170182,-0.376077,0.001941,-0.039195,-0.155813,-0.167855
12065,-0.034387,0.076335,-0.04396,0.044619,0.101063,0.121032,-0.047216,-0.108176,-0.110666,-0.17167,0.063418,-0.042774,-0.113308,-0.045205
12067,-0.084795,0.052347,-0.076396,0.055919,0.086026,0.090082,-0.101874,-0.048325,-0.069344,-0.260089,0.000847,-0.077705,-0.098239,-0.048549
12069,-0.094053,0.051428,-0.072291,0.039821,0.063082,0.049553,-0.106501,-0.057574,-0.054477,-0.228297,0.002508,-0.069583,-0.123349,-0.044717
12071,-0.104458,0.077457,-0.046077,0.053818,0.060587,0.038506,-0.094359,-0.027564,-0.005066,-0.15756,0.044737,-0.040986,-0.139498,0.017184
12073,-0.017128,0.052764,-0.023502,0.043387,0.092218,0.107878,-0.048953,-0.117627,-0.102578,-0.182871,0.079164,-0.042088,-0.140729,-0.021934
12075,-0.084795,0.052347,-0.076396,0.055919,0.086026,0.090082,-0.101874,-0.048325,-0.069344,-0.260089,0.000847,-0.077705,-0.098239,-0.048549
12077,-0.017128,0.052764,-0.023502,0.043387,0.092218,0.107878,-0.048953,-0.117627,-0.102578,-0.182871,0.079164,-0.042088,-0.140729,-0.021934
12079,-0.046989,0.070338,-0.052069,0.047444,0.097304,0.113294,-0.06088,-0.093213,-0.100336,-0.193775,0.047775,-0.051507,-0.109541,-0.046041
12081,-0.103311,0.050508,-0.068186,0.023722,0.040138,0.009024,-0.111128,-0.066823,-0.03961,-0.196505,0.004168,-0.061461,-0.148458,-0.040884
12083,-0.084795,0.052347,-0.076396,0.055919,0.086026,0.090082,-0.101874,-0.048325,-0.069344,-0.260089,0.000847,-0.077705,-0.098239,-0.048549
12085,-0.118205,0.093812,-0.059467,0.061318,0.054546,0.051513,-0.103824,-0.02393,-0.010148,-0.128786,0.034492,-0.049115,-0.152439,0.035283
12086,-0.119931,0.082204,-0.044714,0.070555,0.063992,0.061163,-0.100046,-0.016403,0.017846,-0.125814,0.061846,-0.046093,-0.144972,0.059384
12087,-0.105748,0.094101,-0.029904,0.082568,0.082752,0.070632,-0.083546,0.00725,0.026917,-0.112328,0.077579,-0.033578,-0.136578,0.078272
12089,-0.076849,0.087911,-0.080636,0.051502,0.102389,0.118711,-0.072808,-0.068799,-0.098094,-0.20468,0.016386,-0.060927,-0.078353,-0.070148
12091,-0.126109,-0.019293,-0.137159,-0.065438,-0.013232,0.024753,-0.002219,-0.147379,-0.185262,-0.500512,-0.022458,-0.044464,-0.247237,-0.178901
12093,-0.118205,0.093812,-0.059467,0.061318,0.054546,0.051513,-0.103824,-0.02393,-0.010148,-0.128786,0.034492,-0.049115,-0.152439,0.035283
12095,-0.099579,0.07821,-0.065938,0.059801,0.059962,0.050775,-0.103169,-0.043054,-0.035947,-0.176069,0.015587,-0.058955,-0.137797,-0.009631
12097,-0.110758,0.07216,-0.063826,0.04252,0.047342,0.030269,-0.107476,-0.045376,-0.024879,-0.162645,0.01933,-0.055288,-0.150448,-0.002801
12099,-0.119068,0.088008,-0.052091,0.065937,0.059269,0.056338,-0.101935,-0.020166,0.003849,-0.1273,0.048169,-0.047604,-0.148705,0.047334
12101,-0.094053,0.051428,-0.072291,0.039821,0.063082,0.049553,-0.106501,-0.057574,-0.054477,-0.228297,0.002508,-0.069583,-0.123349,-0.044717
12103,-0.103311,0.050508,-0.068186,0.023722,0.040138,0.009024,-0.111128,-0.066823,-0.03961,-0.196505,0.004168,-0.061461,-0.148458,-0.040884
12105,-0.110758,0.07216,-0.063826,0.04252,0.047342,0.030269,-0.107476,-0.045376,-0.024879,-0.162645,0.01933,-0.055288,-0.150448,-0.002801
12107,-0.084795,0.052347,-0.076396,0.055919,0.086026,0.090082,-0.101874,-0.048325,-0.069344,-0.260089,0.000847,-0.077705,-0.098239,-0.048549
12109,-0.0884,0.08426,-0.068049,0.077082,0.072582,0.071281,-0.098861,-0.040732,-0.047016,-0.189493,0.011843,-0.062622,-0.125145,-0.016462
12111,-0.118205,0.093812,-0.059467,0.061318,0.054546,0.051513,-0.103824,-0.02393,-0.010148,-0.128786,0.034492,-0.049115,-0.152439,0.035283
12113,-0.126109,-0.019293,-0.137159,-0.065438,-0.013232,0.024753,-0.002219,-0.147379,-0.185262,-0.500512,-0.022458,-0.044464,-0.247237,-0.178901
12115,-0.103311,0.050508,-0.068186,0.023722,0.040138,0.009024,-0.111128,-0.066823,-0.03961,-0.196505,0.004168,-0.061461,-0.148458,-0.040884
12117,-0.0884,0.08426,-0.068049,0.077082,0.072582,0.071281,-0.098861,-0.040732,-0.047016,-0.189493,0.011843,-0.062622,-0.125145,-0.016462
12119,-0.094053,0.051428,-0.072291,0.039821,0.063082,0.049553,-0.106501,-0.057574,-0.054477,-0.228297,0.002508,-0.069583,-0.123349,-0.044717
12121,-0.076849,0.087911,-0.080636,0.051502,0.102389,0.118711,-0.072808,-0.068799,-0.098094,-0.20468,0.016386,-0.060927,-0.078353,-0.070148
12123,-0.016489,0.069385,-0.001982,0.072706,0.115444,0.094386,-0.080456,-0.046943,-0.052159,-0.124877,0.078617,-0.061343,-0.111942,0.037719
12125,-0.084795,0.052347,-0.076396,0.055919,0.086026,0.090082,-0.101874,-0.048325,-0.069344,-0.260089,0.000847,-0.077705,-0.098239,-0.048549
12127,-0.0884,0.08426,-0.068049,0.077082,0.072582,0.071281,-0.098861,-0.040732,-0.047016,-0.189493,0.011843,-0.062622,-0.125145,-0.016462
12129,0.051817,0.086422,0.072432,0.089493,0.144863,0.09869,-0.059039,-0.045561,-0.034973,0.010336,0.156388,-0.044981,-0.125645,0.123987
12131,-0.053455,0.028745,-0.061387,0.007112,0.057068,0.08017,-0.033375,-0.127544,-0.130139,-0.288751,0.04529,-0.04288,-0.176232,-0.074256
12133,-0.086074,0.019106,-0.119436,-0.00272,0.039573,0.117067,-0.038867,-0.189694,-0.170182,-0.376077,0.001941,-0.039195,-0.155813,-0.167855
13001,-0.051859,0.10705,-0.074894,0.037276,0.098542,0.156795,-0.02668,-0.078944,-0.128951,-0.137431,0.03067,-0.060895,-0.047733,-0.086501
13003,-0.051859,0.10705,-0.074894,0.037276,0.098542,0.156795,-0.02668,-0.078944,-0.128951,-0.137431,0.03067,-0.060895,-0.047733,-0.086501
13005,-0.051859,0.10705,-0.074894,0.037276,0.098542,0.156795,-0.02668,-0.078944,-0.128951,-0.137431,0.03067,-0.060895,-0.047733,-0.086501
13007,-0.072928,0.004977,-0.115575,-0.011651,0.019512,0.135487,-0.024928,-0.182334,-0.178051,-0.359412,-0.002596,-0.058321,-0.142218,-0.161593
13009,-0.031583,0.168479,-0.041266,0.089879,0.075974,0.139196,0.006167,-0.076605,-0.066201,-0.372991,-0.020986,-0.009219,-0.093751,-0.022925
13011,-0.004248,0.16491,0.004393,0.096501,0.051577,0.093803,0.030168,-0.085332,-0.424227,-0.035458,-0.058401,0.012812,-0.105689,-0.084023
13013,-0.023455,0.133233,-0.035883,0.059761,0.047294,0.121557,0.014262,-0.083789,-0.166962,-0.207586,-0.050676,-0.002947,-0.24123,-0.077582
13015,-0.019392,0.11561,-0.033192,0.044701,0.032953,0.112737,0.01831,-0.087382,-0.217343,-0.124884,-0.065522,0.000188,-0.31497,-0.10491
13017,-0.051859,0.10705,-0.074894,0.037276,0.098542,0.156795,-0.02668,-0.078944,-0.128951,-0.137431,0.03067,-0.060895,-0.047733,-0.086501
13019,-0.051859,0.10705,-0.074894,0.037276,0.098542,0.156795,-0.02668,-0.078944,-0.128951,-0.137431,0.03067,-0.060895,-0.047733,-0.086501
13021,-0.032112,0.13115,-0.05804,0.062507,0.050666,0.137963,0.00289,-0.08432,-0.220285,-0.269782,-0.036179,-0.014736,-0.113686,-0.055764
13023,-0.031583,0.168479,-0.041266,0.089879,0.075974,0.139196,0.006167,-0.076605,-0.066201,-0.372991,-0.020986,-0.009219,-0.093751,-0.022925
13025,-0.051859,0.10705,-0.074894,0.037276,0.098542,0.156795,-0.02668,-0.078944,-0.128951,-0.137431,0.03067,-0.060895,-0.047733,-0.086501
13027,-0.051859,0.10705,-0.074894,0.037276,0.098542,0.156795,-0.02668,-0.078944,-0.128951,-0.137431,0.03067,-0.060895,-0.047733,-0.086501
13029,-0.048398,0.138018,-0.057641,0.076499,0.081454,0.123956,-0.029619,-0.066713,-0.081969,-0.198924,0.006902,-0.041909,-0.085876,-0.038044
13031,-0.041721,0.137765,-0.05808,0.063578,0.087258,0.147995,-0.010257,-0.077774,-0.097576,-0.255211,0.004842,-0.035057,-0.070742,-0.054713
13033,-0.031583,0.168479,-0.041266,0.089879,0.075974,0.139196,0.006167,-0.076605,-0.066201,-0.372991,-0.020986,-0.009219,-0.093751,-0.022925
13035,-0.032641,0.093821,-0.074814,0.035134,0.025358,0.13673,-0.000387,-0.092035,-0.374369,-0.166573,-0.051372,-0.020252,-0.13362,-0.088603
13037,-0.072928,0.004977,-0.115575,-0.011651,0.019512,0.135487,-0.024928,-0.182334,-0.178051,-0.359412,-0.002596,-0.058321,-0.142218,-0.161593
13039,-0.051859,0.10705,-0.074894,0.037276,0.098542,0.156795,-0.02668,-0.078944,-0.128951,-0.137431,0.03067,-0.060895,-0.047733,-0.086501
13043,-0.031583,0.168479,-0.041266,0.089879,0.075974,0.139196,0.006167,-0.076605,-0.066201,-0.372991,-0.020986,-0.009219,-0.093751,-0.022925
13045,-0.032641,0.093821,-0.074814,0.035134,0.025358,0.13673,-0.000387,-0.092035,-0.374369,-0.166573,-0.051372,-0.020252,-0.13362,-0.088603
13047,-0.006142,0.137399,0.00843,0.054269,0.040549,0.088744,0.037006,-0.082728,-0.060317,-0.083194,-0.079671,0.020629,-0.496319,-0.121217
13049,-0.051859,0.10705,-0.074894,0.037276,0.098542,0.156795,-0.02668,-0.078944,-0.128951,-0.137431,0.03067,-0.060895,-0.047733,-0.086501
13051,-0.056636,0.140958,-0.060537,0.087382,0.080735,0.110571,-0.04588,-0.064549,-0.080161,-0.096809,0.009214,-0.051193,-0.089366,-0.035795
13053,-0.032641,0.093821,-0.074814,0.035134,0.025358,0.13673,-0.000387,-0.092035,-0.374369,-0.166573,-0.051372,-0.020252,-0.13362,-0.088603
13055,-0.006142,0.137399,0.00843,0.054269,0.040549,0.088744,0.037006,-0.082728,-0.060317,-0.083194,-0.079671,0.020629,-0.496319,-0.121217
13057,-0.019392,0.11561,-0.033192,0.044701,0.032953,0.112737,0.01831,-0.087382,-0.217343,-0.124884,-0.065522,0.000188,-0.31497,-0.10491
13059,-0.031583,0.168479,-0.041266,0.089879,0.075974,0.139196,0.006167,-0.076605,-0.066201,-0.372991,-0.020986,-0.009219,-0.093751,-0.022925
13061,-0.072928,0.004977,-0.115575,-0.011651,0.019512,0.135487,-0.024928,-0.182334,-0.178051,-0.359412,-0.002596,-0.058321,-0.142218,-0.161593
13063,-0.032641,0.093821,-0.074814,0.035134,0.025358,0.13673,-0.000387,-0.092035,-0.374369,-0.166573,-0.051372,-0.020252,-0.13362,-0.088603
13065,-0.051859,0.10705,-0.074894,0.037276,0.098542,0.156795,-0.02668,-0.078944,-0.128951,-0.137431,0.03067,-0.060895,-0.047733,-0.086501
13067,-0.032641,0.093821,-0.074814,0.035134,0.025358,0.13673,-0.000387,-0.092035,-0.374369,-0.166573,-0.051372,-0.020252,-0.13362,-0.088603
13069,-0.051859,0.10705,-0.074894,0.037276,0.098542,0.156795,-0.02668,-0.078944,-0.128951,-0.137431,0.03067,-0.060895,-0.047733,-0.086501
13071,-0.062394,0.056014,-0.095234,0.012812,0.059027,0.146141,-0.025804,-0.130639,-0.153501,-0.248421,0.014037,-0.059608,-0.094975,-0.124047
13073,-0.031583,0.168479,-0.041266,0.089879,0.075974,0.139196,0.006167,-0.076605,-0.066201,-0.372991,-0.020986,-0.009219,-0.093751,-0.022925
13075,-0.051859,0.10705,-0.074894,0.037276,0.098542,0.156795,-0.02668,-0.078944,-0.128951,-0.137431,0.03067,-0.060895,-0.047733,-0.086501
13077,-0.032641,0.093821,-0.074814,0.035134,0.025358,0.13673,-0.000387,-0.092035,-0.374369,-0.166573,-0.051372,-0.020252,-0.13362,-0.088603
13079,-0.032112,0.13115,-0.05804,0.062507,0.050666,0.137963,0.00289,-0.08432,-0.220285,-0.269782,-0.036179,-0.014736,-0.113686,-0.055764
13081,-0.062394,0.056014,-0.095234,0.012812,0.059027,0.146141,-0.025804,-0.130639,-0.153501,-0.248421,0.014037,-0.059608,-0.094975,-0.124047
13083,-0.006142,0.137399,0.00843,0.054269,0.040549,0.088744,0.037006,-0.082728,-0.060317,-0.083194,-0.079671,0.020629,-0.496319,-0.121217
13085,-0.006142,0.137399,0.00843,0.054269,0.040549,0.088744,0.037006,-0.082728,-0.060317,-0.083194,-0.079671,0.020629,-0.496319,-0.121217
13087,-0.072928,0.004977,-0.115575,-0.011651,0.019512,0.135487,-0.024928,-0.182334,-0.178051,-0.359412,-0.002596,-0.058321,-0.142218,-0.161593
13089,-0.032641,0.093821,-0.074814,0.035134,0.025358,0.13673,-0.000387,-0.092035,-0.374369,-0.166573,-0.051372,-0.020252,-0.13362,-0.088603
13091,-0.041721,0.137765,-0.05808,0.063578,0.087258,0.147995,-0.010257,-0.077774,-0.097576,-0.255211,0.004842,-0.035057,-0.070742,-0.054713
13093,-0.047253,0.093582,-0.076637,0.03766,0.054846,0.142052,-0.011457,-0.107479,-0.186893,-0.259102,-0.011071,-0.037172,-0.10433,-0.089906
13095,-0.072928,0.004977,-0.115575,-0.011651,0.019512,0.135487,-0.024928,-0.182334,-0.178051,-0.359412,-0.002596,-0.058321,-0.142218,-0.161593
13097,-0.032641,0.093821,-0.074814,0.035134,0.025358,0.13673,-0.000387,-0.092035,-0.374369,-0.166573,-0.051372,-0.020252,-0.13362,-0.088603
13099,-0.072928,0.004977,-0.115575,-0.011651,0.019512,0.135487,-0.024928,-0.182334,-0.178051,-0.359412,-0.002596,-0.058321,-0.142218,-0.161593
13101,-0.051859,0.10705,-0.074894,0.037276,0.098542,0.156795,-0.02668,-0.078944,-0.128951,-0.137431,0.03067,-0.060895,-0.047733,-0.086501
13103,-0.050372,0.147838,-0.055719,0.088007,0.079545,0.117728,-0.032868,-0.067563,-0.076671,-0.165854,0.001664,-0.0407,-0.090462,-0.032577
13105,-0.017915,0.166694,-0.018436,0.09319,0.063775,0.1165,0.018167,-0.080968,-0.245214,-0.204225,-0.039693,0.001796,-0.09972,-0.053474
13107,-0.031583,0.168479,-0.041266,0.089879,0.075974,0.139196,0.006167,-0.076605,-0.066201,-0.372991,-0.020986,-0.009219,-0.093751,-0.022925
13109,-0.041721,0.137765,-0.05808,0.063578,0.087258,0.147995,-0.010257,-0.077774,-0.097576,-0.255211,0.004842,-0.035057,-0.070742,-0.054713
13111,-0.006142,0.137399,0.00843,0.054269,0.040549,0.088744,0.037006,-0.082728,-0.060317,-0.083194,-0.079671,0.020629,-0.496319,-0.121217
13113,-0.032641,0.093821,-0.074814,0.035134,0.025358,0.13673,-0.000387,-0.092035,-0.374369,-0.166573,-0.051372,-0.020252,-0.13362,-0.088603
13115,-0.019392,0.11561,-0.033192,0.044701,0.032953,0.112737,0.01831,-0.087382,-0.217343,-0.124884,-0.065522,0.000188,-0.31497,-0.10491
13117,-0.019392,0.11561,-0.033192,0.044701,0.032953,0.112737,0.01831,-0.087382,-0.217343,-0.124884,-0.065522,0.000188,-0.31497,-0.10491
13119,-0.004248,0.16491,0.004393,0.096501,0.051577,0.093803,0.030168,-0.085332,-0.424227,-0.035458,-0.058401,0.012812,-0.105689,-0.084023
13121,-0.019392,0.11561,-0.033192,0.044701,0.032953,0.112737,0.01831,-0.087382,-0.217343,-0.124884,-0.065522,0.000188,-0.31497,-0.10491
13123,-0.006142,0.137399,0.00843,0.054269,0.040549,0.088744,0.037006,-0.082728,-0.060317,-0.083194,-0.079671,0.020629,-0.496319,-0.121217
13125,-0.031583,0.168479,-0.041266,0.089879,0.075974,0.139196,0.006167,-0.076605,-0.066201,-0.372991,-0.020986,-0.009219,-0.093751,-0.022925
13127,-0.051859,0.10705,-0.074894,0.037276,0.098542,0.156795,-0.02668,-0.078944,-0.128951,-0.137431,0.03067,-0.060895,-0.047733,-0.086501
13129,-0.006142,0.137399,0.00843,0.054269,0.040549,0.088744,0.037006,-0.082728,-0.060317,-0.083194,-0.079671,0.020629,-0.496319,-0.121217
13131,-0.072928,0.004977,-0.115575,-0.011651,0.019512,0.135487,-0.024928,-0.182334,-0.178051,-0.359412,-0.002596,-0.058321,-0.142218,-0.161593
13133,-0.031583,0.168479,-0.041266,0.089879,0.075974,0.139196,0.006167,-0.076605,-0.066201,-0.372991,-0.020986,-0.009219,-0.093751,-0.022925
13135,-0.019392,0.11561,-0.033192,0.044701,0.032953,0.112737,0.01831,-0.087382,-0.217343,-0.124884,-0.065522,0.000188,-0.31497,-0.10491
13137,-0.004248,0.16491,0.004393,0.096501,0.051577,0.093803,0.030168,-0.085332,-0.424227,-0.035458,-0.058401,0.012812,-0.105689,-0.084023
13139,-0.014344,0.132043,-0.020664,0.061968,0.039161,0.106426,0.022262,-0.086698,-0.286304,-0.095075,-0.063148,0.004396,-0.24521,-0.097948
13141,-0.031583,0.168479,-0.041266,0.089879,0.075974,0.139196,0.006167,-0.076605,-0.066201,-0.372991,-0.020986,-0.009219,-0.093751,-0.022925
13143,-0.032641,0.093821,-0.074814,0.035134,0.025358,0.13673,-0.000387,-0.092035,-0.374369,-0.166573,-0.051372,-0.020252,-0.13362,-0.088603
13145,-0.032641,0.093821,-0.074814,0.035134,0.025358,0.13673,-0.000387,-0.092035,-0.374369,-0.166573,-0.051372,-0.020252,-0.13362,-0.088603
13147,-0.004248,0.16491,0.004393,0.096501,0.051577,0.093803,0.030168,-0.085332,-0.424227,-0.035458,-0.058401,0.012812,-0.105689,-0.084023
13149,-0.032641,0.093821,-0.074814,0.035134,0.025358,0.13673,-0.000387,-0.092035,-0.374369,-0.166573,-0.051372,-0.020252,-0.13362,-0.088603
13151,-0.032641,0.093821,-0.074814,0.035134,0.025358,0.13673,-0.000387,-0.092035,-0.374369,-0.166573,-0.051372,-0.020252,-0.13362,-0.088603
13153,-0.032112,0.13115,-0.05804,0.062507,0.050666,0.137963,0.00289,-0.08432,-0.220285,-0.269782,-0.036179,-0.014736,-0.113686,-0.055764
13155,-0.051859,0.10705,-0.074894,0.037276,0.098542,0.156795,-0.02668,-0.078944,-0.128951,-0.137431,0.03067,-0.060895,-0.047733,-0.086501
13157,-0.018653,0.141152,-0.025814,0.068946,0.048364,0.114618,0.018238,-0.084175,-0.231278,-0.164554,-0.052607,0.000992,-0.207345,-0.079192
13159,-0.032112,0.13115,-0.05804,0.062507,0.050666,0.137963,0.00289,-0.08432,-0.220285,-0.269782,-0.036179,-0.014736,-0.113686,-0.055764
13161,-0.051859,0.10705,-0.074894,0.037276,0.098542,0.156795,-0.02668,-0.078944,-0.128951,-0.137431,0.03067,-0.060895,-0.047733,-0.086501
13163,-0.031583,0.168479,-0.041266,0.089879,0.075974,0.139196,0.006167,-0.076605,-0.066201,-0.372991,-0.020986,-0.009219,-0.093751,-0.022925
13165,-0.031583,0.168479,-0.041266,0.089879,0.075974,0.139196,0.006167,-0.076605,-0.066201,-0.372991,-0.020986,-0.009219,-0.093751,-0.022925
13167,-0.031583,0.168479,-0.041266,0.089879,0.075974,0.139196,0.006167,-0.076605,-0.066201,-0.372991,-0.020986,-0.009219,-0.093751,-0.022925
13169,-0.032112,0.13115,-0.05804,0.062507,0.050666,0.137963,0.00289,-0.08432,-0.220285,-0.269782,-0.036179,-0.014736,-0.113686,-0.055764
13171,-0.032641,0.093821,-0.074814,0.035134,0.025358,0.13673,-0.000387,-0.092035,-0.374369,-0.166573,-0.051372,-0.020252,-0.13362,-0.088603
13173,-0.051859,0.10705,-0.074894,0.037276,0.098542,0.156795,-0.02668,-0.078944,-0.128951,-0.137431,0.03067,-0.060895,-0.047733,-0.086501
13175,-0.041721,0.137765,-0.05808,0.063578,0.087258,0.147995,-0.010257,-0.077774,-0.097576,-0.255211,0.004842,-0.035057,-0.070742,-0.054713
13177,-0.072928,0.004977,-0.115575,-0.011651,0.019512,0.135487,-0.024928,-0.182334,-0.178051,-0.359412,-0.002596,-0.058321,-0.142218,-0.161593
13179,-0.056806,0.122788,-0.065829,0.069808,0.084194,0.116335,-0.047512,-0.061768,-0.089853,-0.11189,0.020846,-0.058254,-0.081939,-0.045604
13181,-0.031583,0.168479,-0.041266,0.089879,0.075974,0.139196,0.006167,-0.076605,-0.066201,-0.372991,-0.020986,-0.009219,-0.093751,-0.022925
13183,-0.051859,0.10705,-0.074894,0.037276,0.098542,0.156795,-0.02668,-0.078944,-0.128951,-0.137431,0.03067,-0.060895,-0.047733,-0.086501
13185,-0.051859,0.10705,-0.074894,0.037276,0.098542,0.156795,-0.02668,-0.078944,-0.128951,-0.137431,0.03067,-0.060895,-0.047733,-0.086501
13187,-0.006142,0.137399,0.00843,0.054269,0.040549,0.088744,0.037006,-0.082728,-0.060317,-0.083194,-0.079671,0.020629,-0.496319,-0.121217
13189,-0.031583,0.168479,-0.041266,0.089879,0.075974,0.139196,0.006167,-0.076605,-0.066201,-0.372991,-0.020986,-0.009219,-0.093751,-0.022925
13191,-0.056806,0.122788,-0.065829,0.069808,0.084194,0.116335,-0.047512,-0.061768,-0.089853,-0.11189,0.020846,-0.058254,-0.081939,-0.045604
13193,-0.052785,0.049399,-0.095194,0.011741,0.022435,0.136108,-0.012657,-0.137184,-0.27621,-0.262992,-0.026984,-0.039287,-0.137919,-0.125098
13195,-0.017915,0.166694,-0.018436,0.09319,0.063775,0.1165,0.018167,-0.080968,-0.245214,-0.204225,-0.039693,0.001796,-0.09972,-0.053474
13197,-0.052785,0.049399,-0.095194,0.011741,0.022435,0.136108,-0.012657,-0.137184,-0.27621,-0.262992,-0.026984,-0.039287,-0.137919,-0.125098
13199,-0.032641,0.093821,-0.074814,0.035134,0.025358,0.13673,-0.000387,-0.092035,-0.374369,-0.166573,-0.051372,-0.020252,-0.13362,-0.088603
13201,-0.072928,0.004977,-0.115575,-0.011651,0.019512,0.135487,-0.024928,-0.182334,-0.178051,-0.359412,-0.002596,-0.058321,-0.142218,-0.161593
13205,-0.072928,0.004977,-0.115575,-0.011651,0.019512,0.135487,-0.024928,-0.182334,-0.178051,-0.359412,-0.002596,-0.058321,-0.142218,-0.161593
13207,-0.032112,0.13115,-0.05804,0.062507,0.050666,0.137963,0.00289,-0.08432,-0.220285,-0.269782,-0.036179,-0.014736,-0.113686,-0.055764
13209,-0.041721,0.137765,-0.05808,0.063578,0.087258,0.147995,-0.010257,-0.077774,-0.097576,-0.255211,0.004842,-0.035057,-0.070742,-0.054713
13211,-0.031583,0.168479,-0.041266,0.089879,0.075974,0.139196,0.006167,-0.076605,-0.066201,-0.372991,-0.020986,-0.009219,-0.093751,-0.022925
13213,-0.006142,0.137399,0.00843,0.054269,0.040549,0.088744,0.037006,-0.082728,-0.060317,-0.083194,-0.079671,0.020629,-0.496319,-0.121217
13215,-0.032641,0.093821,-0.074814,0.035134,0.025358,0.13673,-0.000387,-0.092035,-0.374369,-0.166573,-0.051372,-0.020252,-0.13362,-0.088603
13217,-0.032112,0.13115,-0.05804,0.062507,0.050666,0.137963,0.00289,-0.08432,-0.220285,-0.269782,-0.036179,-0.014736,-0.113686,-0.055764
13219,-0.031583,0.168479,-0.041266,0.089879,0.075974,0.139196,0.006167,-0.076605,-0.066201,-0.372991,-0.020986,-0.009219,-0.093751,-0.022925
13221,-0.031583,0.168479,-0.041266,0.089879,0.075974,0.139196,0.006167,-0.076605,-0.066201,-0.372991,-0.020986,-0.009219,-0.093751,-0.022925
13223,-0.032641,0.093821,-0.074814,0.035134,0.025358,0.13673,-0.000387,-0.092035,-0.374369,-0.166573,-0.051372,-0.020252,-0.13362,-0.088603
13225,-0.032112,0.13115,-0.05804,0.062507,0.050666,0.137963,0.00289,-0.08432,-0.220285,-0.269782,-0.036179,-0.014736,-0.113686,-0.055764
13227,-0.006142,0.137399,0.00843,0.054269,0.040549,0.088744,0.037006,-0.082728,-0.060317,-0.083194,-0.079671,0.020629,-0.496319,-0.121217
13229,-0.051859,0.10705,-0.074894,0.037276,0.098542,0.156795,-0.02668,-0.078944,-0.128951,-0.137431,0.03067,-0.060895,-0.047733,-0.086501
13231,-0.032641,0.093821,-0.074814,0.035134,0.025358,0.13673,-0.000387,-0.092035,-0.374369,-0.166573,-0.051372,-0.020252,-0.13362,-0.088603
13233,-0.032641,0.093821,-0.074814,0.035134,0.025358,0.13673,-0.000387,-0.092035,-0.374369,-0.166573,-0.051372,-0.020252,-0.13362,-0.088603
13235,-0.041721,0.137765,-0.05808,0.063578,0.087258,0.147995,-0.010257,-0.077774,-0.097576,-0.255211,0.004842,-0.035057,-0.070742,-0.054713
13237,-0.031583,0.168479,-0.041266,0.089879,0.075974,0.139196,0.006167,-0.076605,-0.066201,-0.372991,-0.020986,-0.009219,-0.093751,-0.022925
13239,-0.072928,0.004977,-0.115575,-0.011651,0.019512,0.135487,-0.024928,-0.182334,-0.178051,-0.359412,-0.002596,-0.058321,-0.142218,-0.161593
13241,-0.004248,0.16491,0.004393,0.096501,0.051577,0.093803,0.030168,-0.085332,-0.424227,-0.035458,-0.058401,0.012812,-0.105689,-0.084023
13243,-0.072928,0.004977,-0.115575,-0.011651,0.019512,0.135487,-0.024928,-0.182334,-0.178051,-0.359412,-0.002596,-0.058321,-0.142218,-0.161593
13245,-0.031583,0.168479,-0.041266,0.089879,0.075974,0.139196,0.006167,-0.076605,-0.066201,-0.372991,-0.020986,-0.009219,-0.093751,-0.022925
13247,-0.032641,0.093821,-0.074814,0.035134,0.025358,0.13673,-0.000387,-0.092035,-0.374369,-0.166573,-0.051372,-0.020252,-0.13362,-0.088603
13249,-0.052785,0.049399,-0.095194,0.011741,0.022435,0.136108,-0.012657,-0.137184,-0.27621,-0.262992,-0.026984,-0.039287,-0.137919,-0.125098
13251,-0.031583,0.168479,-0.041266,0.089879,0.075974,0.139196,0.006167,-0.076605,-0.066201,-0.372991,-0.020986,-0.009219,-0.093751,-0.022925
13253,-0.072928,0.004977,-0.115575,-0.011651,0.019512,0.135487,-0.024928,-0.182334,-0.178051,-0.359412,-0.002596,-0.058321,-0.142218,-0.161593
13255,-0.032641,0.093821,-0.074814,0.035134,0.025358,0.13673,-0.000387,-0.092035,-0.374369,-0.166573,-0.051372,-0.020252,-0.13362,-0.088603
13257,-0.004248,0.16491,0.004393,0.096501,0.051577,0.093803,0.030168,-0.085332,-0.424227,-0.035458,-0.058401,0.012812,-0.105689,-0.084023
13259,-0.052785,0.049399,-0.095194,0.011741,0.022435,0.136108,-0.012657,-0.137184,-0.27621,-0.262992,-0.026984,-0.039287,-0.137919,-0.125098
13261,-0.052785,0.049399,-0.095194,0.011741,0.022435,0.136108,-0.012657,-0.137184,-0.27621,-0.262992,-0.026984,-0.039287,-0.137919,-0.125098
13263,-0.032641,0.093821,-0.074814,0.035134,0.025358,0.13673,-0.000387,-0.092035,-0.374369,-0.166573,-0.051372,-0.020252,-0.13362,-0.088603
13265,-0.031583,0.168479,-0.041266,0.089879,0.075974,0.139196,0.006167,-0.076605,-0.066201,-0.372991,-0.020986,-0.009219,-0.093751,-0.022925
13267,-0.041721,0.137765,-0.05808,0.063578,0.087258,0.147995,-0.010257,-0.077774,-0.097576,-0.255211,0.004842,-0.035057,-0.070742,-0.054713
13269,-0.032641,0.093821,-0.074814,0.035134,0.025358,0.13673,-0.000387,-0.092035,-0.374369,-0.166573,-0.051372,-0.020252,-0.13362,-0.088603
13271,-0.051859,0.10705,-0.074894,0.037276,0.098542,0.156795,-0.02668,-0.078944,-0.128951,-0.137431,0.03067,-0.060895,-0.047733,-0.086501
13273,-0.072928,0.004977,-0.115575,-0.011651,0.019512,0.135487,-0.024928,-0.182334,-0.178051,-0.359412,-0.002596,-0.058321,-0.142218,-0.161593
13275,-0.062394,0.056014,-0.095234,0.012812,0.059027,0.146141,-0.025804,-0.130639,-0.153501,-0.248421,0.014037,-0.059608,-0.094975,-0.124047
13277,-0.051859,0.10705,-0.074894,0.037276,0.098542,0.156795,-0.02668,-0.078944,-0.128951,-0.137431,0.03067,-0.060895,-0.047733,-0.086501
13279,-0.041721,0.137765,-0.05808,0.063578,0.087258,0.147995,-0.010257,-0.077774,-0.097576,-0.255211,0.004842,-0.035057,-0.070742,-0.054713
13281,-0.005195,0.151155,0.006411,0.075385,0.046063,0.091274,0.033587,-0.08403,-0.242272,-0.059326,-0.069036,0.016721,-0.301004,-0.10262
13283,-0.031583,0.168479,-0.041266,0.089879,0.075974,0.139196,0.006167,-0.076605,-0.066201,-0.372991,-0.020986,-0.009219,-0.093751,-0.022925
13285,-0.032641,0.093821,-0.074814,0.035134,0.025358,0.13673,-0.000387,-0.092035,-0.374369,-0.166573,-0.051372,-0.020252,-0.13362,-0.088603
13287,-0.062394,0.056014,-0.095234,0.012812,0.059027,0.146141,-0.025804,-0.130639,-0.153501,-0.248421,0.014037,-0.059608,-0.094975,-0.124047
13289,-0.031583,0.168479,-0.041266,0.089879,0.075974,0.139196,0.006167,-0.076605,-0.066201,-0.372991,-0.020986,-0.009219,-0.093751,-0.022925
13291,-0.006142,0.137399,0.00843,0.054269,0.040549,0.088744,0.037006,-0.082728,-0.060317,-0.083194,-0.079671,0.020629,-0.496319,-0.121217
13293,-0.032641,0.093821,-0.074814,0.035134,0.025358,0.13673,-0.000387,-0.092035,-0.374369,-0.166573,-0.051372,-0.020252,-0.13362,-0.088603
13295,-0.006142,0.137399,0.00843,0.054269,0.040549,0.088744,0.037006,-0.082728,-0.060317,-0.083194,-0.079671,0.020629,-0.496319,-0.121217
13297,-0.032112,0.13115,-0.05804,0.062507,0.050666,0.137963,0.00289,-0.08432,-0.220285,-0.269782,-0.036179,-0.014736,-0.113686,-0.055764
13299,-0.051859,0.10705,-0.074894,0.037276,0.098542,0.156795,-0.02668,-0.078944,-0.128951,-0.137431,0.03067,-0.060895,-0.047733,-0.086501
13301,-0.031583,0.168479,-0.041266,0.089879,0.075974,0.139196,0.006167,-0.076605,-0.066201,-0.372991,-0.020986,-0.009219,-0.093751,-0.022925
13303,-0.031583,0.168479,-0.041266,0.089879,0.075974,0.139196,0.006167,-0.076605,-0.066201,-0.372991,-0.020986,-0.009219,-0.093751,-0.022925
13305,-0.051859,0.10705,-0.074894,0.037276,0.098542,0.156795,-0.02668,-0.078944,-0.128951,-0.137431,0.03067,-0.060895,-0.047733,-0.086501
13307,-0.052785,0.049399,-0.095194,0.011741,0.022435,0.136108,-0.012657,-0.137184,-0.27621,-0.262992,-0.026984,-0.039287,-0.137919,-0.125098
13309,-0.041721,0.137765,-0.05808,0.063578,0.087258,0.147995,-0.010257,-0.077774,-0.097576,-0.255211,0.004842,-0.035057,-0.070742,-0.054713
13311,-0.005195,0.151155,0.006411,0.075385,0.046063,0.091274,0.033587,-0.08403,-0.242272,-0.059326,-0.069036,0.016721,-0.301004,-0.10262
13313,-0.006142,0.137399,0.00843,0.054269,0.040549,0.088744,0.037006,-0.082728,-0.060317,-0.083194,-0.079671,0.020629,-0.496319,-0.121217
13315,-0.051859,0.10705,-0.074894,0.037276,0.098542,0.156795,-0.02668,-0.078944,-0.128951,-0.137431,0.03067,-0.060895,-0.047733,-0.086501
13317,-0.031583,0.168479,-0.041266,0.089879,0.075974,0.139196,0.006167,-0.076605,-0.066201,-0.372991,-0.020986,-0.009219,-0.093751,-0.022925
13319,-0.031583,0.168479,-0.041266,0.089879,0.075974,0.139196,0.006167,-0.076605,-0.066201,-0.372991,-0.020986,-0.009219,-0.093751,-0.022925
13321,-0.062394,0.056014,-0.095234,0.012812,0.059027,0.146141,-0.025804,-0.130639,-0.153501,-0.248421,0.014037,-0.059608,-0.094975,-0.124047
16001,-0.016698,0.302683,-0.060539,0.115733,0.362043,0.097208,0.191333,0.452673,-0.050348,0.171085,0.264255,0.25137,0.068104,0.3211
16003,-0.075709,0.288957,-0.065348,0.110975,0.408357,0.167653,0.199199,0.454367,-0.029623,0.220548,0.262311,0.216048,0.080377,0.347127
16005,-0.132823,0.046659,-0.118742,0.084811,0.030258,-0.226187,0.117152,0.235719,-0.196134,-0.139998,0.057359,0.100439,-0.091094,0.003021
16007,-0.182388,-0.073412,-0.142764,-0.025539,-0.112695,-0.244873,0.043126,0.174442,-0.3544,-0.204236,-0.126309,0.042382,-0.155663,-0.129628
16009,0.37096,0.234916,-0.227479,0.152906,0.311621,0.044223,-0.034901,0.187574,0.016408,0.16994,-0.014878,0.036076,-0.071082,0.179077
16011,-0.107926,0.071687,-0.092232,0.099562,0.123139,-0.160026,0.120319,0.252623,-0.210292,-0.058263,0.052571,0.08479,-0.080183,0.059523
16013,-0.139625,0.131621,-0.098721,0.1005,0.1958,-0.073678,0.124912,0.303019,-0.148229,-0.004591,0.102577,0.102705,-0.028407,0.13429
16015,-0.075709,0.288957,-0.065348,0.110975,0.408357,0.167653,0.199199,0.454367,-0.029623,0.220548,0.262311,0.216048,0.080377,0.347127
16017,0.208483,0.155786,-0.296363,0.39883,0.28938,-0.051821,0.180933,0.153829,-0.09673,0.363339,0.128303,0.190095,-0.111705,0.34315
16019,-0.164769,-0.025527,-0.140033,0.007206,0.013579,-0.204203,0.031576,0.178113,-0.319017,-0.130991,-0.076973,0.021133,-0.141973,-0.051474
16021,0.208483,0.155786,-0.296363,0.39883,0.28938,-0.051821,0.180933,0.153829,-0.09673,0.363339,0.128303,0.190095,-0.111705,0.34315
16023,-0.139625,0.131621,-0.098721,0.1005,0.1958,-0.073678,0.124912,0.303019,-0.148229,-0.004591,0.102577,0.102705,-0.028407,0.13429
16025,-0.171324,0.191555,-0.105209,0.101438,0.268461,0.01267,0.129505,0.353415,-0.086165,0.04908,0.152583,0.120621,0.02337,0.209056
16027,0.137928,0.413812,-0.015869,0.130029,0.455625,0.181745,0.253161,0.55193,-0.014531,0.29309,0.375927,0.382118,0.112839,0.433144
16029,-0.182388,-0.073412,-0.142764,-0.025539,-0.112695,-0.244873,0.043126,0.174442,-0.3544,-0.204236,-0.126309,0.042382,-0.155663,-0.129628
16031,-0.094794,0.116261,-0.118826,0.088171,0.131166,-0.127359,0.140462,0.30387,-0.160683,-0.077607,0.114492,0.12864,-0.035648,0.109765
16033,-0.083028,0.096715,-0.065723,0.114312,0.21602,-0.093865,0.123485,0.269526,-0.224451,0.023472,0.047784,0.06914,-0.069273,0.116025
16035,-0.027702,0.212917,-0.382349,-0.12075,0.081541,0.084245,-0.033851,0.053074,-0.272764,-0.081352,0.080722,0.028097,-0.207348,0.178847
16037,-0.141892,0.159942,-0.092047,0.105729,0.250981,-0.022842,0.127499,0.325452,-0.132261,0.040544,0.11765,0.103461,-0.007511,0.178046
16039,-0.067085,0.276688,-0.067656,0.117443,0.312102,0.035798,0.154058,0.412255,-0.063081,0.118873,0.22198,0.219262,0.046202,0.263917
16041,-0.132823,0.046659,-0.118742,0.084811,0.030258,-0.226187,0.117152,0.235719,-0.196134,-0.139998,0.057359,0.100439,-0.091094,0.003021
16043,-0.14715,0.022359,-0.137303,0.039951,0.139854,-0.163533,0.020027,0.181783,-0.283635,-0.057746,-0.027638,-0.000115,-0.128284,0.026679
16045,-0.075709,0.288957,-0.065348,0.110975,0.408357,0.167653,0.199199,0.454367,-0.029623,0.220548,0.262311,0.216048,0.080377,0.347127
16047,-0.056764,0.185863,-0.118911,0.091531,0.232074,-0.028532,0.163773,0.372021,-0.125233,-0.015216,0.171625,0.156841,0.019798,0.216508
16049,-0.051705,0.250937,-0.223848,-0.004888,0.244949,0.125949,0.082674,0.25372,-0.151194,0.069598,0.171516,0.122072,-0.063486,0.262987
16051,-0.083028,0.096715,-0.065723,0.114312,0.21602,-0.093865,0.123485,0.269526,-0.224451,0.023472,0.047784,0.06914,-0.069273,0.116025
16053,-0.056764,0.185863,-0.118911,0.091531,0.232074,-0.028532,0.163773,0.372021,-0.125233,-0.015216,0.171625,0.156841,0.019798,0.216508
16055,0.37096,0.234916,-0.227479,0.152906,0.311621,0.044223,-0.034901,0.187574,0.016408,0.16994,-0.014878,0.036076,-0.071082,0.179077
16057,0.354634,0.291625,-0.090296,0.128175,0.349709,0.147464,-0.022069,0.361521,0.042162,0.21088,0.151097,0.085517,0.051252,0.241285
16059,-0.259649,0.142723,-0.27721,-0.048006,0.111414,-0.006323,0.057697,0.116321,-0.286413,-0.078912,0.063891,0.041406,-0.169427,0.14468
16061,-0.027702,0.212917,-0.382349,-0.12075,0.081541,0.084245,-0.033851,0.053074,-0.272764,-0.081352,0.080722,0.028097,-0.207348,0.178847
16063,-0.094794,0.116261,-0.118826,0.088171,0.131166,-0.127359,0.140462,0.30387,-0.160683,-0.077607,0.114492,0.12864,-0.035648,0.109765
16065,-0.083028,0.096715,-0.065723,0.114312,0.21602,-0.093865,0.123485,0.269526,-0.224451,0.023472,0.047784,0.06914,-0.069273,0.116025
16067,-0.094794,0.116261,-0.118826,0.088171,0.131166,-0.127359,0.140462,0.30387,-0.160683,-0.077607,0.114492,0.12864,-0.035648,0.109765
16069,0.354634,0.291625,-0.090296,0.128175,0.349709,0.147464,-0.022069,0.361521,0.042162,0.21088,0.151097,0.085517,0.051252,0.241285
16071,-0.132823,0.046659,-0.118742,0.084811,0.030258,-0.226187,0.117152,0.235719,-0.196134,-0.139998,0.057359,0.100439,-0.091094,0.003021
16073,0.073031,0.337829,-0.050216,0.117196,0.381108,0.111653,0.223365,0.491961,-0.051431,0.190321,0.307826,0.307026,0.081825,0.360932
16075,0.134465,0.380669,-0.039189,0.110604,0.511865,0.281435,0.303161,0.573925,-0.012148,0.327721,0.39108,0.347693,0.133813,0.49265
16077,-0.132823,0.046659,-0.118742,0.084811,0.030258,-0.226187,0.117152,0.235719,-0.196134,-0.139998,0.057359,0.100439,-0.091094,0.003021
16079,0.090391,0.184352,-0.339356,0.13904,0.185461,0.016212,0.073541,0.103451,-0.184747,0.140993,0.104513,0.109096,-0.159527,0.260999
16081,-0.175417,-0.049589,-0.147131,-0.018663,0.00802,-0.196875,0.003051,0.158911,-0.359979,-0.127988,-0.12175,-0.005302,-0.158933,-0.069639
16083,-0.056764,0.185863,-0.118911,0.091531,0.232074,-0.028532,0.163773,0.372021,-0.125233,-0.015216,0.171625,0.156841,0.019798,0.216508
16085,-0.285884,0.197246,-0.091507,0.111345,0.304848,0.053871,0.095238,0.334809,-0.047098,0.113376,0.133541,0.084402,0.026941,0.201605
16087,0.134465,0.380669,-0.039189,0.110604,0.511865,0.281435,0.303161,0.573925,-0.012148,0.327721,0.39108,0.347693,0.133813,0.49265
17001,-0.037117,-0.124721,-0.204063,-0.004137,-0.188409,-0.30316,-0.148207,-0.272687,-0.346064,-0.109132,-0.415537,0.009755,-0.292649,-0.250238
17003,-0.146293,-0.3002,-0.252372,-0.225043,-0.303178,-0.362682,-0.013721,-0.404627,-0.416477,-0.261653,-0.433994,-0.081524,-0.174787,-0.631085
17005,-0.059015,-0.083115,-0.203645,0.004931,-0.192062,-0.273958,-0.189916,-0.272605,-0.334093,-0.066405,-0.40722,0.005454,-0.30035,-0.323632
17007,0.022804,-0.11001,-0.226025,-0.057965,-0.16501,-0.321734,-0.170243,-0.235998,-0.393823,-0.061811,-0.439358,-0.046681,-0.218085,-0.219693
17009,-0.032719,-0.157031,-0.273604,0.009568,-0.162797,-0.353053,-0.142921,-0.288116,-0.340317,-0.096982,-0.38653,-0.047119,-0.242554,-0.25083
17011,-0.032719,-0.157031,-0.273604,0.009568,-0.162797,-0.353053,-0.142921,-0.288116,-0.340317,-0.096982,-0.38653,-0.047119,-0.242554,-0.25083
17013,-0.059015,-0.083115,-0.203645,0.004931,-0.192062,-0.273958,-0.189916,-0.272605,-0.334093,-0.066405,-0.40722,0.005454,-0.30035,-0.323632
17015,0.008941,-0.090276,-0.249268,-0.09066,-0.213589,-0.357819,-0.197696,-0.249548,-0.44236,-0.064511,-0.452432,-0.039882,-0.22751,-0.201986
17017,-0.032719,-0.157031,-0.273604,0.009568,-0.162797,-0.353053,-0.142921,-0.288116,-0.340317,-0.096982,-0.38653,-0.047119,-0.242554,-0.25083
17019,0.038791,-0.110578,-0.15012,0.058122,-0.066022,-0.265314,-0.084289,-0.159852,-0.202596,-0.024556,-0.287682,0.037197,-0.175861,-0.151558
17021,-0.045867,-0.120073,-0.238624,0.007249,-0.17743,-0.313506,-0.166418,-0.28036,-0.337205,-0.081694,-0.396875,-0.020833,-0.271452,-0.287231
17023,-0.023351,-0.08666,-0.088018,0.096589,-0.102462,-0.147766,-0.116778,-0.250197,-0.191463,0.029289,-0.280784,0.075293,-0.208468,-0.257195
17025,-0.023351,-0.08666,-0.088018,0.096589,-0.102462,-0.147766,-0.116778,-0.250197,-0.191463,0.029289,-0.280784,0.075293,-0.208468,-0.257195
17027,-0.059015,-0.083115,-0.203645,0.004931,-0.192062,-0.273958,-0.189916,-0.272605,-0.334093,-0.066405,-0.40722,0.005454,-0.30035,-0.323632
17029,-0.023351,-0.08666,-0.088018,0.096589,-0.102462,-0.147766,-0.116778,-0.250197,-0.191463,0.029289,-0.280784,0.075293,-0.208468,-0.257195
17031,0.037729,-0.120161,-0.176451,0.016426,-0.091227,-0.275481,-0.113539,-0.19115,-0.273941,-0.041834,-0.356983,-0.008141,-0.19226,-0.194479
17033,-0.023351,-0.08666,-0.088018,0.096589,-0.102462,-0.147766,-0.116778,-0.250197,-0.191463,0.029289,-0.280784,0.075293,-0.208468,-0.257195
17035,-0.023351,-0.08666,-0.088018,0.096589,-0.102462,-0.147766,-0.116778,-0.250197,-0.191463,0.029289,-0.280784,0.075293,-0.208468,-0.257195
17037,0.01292,-0.121907,-0.218943,-0.01206,-0.13971,-0.315459,-0.141924,-0.229991,-0.33264,-0.06129,-0.388232,-0.025821,-0.213646,-0.210443
17039,0.003036,-0.133804,-0.211862,0.033845,-0.11441,-0.309184,-0.113605,-0.223984,-0.271457,-0.060769,-0.337106,-0.004961,-0.209207,-0.201194
17041,0.00772,-0.098619,-0.119069,0.077356,-0.084242,-0.20654,-0.100533,-0.205025,-0.19703,0.002366,-0.284233,0.056245,-0.192164,-0.204376
17043,0.036667,-0.129744,-0.202781,-0.025269,-0.116431,-0.285649,-0.142789,-0.222448,-0.345285,-0.059111,-0.426284,-0.053479,-0.208659,-0.237399
17045,0.00772,-0.098619,-0.119069,0.077356,-0.084242,-0.20654,-0.100533,-0.205025,-0.19703,0.002366,-0.284233,0.056245,-0.192164,-0.204376
17047,-0.023351,-0.08666,-0.088018,0.096589,-0.102462,-0.147766,-0.116778,-0.250197,-0.191463,0.029289,-0.280784,0.075293,-0.208468,-0.257195
17049,-0.041183,-0.084888,-0.145831,0.05076,-0.147262,-0.210862,-0.153347,-0.261401,-0.262778,-0.018558,-0.344002,0.040374,-0.254409,-0.290414
17051,-0.041183,-0.084888,-0.145831,0.05076,-0.147262,-0.210862,-0.153347,-0.261401,-0.262778,-0.018558,-0.344002,0.040374,-0.254409,-0.290414
17053,0.038791,-0.110578,-0.15012,0.058122,-0.066022,-0.265314,-0.084289,-0.159852,-0.202596,-0.024556,-0.287682,0.037197,-0.175861,-0.151558
17055,-0.058019,-0.135862,-0.14525,-0.010146,-0.171387,-0.223857,-0.104209,-0.276723,-0.274395,-0.08582,-0.336008,0.01303,-0.234075,-0.374228
17057,-0.032719,-0.157031,-0.273604,0.009568,-0.162797,-0.353053,-0.142921,-0.288116,-0.340317,-0.096982,-0.38653,-0.047119,-0.242554,-0.25083
17059,-0.013384,-0.080066,-0.062491,0.089763,-0.095154,-0.129393,-0.1066,-0.21483,-0.173504,-0.00761,-0.251409,0.064094,-0.230583,-0.271098
17061,-0.059015,-0.083115,-0.203645,0.004931,-0.192062,-0.273958,-0.189916,-0.272605,-0.334093,-0.066405,-0.40722,0.005454,-0.30035,-0.323632
17063,0.038791,-0.110578,-0.15012,0.058122,-0.066022,-0.265314,-0.084289,-0.159852,-0.202596,-0.024556,-0.287682,0.037197,-0.175861,-0.151558
17065,-0.023351,-0.08666,-0.088018,0.096589,-0.102462,-0.147766,-0.116778,-0.250197,-0.191463,0.029289,-0.280784,0.075293,-0.208468,-0.257195
17067,-0.038553,-0.144011,-0.220142,0.008464,-0.154879,-0.312981,-0.150252,-0.24842,-0.365809,-0.096448,-0.424142,0.008844,-0.25621,-0.199964
17069,-0.003418,-0.073472,-0.036964,0.082937,-0.087847,-0.11102,-0.096422,-0.179464,-0.155546,-0.044509,-0.222033,0.052895,-0.252698,-0.285
17071,-0.032719,-0.157031,-0.273604,0.009568,-0.162797,-0.353053,-0.142921,-0.288116,-0.340317,-0.096982,-0.38653,-0.047119,-0.242554,-0.25083
17073,-0.032719,-0.157031,-0.273604,0.009568,-0.162797,-0.353053,-0.142921,-0.288116,-0.340317,-0.096982,-0.38653,-0.047119,-0.242554,-0.25083
17075,0.038791,-0.110578,-0.15012,0.058122,-0.066022,-0.265314,-0.084289,-0.159852,-0.202596,-0.024556,-0.287682,0.037197,-0.175861,-0.151558
17077,-0.102654,-0.191658,-0.228009,-0.110056,-0.24762,-0.31832,-0.101818,-0.338616,-0.375285,-0.164029,-0.420607,-0.038035,-0.237568,-0.477358
17079,-0.023351,-0.08666,-0.088018,0.096589,-0.102462,-0.147766,-0.116778,-0.250197,-0.191463,0.029289,-0.280784,0.075293,-0.208468,-0.257195
17081,-0.041183,-0.084888,-0.145831,0.05076,-0.147262,-0.210862,-0.153347,-0.261401,-0.262778,-0.018558,-0.344002,0.040374,-0.254409,-0.290414
17083,-0.059015,-0.083115,-0.203645,0.004931,-0.192062,-0.273958,-0.189916,-0.272605,-0.334093,-0.066405,-0.40722,0.005454,-0.30035,-0.323632
17085,0.008941,-0.090276,-0.249268,-0.09066,-0.213589,-0.357819,-0.197696,-0.249548,-0.44236,-0.064511,-0.452432,-0.039882,-0.22751,-0.201986
17087,-0.074855,-0.186836,-0.144668,-0.071053,-0.195512,-0.236851,-0.055071,-0.292045,-0.286011,-0.153081,-0.328013,-0.014314,-0.213742,-0.458042
17089,0.036667,-0.129744,-0.202781,-0.025269,-0.116431,-0.285649,-0.142789,-0.222448,-0.345285,-0.059111,-0.426284,-0.053479,-0.208659,-0.237399
17091,0.038791,-0.110578,-0.15012,0.058122,-0.066022,-0.265314,-0.084289,-0.159852,-0.202596,-0.024556,-0.287682,0.037197,-0.175861,-0.151558
17093,0.037729,-0.120161,-0.176451,0.016426,-0.091227,-0.275481,-0.113539,-0.19115,-0.273941,-0.041834,-0.356983,-0.008141,-0.19226,-0.194479
17095,-0.032719,-0.157031,-0.273604,0.009568,-0.162797,-0.353053,-0.142921,-0.288116,-0.340317,-0.096982,-0.38653,-0.047119,-0.242554,-0.25083
17097,0.036667,-0.129744,-0.202781,-0.025269,-0.116431,-0.285649,-0.142789,-0.222448,-0.345285,-0.059111,-0.426284,-0.053479,-0.208659,-0.237399
17099,0.003036,-0.133804,-0.211862,0.033845,-0.11441,-0.309184,-0.113605,-0.223984,-0.271457,-0.060769,-0.337106,-0.004961,-0.209207,-0.201194
17101,-0.023351,-0.08666,-0.088018,0.096589,-0.102462,-0.147766,-0.116778,-0.250197,-0.191463,0.029289,-0.280784,0.075293,-0.208468,-0.257195
17103,-0.011889,-0.123653,-0.261436,-0.040546,-0.188193,-0.355436,-0.170308,-0.268832,-0.391339,-0.080747,-0.419481,-0.043501,-0.235032,-0.226408
17105,0.003036,-0.133804,-0.211862,0.033845,-0.11441,-0.309184,-0.113605,-0.223984,-0.271457,-0.060769,-0.337106,-0.004961,-0.209207,-0.201194
17107,-0.032719,-0.157031,-0.273604,0.009568,-0.162797,-0.353053,-0.142921,-0.288116,-0.340317,-0.096982,-0.38653,-0.047119,-0.242554,-0.25083
17109,-0.032719,-0.157031,-0.273604,0.009568,-0.162797,-0.353053,-0.142921,-0.288116,-0.340317,-0.096982,-0.38653,-0.047119,-0.242554,-0.25083
17111,0.036667,-0.129744,-0.202781,-0.025269,-0.116431,-0.285649,-0.142789,-0.222448,-0.345285,-0.059111,-0.426284,-0.053479,-0.208659,-0.237399
17113,0.003036,-0.133804,-0.211862,0.033845,-0.11441,-0.309184,-0.113605,-0.223984,-0.271457,-0.060769,-0.337106,-0.004961,-0.209207,-0.201194
17115,-0.017648,-0.116908,-0.209123,0.024207,-0.140294,-0.297442,-0.139042,-0.240191,-0.292335,-0.062648,-0.360477,-0.001489,-0.239588,-0.242007
17117,-0.059015,-0.083115,-0.203645,0.004931,-0.192062,-0.273958,-0.189916,-0.272605,-0.334093,-0.066405,-0.40722,0.005454,-0.30035,-0.323632
17119,-0.059015,-0.083115,-0.203645,0.004931,-0.192062,-0.273958,-0.189916,-0.272605,-0.334093,-0.066405,-0.40722,0.005454,-0.30035,-0.323632
17121,-0.041183,-0.084888,-0.145831,0.05076,-0.147262,-0.210862,-0.153347,-0.261401,-0.262778,-0.018558,-0.344002,0.040374,-0.254409,-0.290414
17123,-0.032719,-0.157031,-0.273604,0.009568,-0.162797,-0.353053,-0.142921,-0.288116,-0.340317,-0.096982,-0.38653,-0.047119,-0.242554,-0.25083
17125,-0.032719,-0.157031,-0.273604,0.009568,-0.162797,-0.353053,-0.142921,-0.288116,-0.340317,-0.096982,-0.38653,-0.047119,-0.242554,-0.25083
17127,-0.074855,-0.186836,-0.144668,-0.071053,-0.195512,-0.236851,-0.055071,-0.292045,-0.286011,-0.153081,-0.328013,-0.014314,-0.213742,-0.458042
17129,-0.032719,-0.157031,-0.273604,0.009568,-0.162797,-0.353053,-0.142921,-0.288116,-0.340317,-0.096982,-0.38653,-0.047119,-0.242554,-0.25083
17131,-0.032719,-0.157031,-0.273604,0.009568,-0.162797,-0.353053,-0.142921,-0.288116,-0.340317,-0.096982,-0.38653,-0.047119,-0.242554,-0.25083
17133,-0.059015,-0.083115,-0.203645,0.004931,-0.192062,-0.273958,-0.189916,-0.272605,-0.334093,-0.066405,-0.40722,0.005454,-0.30035,-0.323632
17135,-0.059015,-0.083115,-0.203645,0.004931,-0.192062,-0.273958,-0.189916,-0.272605,-0.334093,-0.066405,-0.40722,0.005454,-0.30035,-0.323632
17137,-0.045867,-0.120073,-0.238624,0.007249,-0.17743,-0.313506,-0.166418,-0.28036,-0.337205,-0.081694,-0.396875,-0.020833,-0.271452,-0.287231
17139,-0.019074,-0.109346,-0.178847,0.042302,-0.130836,-0.260023,-0.133476,-0.242692,-0.267117,-0.039664,-0.340554,0.017706,-0.231808,-0.245804
17141,0.008941,-0.090276,-0.249268,-0.09066,-0.213589,-0.357819,-0.197696,-0.249548,-0.44236,-0.064511,-0.452432,-0.039882,-0.22751,-0.201986
17143,-0.032719,-0.157031,-0.273604,0.009568,-0.162797,-0.353053,-0.142921,-0.288116,-0.340317,-0.096982,-0.38653,-0.047119,-0.242554,-0.25083
17145,-0.059015,-0.083115,-0.203645,0.004931,-0.192062,-0.273958,-0.189916,-0.272605,-0.334093,-0.066405,-0.40722,0.005454,-0.30035,-0.323632
17147,0.038791,-0.110578,-0.15012,0.058122,-0.066022,-0.265314,-0.084289,-0.159852,-0.202596,-0.024556,-0.287682,0.037197,-0.175861,-0.151558
17149,-0.034693,-0.122631,-0.216525,-0.00797,-0.202225,-0.313244,-0.145081,-0.294008,-0.330986,-0.113538,-0.400131,-0.008596,-0.300244,-0.283952
17151,-0.003418,-0.073472,-0.036964,0.082937,-0.087847,-0.11102,-0.096422,-0.179464,-0.155546,-0.044509,-0.222033,0.052895,-0.252698,-0.285
17153,-0.146293,-0.3002,-0.252372,-0.225043,-0.303178,-0.362682,-0.013721,-0.404627,-0.416477,-0.261653,-0.433994,-0.081524,-0.174787,-0.631085
17155,-0.032719,-0.157031,-0.273604,0.009568,-0.162797,-0.353053,-0.142921,-0.288116,-0.340317,-0.096982,-0.38653,-0.047119,-0.242554,-0.25083
17157,-0.102654,-0.191658,-0.228009,-0.110056,-0.24762,-0.31832,-0.101818,-0.338616,-0.375285,-0.164029,-0.420607,-0.038035,-0.237568,-0.477358
17159,-0.023351,-0.08666,-0.088018,0.096589,-0.102462,-0.147766,-0.116778,-0.250197,-0.191463,0.029289,-0.280784,0.075293,-0.208468,-0.257195
17161,-0.011889,-0.123653,-0.261436,-0.040546,-0.188193,-0.355436,-0.170308,-0.268832,-0.391339,-0.080747,-0.419481,-0.043501,-0.235032,-0.226408
17163,-0.059015,-0.083115,-0.203645,0.004931,-0.192062,-0.273958,-0.189916,-0.272605,-0.334093,-0.066405,-0.40722,0.005454,-0.30035,-0.323632
17165,-0.013384,-0.080066,-0.062491,0.089763,-0.095154,-0.129393,-0.1066,-0.21483,-0.173504,-0.00761,-0.251409,0.064094,-0.230583,-0.271098
17167,-0.045867,-0.120073,-0.238624,0.007249,-0.17743,-0.313506,-0.166418,-0.28036,-0.337205,-0.081694,-0.396875,-0.020833,-0.271452,-0.287231
17169,-0.032719,-0.157031,-0.273604,0.009568,-0.162797,-0.353053,-0.142921,-0.288116,-0.340317,-0.096982,-0.38653,-0.047119,-0.242554,-0.25083
17171,-0.045867,-0.120073,-0.238624,0.007249,-0.17743,-0.313506,-0.166418,-0.28036,-0.337205,-0.081694,-0.396875,-0.020833,-0.271452,-0.287231
17173,-0.041183,-0.084888,-0.145831,0.05076,-0.147262,-0.210862,-0.153347,-0.261401,-0.262778,-0.018558,-0.344002,0.040374,-0.254409,-0.290414
17175,-0.032719,-0.157031,-0.273604,0.009568,-0.162797,-0.353053,-0.142921,-0.288116,-0.340317,-0.096982,-0.38653,-0.047119,-0.242554,-0.25083
17177,0.008941,-0.090276,-0.249268,-0.09066,-0.213589,-0.357819,-0.197696,-0.249548,-0.44236,-0.064511,-0.452432,-0.039882,-0.22751,-0.201986
17179,-0.032719,-0.157031,-0.273604,0.009568,-0.162797,-0.353053,-0.142921,-0.288116,-0.340317,-0.096982,-0.38653,-0.047119,-0.242554,-0.25083
17181,-0.146293,-0.3002,-0.252372,-0.225043,-0.303178,-0.362682,-0.013721,-0.404627,-0.416477,-0.261653,-0.433994,-0.081524,-0.174787,-0.631085
17183,0.038791,-0.110578,-0.15012,0.058122,-0.066022,-0.265314,-0.084289,-0.159852,-0.202596,-0.024556,-0.287682,0.037197,-0.175861,-0.151558
17185,-0.023351,-0.08666,-0.088018,0.096589,-0.102462,-0.147766,-0.116778,-0.250197,-0.191463,0.029289,-0.280784,0.075293,-0.208468,-0.257195
17187,-0.032719,-0.157031,-0.273604,0.009568,-0.162797,-0.353053,-0.142921,-0.288116,-0.340317,-0.096982,-0.38653,-0.047119,-0.242554,-0.25083
17189,-0.059015,-0.083115,-0.203645,0.004931,-0.192062,-0.273958,-0.189916,-0.272605,-0.334093,-0.066405,-0.40722,0.005454,-0.30035,-0.323632
17191,-0.023351,-0.08666,-0.088018,0.096589,-0.102462,-0.147766,-0.116778,-0.250197,-0.191463,0.029289,-0.280784,0.075293,-0.208468,-0.257195
17193,-0.013384,-0.080066,-0.062491,0.089763,-0.095154,-0.129393,-0.1066,-0.21483,-0.173504,-0.00761,-0.251409,0.064094,-0.230583,-0.271098
17195,-0.011889,-0.123653,-0.261436,-0.040546,-0.188193,-0.355436,-0.170308,-0.268832,-0.391339,-0.080747,-0.419481,-0.043501,-0.235032,-0.226408
17197,0.037729,-0.120161,-0.176451,0.016426,-0.091227,-0.275481,-0.113539,-0.19115,-0.273941,-0.041834,-0.356983,-0.008141,-0.19226,-0.194479
17199,-0.074855,-0.186836,-0.144668,-0.071053,-0.195512,-0.236851,-0.055071,-0.292045,-0.286011,-0.153081,-0.328013,-0.014314,-0.213742,-0.458042
17201,0.008941,-0.090276,-0.249268,-0.09066,-0.213589,-0.357819,-0.197696,-0.249548,-0.44236,-0.064511,-0.452432,-0.039882,-0.22751,-0.201986
17203,-0.032719,-0.157031,-0.273604,0.009568,-0.162797,-0.353053,-0.142921,-0.288116,-0.340317,-0.096982,-0.38653,-0.047119,-0.242554,-0.25083
18001,-0.052247,-0.117245,-0.129665,-0.003867,0.006711,-0.251617,0.000962,-0.261956,-0.20548,0.024619,-0.229759,0.060071,-0.231659,-0.140604
18003,-0.052247,-0.117245,-0.129665,-0.003867,0.006711,-0.251617,0.000962,-0.261956,-0.20548,0.024619,-0.229759,0.060071,-0.231659,-0.140604
18005,-0.058355,-0.022392,-0.126853,0.099017,-0.050131,-0.103906,-0.074727,-0.277428,-0.149456,0.082438,-0.202966,-0.008331,-0.133572,-0.203272
18007,-0.014708,-0.103316,-0.181808,0.022723,-0.058473,-0.306628,-0.057706,-0.185747,-0.220471,-0.047514,-0.283121,0.042426,-0.203351,-0.144581
18009,-0.052247,-0.117245,-0.129665,-0.003867,0.006711,-0.251617,0.000962,-0.261956,-0.20548,0.024619,-0.229759,0.060071,-0.231659,-0.140604
18011,-0.033478,-0.11028,-0.155736,0.009428,-0.025881,-0.279122,-0.028372,-0.223852,-0.212976,-0.011448,-0.25644,0.051248,-0.217505,-0.142593
18013,-0.060714,-0.048989,-0.11874,0.085314,-0.066448,-0.137891,-0.076129,-0.269353,-0.172912,0.047992,-0.236861,0.038536,-0.171837,-0.224848
18015,-0.014708,-0.103316,-0.181808,0.022723,-0.058473,-0.306628,-0.057706,-0.185747,-0.220471,-0.047514,-0.283121,0.042426,-0.203351,-0.144581
18017,-0.033478,-0.11028,-0.155736,0.009428,-0.025881,-0.279122,-0.028372,-0.223852,-0.212976,-0.011448,-0.25644,0.051248,-0.217505,-0.142593
18019,-0.058355,-0.022392,-0.126853,0.099017,-0.050131,-0.103906,-0.074727,-0.277428,-0.149456,0.082438,-0.202966,-0.008331,-0.133572,-0.203272
18021,-0.063072,-0.075586,-0.110627,0.071611,-0.082765,-0.171875,-0.077531,-0.261278,-0.196369,0.013547,-0.270755,0.085402,-0.210102,-0.246424
18023,-0.033478,-0.11028,-0.155736,0.009428,-0.025881,-0.279122,-0.028372,-0.223852,-0.212976,-0.011448,-0.25644,0.051248,-0.217505,-0.142593
18025,-0.060714,-0.048989,-0.11874,0.085314,-0.066448,-0.137891,-0.076129,-0.269353,-0.172912,0.047992,-0.236861,0.038536,-0.171837,-0.224848
18027,-0.063072,-0.075586,-0.110627,0.071611,-0.082765,-0.171875,-0.077531,-0.261278,-0.196369,0.013547,-0.270755,0.085402,-0.210102,-0.246424
18029,-0.058355,-0.022392,-0.126853,0.099017,-0.050131,-0.103906,-0.074727,-0.277428,-0.149456,0.082438,-0.202966,-0.008331,-0.133572,-0.203272
18031,-0.058355,-0.022392,-0.126853,0.099017,-0.050131,-0.103906,-0.074727,-0.277428,-0.149456,0.082438,-0.202966,-0.008331,-0.133572,-0.203272
18033,-0.052247,-0.117245,-0.129665,-0.003867,0.006711,-0.251617,0.000962,-0.261956,-0.20548,0.024619,-0.229759,0.060071,-0.231659,-0.140604
18035,-0.052247,-0.117245,-0.129665,-0.003867,0.006711,-0.251617,0.000962,-0.261956,-0.20548,0.024619,-0.229759,0.060071,-0.231659,-0.140604
18037,-0.063072,-0.075586,-0.110627,0.071611,-0.082765,-0.171875,-0.077531,-0.261278,-0.196369,0.013547,-0.270755,0.085402,-0.210102,-0.246424
18039,-0.054568,-0.129513,-0.171109,-0.048956,-0.040575,-0.30497,-0.093781,-0.2929,-0.312642,-0.041772,-0.244209,0.018327,-0.242629,-0.186962
18041,-0.058355,-0.022392,-0.126853,0.099017,-0.050131,-0.103906,-0.074727,-0.277428,-0.149456,0.082438,-0.202966,-0.008331,-0.133572,-0.203272
18043,-0.058355,-0.022392,-0.126853,0.099017,-0.050131,-0.103906,-0.074727,-0.277428,-0.149456,0.082438,-0.202966,-0.008331,-0.133572,-0.203272
18045,-0.014708,-0.103316,-0.181808,0.022723,-0.058473,-0.306628,-0.057706,-0.185747,-0.220471,-0.047514,-0.283121,0.042426,-0.203351,-0.144581
18047,-0.058355,-0.022392,-0.126853,0.099017,-0.050131,-0.103906,-0.074727,-0.277428,-0.149456,0.082438,-0.202966,-0.008331,-0.133572,-0.203272
18049,-0.033478,-0.11028,-0.155736,0.009428,-0.025881,-0.279122,-0.028372,-0.223852,-0.212976,-0.011448,-0.25644,0.051248,-0.217505,-0.142593
18051,-0.063072,-0.075586,-0.110627,0.071611,-0.082765,-0.171875,-0.077531,-0.261278,-0.196369,0.013547,-0.270755,0.085402,-0.210102,-0.246424
18053,-0.052247,-0.117245,-0.129665,-0.003867,0.006711,-0.251617,0.000962,-0.261956,-0.20548,0.024619,-0.229759,0.060071,-0.231659,-0.140604
18055,-0.063072,-0.075586,-0.110627,0.071611,-0.082765,-0.171875,-0.077531,-0.261278,-0.196369,0.013547,-0.270755,0.085402,-0.210102,-0.246424
18057,-0.052247,-0.117245,-0.129665,-0.003867,0.006711,-0.251617,0.000962,-0.261956,-0.20548,0.024619,-0.229759,0.060071,-0.231659,-0.140604
18059,-0.055301,-0.069818,-0.128259,0.047575,-0.02171,-0.177762,-0.036883,-0.269692,-0.177468,0.053528,-0.216363,0.02587,-0.182616,-0.171938
18061,-0.060714,-0.048989,-0.11874,0.085314,-0.066448,-0.137891,-0.076129,-0.269353,-0.172912,0.047992,-0.236861,0.038536,-0.171837,-0.224848
18063,-0.03889,-0.089451,-0.146218,0.047167,-0.070619,-0.239251,-0.067619,-0.223513,-0.20842,-0.016984,-0.276938,0.063914,-0.206727,-0.195503
18065,-0.055301,-0.069818,-0.128259,0.047575,-0.02171,-0.177762,-0.036883,-0.269692,-0.177468,0.053528,-0.216363,0.02587,-0.182616,-0.171938
18067,-0.033478,-0.11028,-0.155736,0.009428,-0.025881,-0.279122,-0.028372,-0.223852,-0.212976,-0.011448,-0.25644,0.051248,-0.217505,-0.142593
18069,-0.052247,-0.117245,-0.129665,-0.003867,0.006711,-0.251617,0.000962,-0.261956,-0.20548,0.024619,-0.229759,0.060071,-0.231659,-0.140604
18071,-0.060714,-0.048989,-0.11874,0.085314,-0.066448,-0.137891,-0.076129,-0.269353,-0.172912,0.047992,-0.236861,0.038536,-0.171837,-0.224848
18073,-0.014708,-0.103316,-0.181808,0.022723,-0.058473,-0.306628,-0.057706,-0.185747,-0.220471,-0.047514,-0.283121,0.042426,-0.203351,-0.144581
18075,-0.052247,-0.117245,-0.129665,-0.003867,0.006711,-0.251617,0.000962,-0.261956,-0.20548,0.024619,-0.229759,0.060071,-0.231659,-0.140604
18077,-0.058355,-0.022392,-0.126853,0.099017,-0.050131,-0.103906,-0.074727,-0.277428,-0.149456,0.082438,-0.202966,-0.008331,-0.133572,-0.203272
18079,-0.058355,-0.022392,-0.126853,0.099017,-0.050131,-0.103906,-0.074727,-0.277428,-0.149456,0.082438,-0.202966,-0.008331,-0.133572,-0.203272
18081,-0.060714,-0.048989,-0.11874,0.085314,-0.066448,-0.137891,-0.076129,-0.269353,-0.172912,0.047992,-0.236861,0.038536,-0.171837,-0.224848
18083,-0.063072,-0.075586,-0.110627,0.071611,-0.082765,-0.171875,-0.077531,-0.261278,-0.196369,0.013547,-0.270755,0.085402,-0.210102,-0.246424
18085,-0.052247,-0.117245,-0.129665,-0.003867,0.006711,-0.251617,0.000962,-0.261956,-0.20548,0.024619,-0.229759,0.060071,-0.231659,-0.140604
18087,-0.054568,-0.129513,-0.171109,-0.048956,-0.040575,-0.30497,-0.093781,-0.2929,-0.312642,-0.041772,-0.244209,0.018327,-0.242629,-0.186962
18089,-0.009379,-0.114177,-0.194468,-0.009316,-0.071139,-0.31158,-0.082935,-0.202998,-0.286436,-0.062956,-0.337498,-0.001239,-0.21807,-0.18481
18091,-0.009379,-0.114177,-0.194468,-0.009316,-0.071139,-0.31158,-0.082935,-0.202998,-0.286436,-0.062956,-0.337498,-0.001239,-0.21807,-0.18481
18093,-0.063072,-0.075586,-0.110627,0.071611,-0.082765,-0.171875,-0.077531,-0.261278,-0.196369,0.013547,-0.270755,0.085402,-0.210102,-0.246424
18095,-0.052247,-0.117245,-0.129665,-0.003867,0.006711,-0.251617,0.000962,-0.261956,-0.20548,0.024619,-0.229759,0.060071,-0.231659,-0.140604
18097,-0.047096,-0.079634,-0.137238,0.047371,-0.046164,-0.208507,-0.052251,-0.246602,-0.192944,0.018272,-0.24665,0.044892,-0.194671,-0.18372
18099,-0.033478,-0.11028,-0.155736,0.009428,-0.025881,-0.279122,-0.028372,-0.223852,-0.212976,-0.011448,-0.25644,0.051248,-0.217505,-0.142593
18101,-0.063072,-0.075586,-0.110627,0.071611,-0.082765,-0.171875,-0.077531,-0.261278,-0.196369,0.013547,-0.270755,0.085402,-0.210102,-0.246424
18103,-0.052247,-0.117245,-0.129665,-0.003867,0.006711,-0.251617,0.000962,-0.261956,-0.20548,0.024619,-0.229759,0.060071,-0.231659,-0.140604
18105,-0.063072,-0.075586,-0.110627,0.071611,-0.082765,-0.171875,-0.077531,-0.261278,-0.196369,0.013547,-0.270755,0.085402,-0.210102,-0.246424
18107,-0.014708,-0.103316,-0.181808,0.022723,-0.058473,-0.306628,-0.057706,-0.185747,-0.220471,-0.047514,-0.283121,0.042426,-0.203351,-0.144581
18109,-0.060714,-0.048989,-0.11874,0.085314,-0.066448,-0.137891,-0.076129,-0.269353,-0.172912,0.047992,-0.236861,0.038536,-0.171837,-0.224848
18111,-0.014708,-0.103316,-0.181808,0.022723,-0.058473,-0.306628,-0.057706,-0.185747,-0.220471,-0.047514,-0.283121,0.042426,-0.203351,-0.144581
18113,-0.052247,-0.117245,-0.129665,-0.003867,0.006711,-0.251617,0.000962,-0.261956,-0.20548,0.024619,-0.229759,0.060071,-0.231659,-0.140604
18115,-0.058355,-0.022392,-0.126853,0.099017,-0.050131,-0.103906,-0.074727,-0.277428,-0.149456,0.082438,-0.202966,-0.008331,-0.133572,-0.203272
18117,-0.063072,-0.075586,-0.110627,0.071611,-0.082765,-0.171875,-0.077531,-0.261278,-0.196369,0.013547,-0.270755,0.085402,-0.210102,-0.246424
18119,-0.063072,-0.075586,-0.110627,0.071611,-0.082765,-0.171875,-0.077531,-0.261278,-0.196369,0.013547,-0.270755,0.085402,-0.210102,-0.246424
18121,-0.03889,-0.089451,-0.146218,0.047167,-0.070619,-0.239251,-0.067619,-0.223513,-0.20842,-0.016984,-0.276938,0.063914,-0.206727,-0.195503
18123,-0.049521,-0.073875,-0.085465,0.059626,-0.07832,-0.152183,-0.071057,-0.225358,-0.176407,-0.016935,-0.238114,0.071844,-0.230273,-0.267428
18125,-0.063072,-0.075586,-0.110627,0.071611,-0.082765,-0.171875,-0.077531,-0.261278,-0.196369,0.013547,-0.270755,0.085402,-0.210102,-0.246424
18127,-0.009379,-0.114177,-0.194468,-0.009316,-0.071139,-0.31158,-0.082935,-0.202998,-0.286436,-0.062956,-0.337498,-0.001239,-0.21807,-0.18481
18129,-0.049521,-0.073875,-0.085465,0.059626,-0.07832,-0.152183,-0.071057,-0.225358,-0.176407,-0.016935,-0.238114,0.071844,-0.230273,-0.267428
18131,-0.014708,-0.103316,-0.181808,0.022723,-0.058473,-0.306628,-0.057706,-0.185747,-0.220471,-0.047514,-0.283121,0.042426,-0.203351,-0.144581
18133,-0.03889,-0.089451,-0.146218,0.047167,-0.070619,-0.239251,-0.067619,-0.223513,-0.20842,-0.016984,-0.276938,0.063914,-0.206727,-0.195503
18135,-0.052247,-0.117245,-0.129665,-0.003867,0.006711,-0.251617,0.000962,-0.261956,-0.20548,0.024619,-0.229759,0.060071,-0.231659,-0.140604
18137,-0.058355,-0.022392,-0.126853,0.099017,-0.050131,-0.103906,-0.074727,-0.277428,-0.149456,0.082438,-0.202966,-0.008331,-0.133572,-0.203272
18139,-0.058355,-0.022392,-0.126853,0.099017,-0.050131,-0.103906,-0.074727,-0.277428,-0.149456,0.082438,-0.202966,-0.008331,-0.133572,-0.203272
18141,-0.031973,-0.121845,-0.182789,-0.029136,-0.055857,-0.308275,-0.088358,-0.247949,-0.299539,-0.052364,-0.290853,0.008544,-0.23035,-0.185886
18143,-0.058355,-0.022392,-0.126853,0.099017,-0.050131,-0.103906,-0.074727,-0.277428,-0.149456,0.082438,-0.202966,-0.008331,-0.133572,-0.203272
18145,-0.058355,-0.022392,-0.126853,0.099017,-0.050131,-0.103906,-0.074727,-0.277428,-0.149456,0.082438,-0.202966,-0.008331,-0.133572,-0.203272
18147,-0.049521,-0.073875,-0.085465,0.059626,-0.07832,-0.152183,-0.071057,-0.225358,-0.176407,-0.016935,-0.238114,0.071844,-0.230273,-0.267428
18149,-0.014708,-0.103316,-0.181808,0.022723,-0.058473,-0.306628,-0.057706,-0.185747,-0.220471,-0.047514,-0.283121,0.042426,-0.203351,-0.144581
18151,-0.054568,-0.129513,-0.171109,-0.048956,-0.040575,-0.30497,-0.093781,-0.2929,-0.312642,-0.041772,-0.244209,0.018327,-0.242629,-0.186962
18153,-0.063072,-0.075586,-0.110627,0.071611,-0.082765,-0.171875,-0.077531,-0.261278,-0.196369,0.013547,-0.270755,0.085402,-0.210102,-0.246424
18155,-0.058355,-0.022392,-0.126853,0.099017,-0.050131,-0.103906,-0.074727,-0.277428,-0.149456,0.082438,-0.202966,-0.008331,-0.133572,-0.203272
18157,-0.014708,-0.103316,-0.181808,0.022723,-0.058473,-0.306628,-0.057706,-0.185747,-0.220471,-0.047514,-0.283121,0.042426,-0.203351,-0.144581
18159,-0.052247,-0.117245,-0.129665,-0.003867,0.006711,-0.251617,0.000962,-0.261956,-0.20548,0.024619,-0.229759,0.060071,-0.231659,-0.140604
18161,-0.058355,-0.022392,-0.126853,0.099017,-0.050131,-0.103906,-0.074727,-0.277428,-0.149456,0.082438,-0.202966,-0.008331,-0.133572,-0.203272
18163,-0.049521,-0.073875,-0.085465,0.059626,-0.07832,-0.152183,-0.071057,-0.225358,-0.176407,-0.016935,-0.238114,0.071844,-0.230273,-0.267428
18165,-0.03889,-0.089451,-0.146218,0.047167,-0.070619,-0.239251,-0.067619,-0.223513,-0.20842,-0.016984,-0.276938,0.063914,-0.206727,-0.195503
18167,-0.063072,-0.075586,-0.110627,0.071611,-0.082765,-0.171875,-0.077531,-0.261278,-0.196369,0.013547,-0.270755,0.085402,-0.210102,-0.246424
18169,-0.052247,-0.117245,-0.129665,-0.003867,0.006711,-0.251617,0.000962,-0.261956,-0.20548,0.024619,-0.229759,0.060071,-0.231659,-0.140604
18171,-0.014708,-0.103316,-0.181808,0.022723,-0.058473,-0.306628,-0.057706,-0.185747,-0.220471,-0.047514,-0.283121,0.042426,-0.203351,-0.144581
18173,-0.049521,-0.073875,-0.085465,0.059626,-0.07832,-0.152183,-0.071057,-0.225358,-0.176407,-0.016935,-0.238114,0.071844,-0.230273,-0.267428
18175,-0.060714,-0.048989,-0.11874,0.085314,-0.066448,-0.137891,-0.076129,-0.269353,-0.172912,0.047992,-0.236861,0.038536,-0.171837,-0.224848
18177,-0.055301,-0.069818,-0.128259,0.047575,-0.02171,-0.177762,-0.036883,-0.269692,-0.177468,0.053528,-0.216363,0.02587,-0.182616,-0.171938
18179,-0.052247,-0.117245,-0.129665,-0.003867,0.006711,-0.251617,0.000962,-0.261956,-0.20548,0.024619,-0.229759,0.060071,-0.231659,-0.140604
18181,-0.014708,-0.103316,-0.181808,0.022723,-0.058473,-0.306628,-0.057706,-0.185747,-0.220471,-0.047514,-0.283121,0.042426,-0.203351,-0.144581
18183,-0.052247,-0.117245,-0.129665,-0.003867,0.006711,-0.251617,0.000962,-0.261956,-0.20548,0.024619,-0.229759,0.060071,-0.231659,-0.140604
19001,-0.166156,-0.132149,-0.22221,-0.120829,-0.188062,-0.340257,-0.178799,-0.239895,-0.397086,-0.186939,-0.413753,0.029327,-0.251073,-0.211728
19003,-0.166156,-0.132149,-0.22221,-0.120829,-0.188062,-0.340257,-0.178799,-0.239895,-0.397086,-0.186939,-0.413753,0.029327,-0.251073,-0.211728
19005,-0.010197,-0.036098,-0.251661,-0.074505,-0.145379,-0.378421,-0.144572,-0.225512,-0.393324,-0.092317,-0.405392,-0.054864,-0.225984,-0.154921
19007,-0.064972,-0.116265,-0.176751,-0.012298,-0.132189,-0.280142,-0.14515,-0.218456,-0.391113,-0.107479,-0.456404,0.066583,-0.272578,-0.150005
19009,-0.126932,-0.097277,-0.241002,-0.088417,-0.171972,-0.336019,-0.164865,-0.218685,-0.376338,-0.153495,-0.405482,-0.0634,-0.28023,-0.184909
19011,-0.006136,-0.006153,-0.249023,-0.041667,-0.094984,-0.392467,-0.114222,-0.19627,-0.356432,-0.113518,-0.372812,-0.083226,-0.21858,-0.119129
19013,-0.006136,-0.006153,-0.249023,-0.041667,-0.094984,-0.392467,-0.114222,-0.19627,-0.356432,-0.113518,-0.372812,-0.083226,-0.21858,-0.119129
19015,-0.046923,-0.034279,-0.254409,-0.048836,-0.125432,-0.362124,-0.132576,-0.196872,-0.35601,-0.116785,-0.385011,-0.119677,-0.263984,-0.138609
19017,-0.006136,-0.006153,-0.249023,-0.041667,-0.094984,-0.392467,-0.114222,-0.19627,-0.356432,-0.113518,-0.372812,-0.083226,-0.21858,-0.119129
19019,-0.006136,-0.006153,-0.249023,-0.041667,-0.094984,-0.392467,-0.114222,-0.19627,-0.356432,-0.113518,-0.372812,-0.083226,-0.21858,-0.119129
19021,-0.087709,-0.062406,-0.259795,-0.056004,-0.155881,-0.331782,-0.15093,-0.197474,-0.355589,-0.120052,-0.39721,-0.156128,-0.309388,-0.158089
19023,-0.006136,-0.006153,-0.249023,-0.041667,-0.094984,-0.392467,-0.114222,-0.19627,-0.356432,-0.113518,-0.372812,-0.083226,-0.21858,-0.119129
19025,-0.087709,-0.062406,-0.259795,-0.056004,-0.155881,-0.331782,-0.15093,-0.197474,-0.355589,-0.120052,-0.39721,-0.156128,-0.309388,-0.158089
19027,-0.087709,-0.062406,-0.259795,-0.056004,-0.155881,-0.331782,-0.15093,-0.197474,-0.355589,-0.120052,-0.39721,-0.156128,-0.309388,-0.158089
19029,-0.166156,-0.132149,-0.22221,-0.120829,-0.188062,-0.340257,-0.178799,-0.239895,-0.397086,-0.186939,-0.413753,0.029327,-0.251073,-0.211728
19031,-0.033901,-0.081312,-0.240803,-0.04381,-0.143392,-0.348349,-0.139775,-0.242245,-0.378279,-0.099493,-0.410829,-0.021133,-0.242661,-0.175407
19033,-0.006136,-0.006153,-0.249023,-0.041667,-0.094984,-0.392467,-0.114222,-0.19627,-0.356432,-0.113518,-0.372812,-0.083226,-0.21858,-0.119129
19035,-0.087709,-0.062406,-0.259795,-0.056004,-0.155881,-0.331782,-0.15093,-0.197474,-0.355589,-0.120052,-0.39721,-0.156128,-0.309388,-0.158089
19037,-0.006136,-0.006153,-0.249023,-0.041667,-0.094984,-0.392467,-0.114222,-0.19627,-0.356432,-0.113518,-0.372812,-0.083226,-0.21858,-0.119129
19039,-0.115564,-0.124207,-0.19948,-0.066563,-0.160126,-0.3102,-0.161975,-0.229176,-0.3941,-0.147209,-0.435079,0.047955,-0.261825,-0.180867
19041,-0.087709,-0.062406,-0.259795,-0.056004,-0.155881,-0.331782,-0.15093,-0.197474,-0.355589,-0.120052,-0.39721,-0.156128,-0.309388,-0.158089
19043,-0.010197,-0.036098,-0.251661,-0.074505,-0.145379,-0.378421,-0.144572,-0.225512,-0.393324,-0.092317,-0.405392,-0.054864,-0.225984,-0.154921
19045,-0.014258,-0.066043,-0.254299,-0.107343,-0.195773,-0.364375,-0.174922,-0.254753,-0.430216,-0.071116,-0.437972,-0.026502,-0.233389,-0.190713
19047,-0.087709,-0.062406,-0.259795,-0.056004,-0.155881,-0.331782,-0.15093,-0.197474,-0.355589,-0.120052,-0.39721,-0.156128,-0.309388,-0.158089
19049,-0.126932,-0.097277,-0.241002,-0.088417,-0.171972,-0.336019,-0.164865,-0.218685,-0.376338,-0.153495,-0.405482,-0.0634,-0.28023,-0.184909
19051,-0.064972,-0.116265,-0.176751,-0.012298,-0.132189,-0.280142,-0.14515,-0.218456,-0.391113,-0.107479,-0.456404,0.066583,-0.272578,-0.150005
19053,-0.115564,-0.124207,-0.19948,-0.066563,-0.160126,-0.3102,-0.161975,-0.229176,-0.3941,-0.147209,-0.435079,0.047955,-0.261825,-0.180867
19055,-0.010197,-0.036098,-0.251661,-0.074505,-0.145379,-0.378421,-0.144572,-0.225512,-0.393324,-0.092317,-0.405392,-0.054864,-0.225984,-0.154921
19057,-0.057605,-0.126526,-0.229946,-0.013114,-0.141405,-0.318278,-0.134979,-0.258977,-0.363235,-0.106668,-0.416267,0.012598,-0.259337,-0.195894
19059,-0.087709,-0.062406,-0.259795,-0.056004,-0.155881,-0.331782,-0.15093,-0.197474,-0.355589,-0.120052,-0.39721,-0.156128,-0.309388,-0.158089
19061,-0.014258,-0.066043,-0.254299,-0.107343,-0.195773,-0.364375,-0.174922,-0.254753,-0.430216,-0.071116,-0.437972,-0.026502,-0.233389,-0.190713
19063,-0.087709,-0.062406,-0.259795,-0.056004,-0.155881,-0.331782,-0.15093,-0.197474,-0.355589,-0.120052,-0.39721,-0.156128,-0.309388,-0.158089
19065,-0.006136,-0.006153,-0.249023,-0.041667,-0.094984,-0.392467,-0.114222,-0.19627,-0.356432,-0.113518,-0.372812,-0.083226,-0.21858,-0.119129
19067,-0.006136,-0.006153,-0.249023,-0.041667,-0.094984,-0.392467,-0.114222,-0.19627,-0.356432,-0.113518,-0.372812,-0.083226,-0.21858,-0.119129
19069,-0.006136,-0.006153,-0.249023,-0.041667,-0.094984,-0.392467,-0.114222,-0.19627,-0.356432,-0.113518,-0.372812,-0.083226,-0.21858,-0.119129
19071,-0.166156,-0.132149,-0.22221,-0.120829,-0.188062,-0.340257,-0.178799,-0.239895,-0.397086,-0.186939,-0.413753,0.029327,-0.251073,-0.211728
19073,-0.087709,-0.062406,-0.259795,-0.056004,-0.155881,-0.331782,-0.15093,-0.197474,-0.355589,-0.120052,-0.39721,-0.156128,-0.309388,-0.158089
19075,-0.006136,-0.006153,-0.249023,-0.041667,-0.094984,-0.392467,-0.114222,-0.19627,-0.356432,-0.113518,-0.372812,-0.083226,-0.21858,-0.119129
19077,-0.126932,-0.097277,-0.241002,-0.088417,-0.171972,-0.336019,-0.164865,-0.218685,-0.376338,-0.153495,-0.405482,-0.0634,-0.28023,-0.184909
19079,-0.046923,-0.034279,-0.254409,-0.048836,-0.125432,-0.362124,-0.132576,-0.196872,-0.35601,-0.116785,-0.385011,-0.119677,-0.263984,-0.138609
19081,-0.046923,-0.034279,-0.254409,-0.048836,-0.125432,-0.362124,-0.132576,-0.196872,-0.35601,-0.116785,-0.385011,-0.119677,-0.263984,-0.138609
19083,-0.006136,-0.006153,-0.249023,-0.041667,-0.094984,-0.392467,-0.114222,-0.19627,-0.356432,-0.113518,-0.372812,-0.083226,-0.21858,-0.119129
19085,-0.126932,-0.097277,-0.241002,-0.088417,-0.171972,-0.336019,-0.164865,-0.218685,-0.376338,-0.153495,-0.405482,-0.0634,-0.28023,-0.184909
19087,-0.064972,-0.116265,-0.176751,-0.012298,-0.132189,-0.280142,-0.14515,-0.218456,-0.391113,-0.107479,-0.456404,0.066583,-0.272578,-0.150005
19089,-0.006136,-0.006153,-0.249023,-0.041667,-0.094984,-0.392467,-0.114222,-0.19627,-0.356432,-0.113518,-0.372812,-0.083226,-0.21858,-0.119129
19091,-0.087709,-0.062406,-0.259795,-0.056004,-0.155881,-0.331782,-0.15093,-0.197474,-0.355589,-0.120052,-0.39721,-0.156128,-0.309388,-0.158089
19093,-0.087709,-0.062406,-0.259795,-0.056004,-0.155881,-0.331782,-0.15093,-0.197474,-0.355589,-0.120052,-0.39721,-0.156128,-0.309388,-0.158089
19095,-0.035554,-0.061209,-0.212887,-0.026983,-0.113587,-0.336305,-0.129686,-0.207363,-0.373773,-0.110499,-0.414608,-0.008322,-0.245579,-0.134567
19097,-0.014258,-0.066043,-0.254299,-0.107343,-0.195773,-0.364375,-0.174922,-0.254753,-0.430216,-0.071116,-0.437972,-0.026502,-0.233389,-0.190713
19099,-0.035554,-0.061209,-0.212887,-0.026983,-0.113587,-0.336305,-0.129686,-0.207363,-0.373773,-0.110499,-0.414608,-0.008322,-0.245579,-0.134567
19101,-0.064972,-0.116265,-0.176751,-0.012298,-0.132189,-0.280142,-0.14515,-0.218456,-0.391113,-0.107479,-0.456404,0.066583,-0.272578,-0.150005
19103,-0.035554,-0.061209,-0.212887,-0.026983,-0.113587,-0.336305,-0.129686,-0.207363,-0.373773,-0.110499,-0.414608,-0.008322,-0.245579,-0.134567
19105,-0.010197,-0.036098,-0.251661,-0.074505,-0.145379,-0.378421,-0.144572,-0.225512,-0.393324,-0.092317,-0.405392,-0.054864,-0.225984,-0.154921
19107,-0.064972,-0.116265,-0.176751,-0.012298,-0.132189,-0.280142,-0.14515,-0.218456,-0.391113,-0.107479,-0.456404,0.066583,-0.272578,-0.150005
19109,-0.087709,-0.062406,-0.259795,-0.056004,-0.155881,-0.331782,-0.15093,-0.197474,-0.355589,-0.120052,-0.39721,-0.156128,-0.309388,-0.158089
19111,-0.057605,-0.126526,-0.229946,-0.013114,-0.141405,-0.318278,-0.134979,-0.258977,-0.363235,-0.106668,-0.416267,0.012598,-0.259337,-0.195894
19113,-0.006136,-0.006153,-0.249023,-0.041667,-0.094984,-0.392467,-0.114222,-0.19627,-0.356432,-0.113518,-0.372812,-0.083226,-0.21858,-0.119129
19115,-0.057605,-0.126526,-0.229946,-0.013114,-0.141405,-0.318278,-0.134979,-0.258977,-0.363235,-0.106668,-0.416267,0.012598,-0.259337,-0.195894
19117,-0.064972,-0.116265,-0.176751,-0.012298,-0.132189,-0.280142,-0.14515,-0.218456,-0.391113,-0.107479,-0.456404,0.066583,-0.272578,-0.150005
19119,-0.105961,-0.116204,-0.245231,-0.072494,-0.140195,-0.33523,-0.120683,-0.169952,-0.343874,-0.107993,-0.390282,-0.145351,-0.284249,-0.165869
19121,-0.166156,-0.132149,-0.22221,-0.120829,-0.188062,-0.340257,-0.178799,-0.239895,-0.397086,-0.186939,-0.413753,0.029327,-0.251073,-0.211728
19123,-0.064972,-0.116265,-0.176751,-0.012298,-0.132189,-0.280142,-0.14515,-0.218456,-0.391113,-0.107479,-0.456404,0.066583,-0.272578,-0.150005
19125,-0.064972,-0.116265,-0.176751,-0.012298,-0.132189,-0.280142,-0.14515,-0.218456,-0.391113,-0.107479,-0.456404,0.066583,-0.272578,-0.150005
19127,-0.006136,-0.006153,-0.249023,-0.041667,-0.094984,-0.392467,-0.114222,-0.19627,-0.356432,-0.113518,-0.372812,-0.083226,-0.21858,-0.119129
19129,-0.166156,-0.132149,-0.22221,-0.120829,-0.188062,-0.340257,-0.178799,-0.239895,-0.397086,-0.186939,-0.413753,0.029327,-0.251073,-0.211728
19131,-0.006136,-0.006153,-0.249023,-0.041667,-0.094984,-0.392467,-0.114222,-0.19627,-0.356432,-0.113518,-0.372812,-0.083226,-0.21858,-0.119129
19133,-0.105961,-0.116204,-0.245231,-0.072494,-0.140195,-0.33523,-0.120683,-0.169952,-0.343874,-0.107993,-0.390282,-0.145351,-0.284249,-0.165869
19135,-0.064972,-0.116265,-0.176751,-0.012298,-0.132189,-0.280142,-0.14515,-0.218456,-0.391113,-0.107479,-0.456404,0.066583,-0.272578,-0.150005
19137,-0.166156,-0.132149,-0.22221,-0.120829,-0.188062,-0.340257,-0.178799,-0.239895,-0.397086,-0.186939,-0.413753,0.029327,-0.251073,-0.211728
19139,-0.057605,-0.126526,-0.229946,-0.013114,-0.141405,-0.318278,-0.134979,-0.258977,-0.363235,-0.106668,-0.416267,0.012598,-0.259337,-0.195894
19141,-0.087709,-0.062406,-0.259795,-0.056004,-0.155881,-0.331782,-0.15093,-0.197474,-0.355589,-0.120052,-0.39721,-0.156128,-0.309388,-0.158089
19143,-0.087709,-0.062406,-0.259795,-0.056004,-0.155881,-0.331782,-0.15093,-0.197474,-0.355589,-0.120052,-0.39721,-0.156128,-0.309388,-0.158089
19145,-0.166156,-0.132149,-0.22221,-0.120829,-0.188062,-0.340257,-0.178799,-0.239895,-0.397086,-0.186939,-0.413753,0.029327,-0.251073,-0.211728
19147,-0.087709,-0.062406,-0.259795,-0.056004,-0.155881,-0.331782,-0.15093,-0.197474,-0.355589,-0.120052,-0.39721,-0.156128,-0.309388,-0.158089
19149,-0.105961,-0.116204,-0.245231,-0.072494,-0.140195,-0.33523,-0.120683,-0.169952,-0.343874,-0.107993,-0.390282,-0.145351,-0.284249,-0.165869
19151,-0.087709,-0.062406,-0.259795,-0.056004,-0.155881,-0.331782,-0.15093,-0.197474,-0.355589,-0.120052,-0.39721,-0.156128,-0.309388,-0.158089
19153,-0.081243,-0.079243,-0.226944,-0.0577,-0.142779,-0.336162,-0.147276,-0.213024,-0.375055,-0.131997,-0.410045,-0.035861,-0.262905,-0.159738
19155,-0.166156,-0.132149,-0.22221,-0.120829,-0.188062,-0.340257,-0.178799,-0.239895,-0.397086,-0.186939,-0.413753,0.029327,-0.251073,-0.211728
19157,-0.035554,-0.061209,-0.212887,-0.026983,-0.113587,-0.336305,-0.129686,-0.207363,-0.373773,-0.110499,-0.414608,-0.008322,-0.245579,-0.134567
19159,-0.166156,-0.132149,-0.22221,-0.120829,-0.188062,-0.340257,-0.178799,-0.239895,-0.397086,-0.186939,-0.413753,0.029327,-0.251073,-0.211728
19161,-0.087709,-0.062406,-0.259795,-0.056004,-0.155881,-0.331782,-0.15093,-0.197474,-0.355589,-0.120052,-0.39721,-0.156128,-0.309388,-0.158089
19163,-0.032248,-0.101415,-0.26872,-0.060637,-0.173197,-0.360394,-0.149864,-0.277126,-0.382786,-0.088487,-0.407051,-0.033945,-0.239742,-0.216247
19165,-0.126932,-0.097277,-0.241002,-0.088417,-0.171972,-0.336019,-0.164865,-0.218685,-0.376338,-0.153495,-0.405482,-0.0634,-0.28023,-0.184909
19167,-0.105961,-0.116204,-0.245231,-0.072494,-0.140195,-0.33523,-0.120683,-0.169952,-0.343874,-0.107993,-0.390282,-0.145351,-0.284249,-0.165869
19169,-0.006136,-0.006153,-0.249023,-0.041667,-0.094984,-0.392467,-0.114222,-0.19627,-0.356432,-0.113518,-0.372812,-0.083226,-0.21858,-0.119129
19171,-0.006136,-0.006153,-0.249023,-0.041667,-0.094984,-0.392467,-0.114222,-0.19627,-0.356432,-0.113518,-0.372812,-0.083226,-0.21858,-0.119129
19173,-0.166156,-0.132149,-0.22221,-0.120829,-0.188062,-0.340257,-0.178799,-0.239895,-0.397086,-0.186939,-0.413753,0.029327,-0.251073,-0.211728
19175,-0.166156,-0.132149,-0.22221,-0.120829,-0.188062,-0.340257,-0.178799,-0.239895,-0.397086,-0.186939,-0.413753,0.029327,-0.251073,-0.211728
19177,-0.064972,-0.116265,-0.176751,-0.012298,-0.132189,-0.280142,-0.14515,-0.218456,-0.391113,-0.107479,-0.456404,0.066583,-0.272578,-0.150005
19179,-0.064972,-0.116265,-0.176751,-0.012298,-0.132189,-0.280142,-0.14515,-0.218456,-0.391113,-0.107479,-0.456404,0.066583,-0.272578,-0.150005
19181,-0.115564,-0.124207,-0.19948,-0.066563,-0.160126,-0.3102,-0.161975,-0.229176,-0.3941,-0.147209,-0.435079,0.047955,-0.261825,-0.180867
19183,-0.064972,-0.116265,-0.176751,-0.012298,-0.132189,-0.280142,-0.14515,-0.218456,-0.391113,-0.107479,-0.456404,0.066583,-0.272578,-0.150005
19185,-0.064972,-0.116265,-0.176751,-0.012298,-0.132189,-0.280142,-0.14515,-0.218456,-0.391113,-0.107479,-0.456404,0.066583,-0.272578,-0.150005
19187,-0.087709,-0.062406,-0.259795,-0.056004,-0.155881,-0.331782,-0.15093,-0.197474,-0.355589,-0.120052,-0.39721,-0.156128,-0.309388,-0.158089
19189,-0.046923,-0.034279,-0.254409,-0.048836,-0.125432,-0.362124,-0.132576,-0.196872,-0.35601,-0.116785,-0.385011,-0.119677,-0.263984,-0.138609
19191,-0.006136,-0.006153,-0.249023,-0.041667,-0.094984,-0.392467,-0.114222,-0.19627,-0.356432,-0.113518,-0.372812,-0.083226,-0.21858,-0.119129
19193,-0.105961,-0.116204,-0.245231,-0.072494,-0.140195,-0.33523,-0.120683,-0.169952,-0.343874,-0.107993,-0.390282,-0.145351,-0.284249,-0.165869
19195,-0.006136,-0.006153,-0.249023,-0.041667,-0.094984,-0.392467,-0.114222,-0.19627,-0.356432,-0.113518,-0.372812,-0.083226,-0.21858,-0.119129
19197,-0.046923,-0.034279,-0.254409,-0.048836,-0.125432,-0.362124,-0.132576,-0.196872,-0.35601,-0.116785,-0.385011,-0.119677,-0.263984,-0.138609
20001,-0.031367,-0.04813,-0.025976,-0.05029,-0.205672,-0.250641,-0.058447,-0.158448,-0.280613,-0.20751,-0.362258,0.200038,-0.24062,-0.31949
20003,0.004078,0.02015,-0.059946,0.013616,-0.16836,-0.26332,-0.0269,-0.15035,-0.214862,-0.12541,-0.346326,0.178281,-0.281278,-0.150366
20005,0.004078,0.02015,-0.059946,0.013616,-0.16836,-0.26332,-0.0269,-0.15035,-0.214862,-0.12541,-0.346326,0.178281,-0.281278,-0.150366
20007,-0.12006,-0.088958,-0.010823,-0.133735,-0.152245,-0.318125,0.054726,-0.05171,-0.248797,-0.258775,-0.337527,0.123063,-0.260503,-0.256006
20009,-0.035265,-0.017404,-0.024419,-0.038187,-0.149049,-0.188615,0.017559,-0.000254,-0.171929,-0.127488,-0.232807,0.105955,-0.098432,-0.013262
20011,-0.031367,-0.04813,-0.025976,-0.05029,-0.205672,-0.250641,-0.058447,-0.158448,-0.280613,-0.20751,-0.362258,0.200038,-0.24062,-0.31949
20013,-0.044319,-0.035003,-0.127086,-0.013893,-0.191797,-0.288845,-0.108078,-0.157338,-0.290238,-0.139203,-0.378557,0.118585,-0.255886,-0.186034
20015,-0.046997,-0.041777,-0.027563,-0.080069,-0.132381,-0.258217,-0.002407,-0.035118,-0.264485,-0.218891,-0.303674,0.119111,-0.236549,-0.166407
20017,0.010021,-0.007337,-0.005891,-0.012944,-0.15045,-0.190776,0.019066,0.012311,-0.189829,-0.139106,-0.243801,0.123119,-0.167201,-0.024374
20019,-0.085414,-0.096313,-0.020621,-0.130696,-0.178648,-0.281809,-0.056936,-0.124546,-0.342752,-0.294143,-0.370869,0.168448,-0.252929,-0.398527
20021,-0.066813,-0.116411,0.007993,-0.114197,-0.242984,-0.237962,-0.089993,-0.166546,-0.346363,-0.28961,-0.378191,0.221795,-0.199962,-0.488613
20023,-0.082364,-0.083095,-0.064809,-0.078091,-0.078131,-0.119113,-0.037876,0.000105,-0.109891,-0.14434,-0.120028,-0.038814,-0.064287,-0.116372
20025,-0.136104,-0.1017,0.02759,-0.120274,-0.190178,-0.310594,0.133331,-0.020874,-0.158454,-0.218875,-0.311506,0.131024,-0.215109,-0.203571
20027,0.010021,-0.007337,-0.005891,-0.012944,-0.15045,-0.190776,0.019066,0.012311,-0.189829,-0.139106,-0.243801,0.123119,-0.167201,-0.024374
20029,0.010021,-0.007337,-0.005891,-0.012944,-0.15045,-0.190776,0.019066,0.012311,-0.189829,-0.139106,-0.243801,0.123119,-0.167201,-0.024374
20031,0.004078,0.02015,-0.059946,0.013616,-0.16836,-0.26332,-0.0269,-0.15035,-0.214862,-0.12541,-0.346326,0.178281,-0.281278,-0.150366
20033,-0.136104,-0.1017,0.02759,-0.120274,-0.190178,-0.310594,0.133331,-0.020874,-0.158454,-0.218875,-0.311506,0.131024,-0.215109,-0.203571
20035,-0.104015,-0.076216,-0.049235,-0.147195,-0.114312,-0.325657,-0.023879,-0.082546,-0.339141,-0.298676,-0.363548,0.115102,-0.305897,-0.30844
20037,-0.066813,-0.116411,0.007993,-0.114197,-0.242984,-0.237962,-0.089993,-0.166546,-0.346363,-0.28961,-0.378191,0.221795,-0.199962,-0.488613
20039,-0.041623,-0.032396,-0.017806,-0.044687,-0.103697,-0.150425,0.000558,0.010218,-0.138076,-0.088784,-0.184654,0.049117,-0.051876,-0.038465
20041,0.010021,-0.007337,-0.005891,-0.012944,-0.15045,-0.190776,0.019066,0.012311,-0.189829,-0.139106,-0.243801,0.123119,-0.167201,-0.024374
20043,-0.044319,-0.035003,-0.127086,-0.013893,-0.191797,-0.288845,-0.108078,-0.157338,-0.290238,-0.139203,-0.378557,0.118585,-0.255886,-0.186034
20045,0.004078,0.02015,-0.059946,0.013616,-0.16836,-0.26332,-0.0269,-0.15035,-0.214862,-0.12541,-0.346326,0.178281,-0.281278,-0.150366
20047,-0.108328,-0.064585,-0.007679,-0.091852,-0.168914,-0.248524,0.074692,-0.016846,-0.156241,-0.167372,-0.26666,0.109907,-0.122387,-0.102861
20049,-0.085414,-0.096313,-0.020621,-0.130696,-0.178648,-0.281809,-0.056936,-0.124546,-0.342752,-0.294143,-0.370869,0.168448,-0.252929,-0.398527
20051,-0.080552,-0.02747,-0.042948,-0.063431,-0.147649,-0.186454,0.016052,-0.012818,-0.154028,-0.115869,-0.221814,0.08879,-0.029664,-0.00215
20053,0.010021,-0.007337,-0.005891,-0.012944,-0.15045,-0.190776,0.019066,0.012311,-0.189829,-0.139106,-0.243801,0.123119,-0.167201,-0.024374
20055,-0.108328,-0.064585,-0.007679,-0.091852,-0.168914,-0.248524,0.074692,-0.016846,-0.156241,-0.167372,-0.26666,0.109907,-0.122387,-0.102861
20057,-0.108328,-0.064585,-0.007679,-0.091852,-0.168914,-0.248524,0.074692,-0.016846,-0.156241,-0.167372,-0.26666,0.109907,-0.122387,-0.102861
20059,0.004078,0.02015,-0.059946,0.013616,-0.16836,-0.26332,-0.0269,-0.15035,-0.214862,-0.12541,-0.346326,0.178281,-0.281278,-0.150366
20061,0.010021,-0.007337,-0.005891,-0.012944,-0.15045,-0.190776,0.019066,0.012311,-0.189829,-0.139106,-0.243801,0.123119,-0.167201,-0.024374
20063,-0.080552,-0.02747,-0.042948,-0.063431,-0.147649,-0.186454,0.016052,-0.012818,-0.154028,-0.115869,-0.221814,0.08879,-0.029664,-0.00215
20065,-0.080552,-0.02747,-0.042948,-0.063431,-0.147649,-0.186454,0.016052,-0.012818,-0.154028,-0.115869,-0.221814,0.08879,-0.029664,-0.00215
20067,-0.081948,-0.085015,0.039829,-0.082316,-0.126093,-0.228102,0.058671,-0.009635,-0.088088,-0.186376,-0.214006,0.045681,-0.161102,-0.172611
20069,-0.108328,-0.064585,-0.007679,-0.091852,-0.168914,-0.248524,0.074692,-0.016846,-0.156241,-0.167372,-0.26666,0.109907,-0.122387,-0.102861
20071,-0.069414,-0.04879,-0.028639,-0.080665,-0.079213,-0.114312,-0.023772,-0.000173,-0.070724,-0.164132,-0.109863,-0.035117,-0.070171,-0.101404
20073,-0.039182,-0.044953,-0.02677,-0.06518,-0.169026,-0.254429,-0.030427,-0.096783,-0.272549,-0.213201,-0.332966,0.159574,-0.238584,-0.242949
20075,-0.048603,-0.05856,0.011715,-0.062511,-0.07061,-0.129961,-0.019881,0.000716,-0.044222,-0.159005,-0.113185,-0.03739,-0.088633,-0.121528
20077,-0.104015,-0.076216,-0.049235,-0.147195,-0.114312,-0.325657,-0.023879,-0.082546,-0.339141,-0.298676,-0.363548,0.115102,-0.305897,-0.30844
20079,0.010021,-0.007337,-0.005891,-0.012944,-0.15045,-0.190776,0.019066,0.012311,-0.189829,-0.139106,-0.243801,0.123119,-0.167201,-0.024374
20081,-0.136104,-0.1017,0.02759,-0.120274,-0.190178,-0.310594,0.133331,-0.020874,-0.158454,-0.218875,-0.311506,0.131024,-0.215109,-0.203571
20083,-0.080552,-0.02747,-0.042948,-0.063431,-0.147649,-0.186454,0.016052,-0.012818,-0.154028,-0.115869,-0.221814,0.08879,-0.029664,-0.00215
20085,0.004078,0.02015,-0.059946,0.013616,-0.16836,-0.26332,-0.0269,-0.15035,-0.214862,-0.12541,-0.346326,0.178281,-0.281278,-0.150366
20087,0.004078,0.02015,-0.059946,0.013616,-0.16836,-0.26332,-0.0269,-0.15035,-0.214862,-0.12541,-0.346326,0.178281,-0.281278,-0.150366
20089,-0.013327,0.003388,-0.076365,-0.024779,-0.168964,-0.213521,-0.012219,-0.002542,-0.221798,-0.098384,-0.307403,0.079914,-0.182038,-0.067578
20091,0.004078,0.02015,-0.059946,0.013616,-0.16836,-0.26332,-0.0269,-0.15035,-0.214862,-0.12541,-0.346326,0.178281,-0.281278,-0.150366
20093,-0.078465,-0.061573,0.002018,-0.077182,-0.119762,-0.189242,0.027405,-0.008065,-0.100232,-0.163188,-0.189923,0.036259,-0.10551,-0.112194
20095,-0.104015,-0.076216,-0.049235,-0.147195,-0.114312,-0.325657,-0.023879,-0.082546,-0.339141,-0.298676,-0.363548,0.115102,-0.305897,-0.30844
20097,-0.136104,-0.1017,0.02759,-0.120274,-0.190178,-0.310594,0.133331,-0.020874,-0.158454,-0.218875,-0.311506,0.131024,-0.215109,-0.203571
20099,-0.066813,-0.116411,0.007993,-0.114197,-0.242984,-0.237962,-0.089993,-0.166546,-0.346363,-0.28961,-0.378191,0.221795,-0.199962,-0.488613
20101,-0.080552,-0.02747,-0.042948,-0.063431,-0.147649,-0.186454,0.016052,-0.012818,-0.154028,-0.115869,-0.221814,0.08879,-0.029664,-0.00215
20103,0.004078,0.02015,-0.059946,0.013616,-0.16836,-0.26332,-0.0269,-0.15035,-0.214862,-0.12541,-0.346326,0.178281,-0.281278,-0.150366
20105,0.010021,-0.007337,-0.005891,-0.012944,-0.15045,-0.190776,0.019066,0.012311,-0.189829,-0.139106,-0.243801,0.123119,-0.167201,-0.024374
20107,0.004078,0.02015,-0.059946,0.013616,-0.16836,-0.26332,-0.0269,-0.15035,-0.214862,-0.12541,-0.346326,0.178281,-0.281278,-0.150366
20109,-0.074983,-0.03813,-0.035793,-0.072048,-0.113431,-0.150383,-0.00386,-0.006496,-0.112376,-0.140001,-0.165839,0.026836,-0.049918,-0.051777
20111,0.007049,0.006406,-0.032918,0.000336,-0.159405,-0.227048,-0.003917,-0.069019,-0.202346,-0.132258,-0.295063,0.1507,-0.224239,-0.08737
20113,0.010021,-0.007337,-0.005891,-0.012944,-0.15045,-0.190776,0.019066,0.012311,-0.189829,-0.139106,-0.243801,0.123119,-0.167201,-0.024374
20115,0.010021,-0.007337,-0.005891,-0.012944,-0.15045,-0.190776,0.019066,0.012311,-0.189829,-0.139106,-0.243801,0.123119,-0.167201,-0.024374
20117,-0.028823,-0.015807,-0.101726,-0.019336,-0.18038,-0.251183,-0.060149,-0.07994,-0.256018,-0.118794,-0.34298,0.09925,-0.218962,-0.126806
20119,-0.136104,-0.1017,0.02759,-0.120274,-0.190178,-0.310594,0.133331,-0.020874,-0.158454,-0.218875,-0.311506,0.131024,-0.215109,-0.203571
20121,0.004078,0.02015,-0.059946,0.013616,-0.16836,-0.26332,-0.0269,-0.15035,-0.214862,-0.12541,-0.346326,0.178281,-0.281278,-0.150366
20123,0.010021,-0.007337,-0.005891,-0.012944,-0.15045,-0.190776,0.019066,0.012311,-0.189829,-0.139106,-0.243801,0.123119,-0.167201,-0.024374
20125,-0.066813,-0.116411,0.007993,-0.114197,-0.242984,-0.237962,-0.089993,-0.166546,-0.346363,-0.28961,-0.378191,0.221795,-0.199962,-0.488613
20127,0.010021,-0.007337,-0.005891,-0.012944,-0.15045,-0.190776,0.019066,0.012311,-0.189829,-0.139106,-0.243801,0.123119,-0.167201,-0.024374
20129,-0.027792,-0.06833,0.052069,-0.044358,-0.062008,-0.145609,-0.01599,0.001604,-0.017721,-0.153878,-0.116507,-0.039662,-0.107094,-0.141652
20131,-0.044319,-0.035003,-0.127086,-0.013893,-0.191797,-0.288845,-0.108078,-0.157338,-0.290238,-0.139203,-0.378557,0.118585,-0.255886,-0.186034
20133,-0.066813,-0.116411,0.007993,-0.114197,-0.242984,-0.237962,-0.089993,-0.166546,-0.346363,-0.28961,-0.378191,0.221795,-0.199962,-0.488613
20135,-0.080552,-0.02747,-0.042948,-0.063431,-0.147649,-0.186454,0.016052,-0.012818,-0.154028,-0.115869,-0.221814,0.08879,-0.029664,-0.00215
20137,-0.041623,-0.032396,-0.017806,-0.044687,-0.103697,-0.150425,0.000558,0.010218,-0.138076,-0.088784,-0.184654,0.049117,-0.051876,-0.038465
20139,0.004078,0.02015,-0.059946,0.013616,-0.16836,-0.26332,-0.0269,-0.15035,-0.214862,-0.12541,-0.346326,0.178281,-0.281278,-0.150366
20141,-0.035265,-0.017404,-0.024419,-0.038187,-0.149049,-0.188615,0.017559,-0.000254,-0.171929,-0.127488,-0.232807,0.105955,-0.098432,-0.013262
20143,0.010021,-0.007337,-0.005891,-0.012944,-0.15045,-0.190776,0.019066,0.012311,-0.189829,-0.139106,-0.243801,0.123119,-0.167201,-0.024374
20145,-0.080552,-0.02747,-0.042948,-0.063431,-0.147649,-0.186454,0.016052,-0.012818,-0.154028,-0.115869,-0.221814,0.08879,-0.029664,-0.00215
20147,-0.041623,-0.032396,-0.017806,-0.044687,-0.103697,-0.150425,0.000558,0.010218,-0.138076,-0.088784,-0.184654,0.049117,-0.051876,-0.038465
20149,0.007049,0.006406,-0.032918,0.000336,-0.159405,-0.227048,-0.003917,-0.069019,-0.202346,-0.132258,-0.295063,0.1507,-0.224239,-0.08737
20151,-0.12006,-0.088958,-0.010823,-0.133735,-0.152245,-0.318125,0.054726,-0.05171,-0.248797,-0.258775,-0.337527,0.123063,-0.260503,-0.256006
20153,-0.061993,-0.057745,-0.041307,-0.061389,-0.090914,-0.134769,-0.018659,0.005162,-0.123984,-0.116562,-0.152341,0.005151,-0.058082,-0.077418
20155,-0.046997,-0.041777,-0.027563,-0.080069,-0.132381,-0.258217,-0.002407,-0.035118,-0.264485,-0.218891,-0.303674,0.119111,-0.236549,-0.166407
20157,-0.013327,0.003388,-0.076365,-0.024779,-0.168964,-0.213521,-0.012219,-0.002542,-0.221798,-0.098384,-0.307403,0.079914,-0.182038,-0.067578
20159,0.010021,-0.007337,-0.005891,-0.012944,-0.15045,-0.190776,0.019066,0.012311,-0.189829,-0.139106,-0.243801,0.123119,-0.167201,-0.024374
20161,0.010021,-0.007337,-0.005891,-0.012944,-0.15045,-0.190776,0.019066,0.012311,-0.189829,-0.139106,-0.243801,0.123119,-0.167201,-0.024374
20163,-0.080552,-0.02747,-0.042948,-0.063431,-0.147649,-0.186454,0.016052,-0.012818,-0.154028,-0.115869,-0.221814,0.08879,-0.029664,-0.00215
20165,-0.080552,-0.02747,-0.042948,-0.063431,-0.147649,-0.186454,0.016052,-0.012818,-0.154028,-0.115869,-0.221814,0.08879,-0.029664,-0.00215
20167,-0.035265,-0.017404,-0.024419,-0.038187,-0.149049,-0.188615,0.017559,-0.000254,-0.171929,-0.127488,-0.232807,0.105955,-0.098432,-0.013262
20169,0.010021,-0.007337,-0.005891,-0.012944,-0.15045,-0.190776,0.019066,0.012311,-0.189829,-0.139106,-0.243801,0.123119,-0.167201,-0.024374
20171,-0.080552,-0.02747,-0.042948,-0.063431,-0.147649,-0.186454,0.016052,-0.012818,-0.154028,-0.115869,-0.221814,0.08879,-0.029664,-0.00215
20173,-0.046997,-0.041777,-0.027563,-0.080069,-0.132381,-0.258217,-0.002407,-0.035118,-0.264485,-0.218891,-0.303674,0.119111,-0.236549,-0.166407
20175,-0.136104,-0.1017,0.02759,-0.120274,-0.190178,-0.310594,0.133331,-0.020874,-0.158454,-0.218875,-0.311506,0.131024,-0.215109,-0.203571
20177,0.004078,0.02015,-0.059946,0.013616,-0.16836,-0.26332,-0.0269,-0.15035,-0.214862,-0.12541,-0.346326,0.178281,-0.281278,-0.150366
20179,-0.080552,-0.02747,-0.042948,-0.063431,-0.147649,-0.186454,0.016052,-0.012818,-0.154028,-0.115869,-0.221814,0.08879,-0.029664,-0.00215
20181,-0.069414,-0.04879,-0.028639,-0.080665,-0.079213,-0.114312,-0.023772,-0.000173,-0.070724,-0.164132,-0.109863,-0.035117,-0.070171,-0.101404
20183,-0.027475,-0.014504,-0.047085,-0.034733,-0.136331,-0.181973,-0.005831,0.003838,-0.179937,-0.093584,-0.246029,0.064516,-0.116957,-0.053021
20185,-0.077662,-0.053181,-0.017621,-0.085961,-0.150647,-0.25337,0.036143,-0.025982,-0.210363,-0.193131,-0.285167,0.114509,-0.179468,-0.134634
20187,-0.027792,-0.06833,0.052069,-0.044358,-0.062008,-0.145609,-0.01599,0.001604,-0.017721,-0.153878,-0.116507,-0.039662,-0.107094,-0.141652
20189,-0.081948,-0.085015,0.039829,-0.082316,-0.126093,-0.228102,0.058671,-0.009635,-0.088088,-0.186376,-0.214006,0.045681,-0.161102,-0.172611
20191,-0.104015,-0.076216,-0.049235,-0.147195,-0.114312,-0.325657,-0.023879,-0.082546,-0.339141,-0.298676,-0.363548,0.115102,-0.305897,-0.30844
20193,-0.074983,-0.03813,-0.035793,-0.072048,-0.113431,-0.150383,-0.00386,-0.006496,-0.112376,-0.140001,-0.165839,0.026836,-0.049918,-0.051777
20195,-0.080552,-0.02747,-0.042948,-0.063431,-0.147649,-0.186454,0.016052,-0.012818,-0.154028,-0.115869,-0.221814,0.08879,-0.029664,-0.00215
20197,0.007049,0.006406,-0.032918,0.000336,-0.159405,-0.227048,-0.003917,-0.069019,-0.202346,-0.132258,-0.295063,0.1507,-0.224239,-0.08737
20199,-0.069414,-0.04879,-0.028639,-0.080665,-0.079213,-0.114312,-0.023772,-0.000173,-0.070724,-0.164132,-0.109863,-0.035117,-0.070171,-0.101404
20201,-0.013327,0.003388,-0.076365,-0.024779,-0.168964,-0.213521,-0.012219,-0.002542,-0.221798,-0.098384,-0.307403,0.079914,-0.182038,-0.067578
20203,-0.074983,-0.03813,-0.035793,-0.072048,-0.113431,-0.150383,-0.00386,-0.006496,-0.112376,-0.140001,-0.165839,0.026836,-0.049918,-0.051777
20205,-0.066813,-0.116411,0.007993,-0.114197,-0.242984,-0.237962,-0.089993,-0.166546,-0.346363,-0.28961,-0.378191,0.221795,-0.199962,-0.488613
20207,-0.031367,-0.04813,-0.025976,-0.05029,-0.205672,-0.250641,-0.058447,-0.158448,-0.280613,-0.20751,-0.362258,0.200038,-0.24062,-0.31949
20209,0.004078,0.02015,-0.059946,0.013616,-0.16836,-0.26332,-0.0269,-0.15035,-0.214862,-0.12541,-0.346326,0.178281,-0.281278,-0.150366
21001,-0.074825,-0.028521,-0.003277,0.091455,-0.070371,-0.065488,-0.153772,-0.165187,-0.170942,0.011558,-0.225166,-0.002787,-0.342496,-0.258264
21003,-0.038322,-0.033001,-0.005911,0.101815,-0.085525,-0.078131,-0.126016,-0.140354,-0.16963,-0.018593,-0.225866,0.02731,-0.308403,-0.27177
21005,-0.04848,-0.015559,-0.036593,0.115867,-0.08958,-0.068174,-0.142745,-0.188646,-0.164561,0.046509,-0.226056,-0.008293,-0.250447,-0.24392
21007,-0.137492,-0.266615,-0.223135,-0.18313,-0.306069,-0.338444,-0.023796,-0.336031,-0.425349,-0.261185,-0.433759,-0.069964,-0.172412,-0.644894
21009,-0.074825,-0.028521,-0.003277,0.091455,-0.070371,-0.065488,-0.153772,-0.165187,-0.170942,0.011558,-0.225166,-0.002787,-0.342496,-0.258264
21011,-0.01715,-0.005225,-0.036157,0.111946,-0.094545,-0.082248,-0.127426,-0.30624,-0.162796,0.065937,-0.194338,-0.007654,-0.097195,-0.222504
21013,-0.060373,0.001333,0.001428,0.094405,-0.049594,-0.05314,-0.13824,-0.163068,-0.160271,0.026378,-0.190847,0.003371,-0.33859,-0.22419
21015,-0.022134,-0.002598,-0.06991,0.140279,-0.108789,-0.07086,-0.131718,-0.212105,-0.158179,0.081459,-0.226947,-0.013799,-0.158398,-0.229577
21017,-0.022134,-0.002598,-0.06991,0.140279,-0.108789,-0.07086,-0.131718,-0.212105,-0.158179,0.081459,-0.226947,-0.013799,-0.158398,-0.229577
21019,-0.012165,-0.007851,-0.002404,0.083613,-0.080301,-0.093636,-0.123134,-0.400374,-0.167413,0.050415,-0.16173,-0.00151,-0.035992,-0.215431
21021,-0.074825,-0.028521,-0.003277,0.091455,-0.070371,-0.065488,-0.153772,-0.165187,-0.170942,0.011558,-0.225166,-0.002787,-0.342496,-0.258264
21023,-0.022134,-0.002598,-0.06991,0.140279,-0.108789,-0.07086,-0.131718,-0.212105,-0.158179,0.081459,-0.226947,-0.013799,-0.158398,-0.229577
21025,-0.045921,0.031186,0.006133,0.097355,-0.028817,-0.040792,-0.122708,-0.160949,-0.149599,0.041198,-0.156528,0.00953,-0.334684,-0.190117
21027,-0.034685,-0.04078,-0.025083,0.109128,-0.100338,-0.097496,-0.129989,-0.155076,-0.17928,-0.006209,-0.247296,0.043498,-0.279447,-0.272446
21029,-0.04848,-0.015559,-0.036593,0.115867,-0.08958,-0.068174,-0.142745,-0.188646,-0.164561,0.046509,-0.226056,-0.008293,-0.250447,-0.24392
21031,-0.001819,-0.037482,-0.008545,0.112175,-0.100679,-0.090774,-0.09826,-0.11552,-0.168317,-0.048744,-0.226566,0.057407,-0.274309,-0.285276
21033,-0.001819,-0.037482,-0.008545,0.112175,-0.100679,-0.090774,-0.09826,-0.11552,-0.168317,-0.048744,-0.226566,0.057407,-0.274309,-0.285276
21035,-0.001819,-0.037482,-0.008545,0.112175,-0.100679,-0.090774,-0.09826,-0.11552,-0.168317,-0.048744,-0.226566,0.057407,-0.274309,-0.285276
21037,-0.022134,-0.002598,-0.06991,0.140279,-0.108789,-0.07086,-0.131718,-0.212105,-0.158179,0.081459,-0.226947,-0.013799,-0.158398,-0.229577
21039,-0.137492,-0.266615,-0.223135,-0.18313,-0.306069,-0.338444,-0.023796,-0.336031,-0.425349,-0.261185,-0.433759,-0.069964,-0.172412,-0.644894
21041,-0.022134,-0.002598,-0.06991,0.140279,-0.108789,-0.07086,-0.131718,-0.212105,-0.158179,0.081459,-0.226947,-0.013799,-0.158398,-0.229577
21043,-0.012165,-0.007851,-0.002404,0.083613,-0.080301,-0.093636,-0.123134,-0.400374,-0.167413,0.050415,-0.16173,-0.00151,-0.035992,-0.215431
21045,-0.074825,-0.028521,-0.003277,0.091455,-0.070371,-0.065488,-0.153772,-0.165187,-0.170942,0.011558,-0.225166,-0.002787,-0.342496,-0.258264
21047,-0.001819,-0.037482,-0.008545,0.112175,-0.100679,-0.090774,-0.09826,-0.11552,-0.168317,-0.048744,-0.226566,0.057407,-0.274309,-0.285276
21049,-0.04848,-0.015559,-0.036593,0.115867,-0.08958,-0.068174,-0.142745,-0.188646,-0.164561,0.046509,-0.226056,-0.008293,-0.250447,-0.24392
21051,-0.060373,0.001333,0.001428,0.094405,-0.049594,-0.05314,-0.13824,-0.163068,-0.160271,0.026378,-0.190847,0.003371,-0.33859,-0.22419
21053,-0.074825,-0.028521,-0.003277,0.091455,-0.070371,-0.065488,-0.153772,-0.165187,-0.170942,0.011558,-0.225166,-0.002787,-0.342496,-0.258264
21055,-0.001819,-0.037482,-0.008545,0.112175,-0.100679,-0.090774,-0.09826,-0.11552,-0.168317,-0.048744,-0.226566,0.057407,-0.274309,-0.285276
21057,-0.074825,-0.028521,-0.003277,0.091455,-0.070371,-0.065488,-0.153772,-0.165187,-0.170942,0.011558,-0.225166,-0.002787,-0.342496,-0.258264
21059,-0.014615,-0.04691,-0.035985,0.117965,-0.115321,-0.113501,-0.118098,-0.150021,-0.183448,-0.015093,-0.258361,0.066641,-0.247922,-0.279537
21061,-0.038322,-0.033001,-0.005911,0.101815,-0.085525,-0.078131,-0.126016,-0.140354,-0.16963,-0.018593,-0.225866,0.02731,-0.308403,-0.27177
21063,-0.012165,-0.007851,-0.002404,0.083613,-0.080301,-0.093636,-0.123134,-0.400374,-0.167413,0.050415,-0.16173,-0.00151,-0.035992,-0.215431
21065,-0.060373,0.001333,0.001428,0.094405,-0.049594,-0.05314,-0.13824,-0.163068,-0.160271,0.026378,-0.190847,0.003371,-0.33859,-0.22419
21067,-0.04848,-0.015559,-0.036593,0.115867,-0.08958,-0.068174,-0.142745,-0.188646,-0.164561,0.046509,-0.226056,-0.008293,-0.250447,-0.24392
21069,-0.01715,-0.005225,-0.036157,0.111946,-0.094545,-0.082248,-0.127426,-0.30624,-0.162796,0.065937,-0.194338,-0.007654,-0.097195,-0.222504
21071,-0.045921,0.031186,0.006133,0.097355,-0.028817,-0.040792,-0.122708,-0.160949,-0.149599,0.041198,-0.156528,0.00953,-0.334684,-0.190117
21073,-0.022134,-0.002598,-0.06991,0.140279,-0.108789,-0.07086,-0.131718,-0.212105,-0.158179,0.081459,-0.226947,-0.013799,-0.158398,-0.229577
21075,-0.137492,-0.266615,-0.223135,-0.18313,-0.306069,-0.338444,-0.023796,-0.336031,-0.425349,-0.261185,-0.433759,-0.069964,-0.172412,-0.644894
21077,-0.022134,-0.002598,-0.06991,0.140279,-0.108789,-0.07086,-0.131718,-0.212105,-0.158179,0.081459,-0.226947,-0.013799,-0.158398,-0.229577
21079,-0.074825,-0.028521,-0.003277,0.091455,-0.070371,-0.065488,-0.153772,-0.165187,-0.170942,0.011558,-0.225166,-0.002787,-0.342496,-0.258264
21081,-0.022134,-0.002598,-0.06991,0.140279,-0.108789,-0.07086,-0.131718,-0.212105,-0.158179,0.081459,-0.226947,-0.013799,-0.158398,-0.229577
21083,-0.069656,-0.152048,-0.11584,-0.035478,-0.203374,-0.214609,-0.061028,-0.225776,-0.296833,-0.154965,-0.330162,-0.006279,-0.223361,-0.465085
21085,-0.038322,-0.033001,-0.005911,0.101815,-0.085525,-0.078131,-0.126016,-0.140354,-0.16963,-0.018593,-0.225866,0.02731,-0.308403,-0.27177
21087,-0.074825,-0.028521,-0.003277,0.091455,-0.070371,-0.065488,-0.153772,-0.165187,-0.170942,0.011558,-0.225166,-0.002787,-0.342496,-0.258264
21089,-0.012165,-0.007851,-0.002404,0.083613,-0.080301,-0.093636,-0.123134,-0.400374,-0.167413,0.050415,-0.16173,-0.00151,-0.035992,-0.215431
21091,-0.014615,-0.04691,-0.035985,0.117965,-0.115321,-0.113501,-0.118098,-0.150021,-0.183448,-0.015093,-0.258361,0.066641,-0.247922,-0.279537
21093,-0.032926,-0.022867,-0.027244,0.114636,-0.09328,-0.075708,-0.127917,-0.164271,-0.165813,0.014758,-0.226226,0.013607,-0.258401,-0.257705
21095,-0.045921,0.031186,0.006133,0.097355,-0.028817,-0.040792,-0.122708,-0.160949,-0.149599,0.041198,-0.156528,0.00953,-0.334684,-0.190117
21097,-0.022134,-0.002598,-0.06991,0.140279,-0.108789,-0.07086,-0.131718,-0.212105,-0.158179,0.081459,-0.226947,-0.013799,-0.158398,-0.229577
21099,-0.074825,-0.028521,-0.003277,0.091455,-0.070371,-0.065488,-0.153772,-0.165187,-0.170942,0.011558,-0.225166,-0.002787,-0.342496,-0.258264
21101,-0.014615,-0.04691,-0.035985,0.117965,-0.115321,-0.113501,-0.118098,-0.150021,-0.183448,-0.015093,-0.258361,0.066641,-0.247922,-0.279537
21103,-0.022134,-0.002598,-0.06991,0.140279,-0.108789,-0.07086,-0.131718,-0.212105,-0.158179,0.081459,-0.226947,-0.013799,-0.158398,-0.229577
21105,-0.137492,-0.266615,-0.223135,-0.18313,-0.306069,-0.338444,-0.023796,-0.336031,-0.425349,-0.261185,-0.433759,-0.069964,-0.172412,-0.644894
21107,-0.001819,-0.037482,-0.008545,0.112175,-0.100679,-0.090774,-0.09826,-0.11552,-0.168317,-0.048744,-0.226566,0.057407,-0.274309,-0.285276
21109,-0.074825,-0.028521,-0.003277,0.091455,-0.070371,-0.065488,-0.153772,-0.165187,-0.170942,0.011558,-0.225166,-0.002787,-0.342496,-0.258264
21111,-0.022134,-0.002598,-0.06991,0.140279,-0.108789,-0.07086,-0.131718,-0.212105,-0.158179,0.081459,-0.226947,-0.013799,-0.158398,-0.229577
21113,-0.04848,-0.015559,-0.036593,0.115867,-0.08958,-0.068174,-0.142745,-0.188646,-0.164561,0.046509,-0.226056,-0.008293,-0.250447,-0.24392
21115,-0.029043,0.011667,0.001865,0.090484,-0.054559,-0.067214,-0.122921,-0.280661,-0.158506,0.045806,-0.159129,0.00401,-0.185338,-0.202774
21117,-0.022134,-0.002598,-0.06991,0.140279,-0.108789,-0.07086,-0.131718,-0.212105,-0.158179,0.081459,-0.226947,-0.013799,-0.158398,-0.229577
21119,-0.045921,0.031186,0.006133,0.097355,-0.028817,-0.040792,-0.122708,-0.160949,-0.149599,0.041198,-0.156528,0.00953,-0.334684,-0.190117
21121,-0.060373,0.001333,0.001428,0.094405,-0.049594,-0.05314,-0.13824,-0.163068,-0.160271,0.026378,-0.190847,0.003371,-0.33859,-0.22419
21123,-0.074825,-0.028521,-0.003277,0.091455,-0.070371,-0.065488,-0.153772,-0.165187,-0.170942,0.011558,-0.225166,-0.002787,-0.342496,-0.258264
21125,-0.074825,-0.028521,-0.003277,0.091455,-0.070371,-0.065488,-0.153772,-0.165187,-0.170942,0.011558,-0.225166,-0.002787,-0.342496,-0.258264
21127,-0.029043,0.011667,0.001865,0.090484,-0.054559,-0.067214,-0.122921,-0.280661,-0.158506,0.045806,-0.159129,0.00401,-0.185338,-0.202774
21129,-0.060373,0.001333,0.001428,0.094405,-0.049594,-0.05314,-0.13824,-0.163068,-0.160271,0.026378,-0.190847,0.003371,-0.33859,-0.22419
21131,-0.045921,0.031186,0.006133,0.097355,-0.028817,-0.040792,-0.122708,-0.160949,-0.149599,0.041198,-0.156528,0.00953,-0.334684,-0.190117
21133,-0.045921,0.031186,0.006133,0.097355,-0.028817,-0.040792,-0.122708,-0.160949,-0.149599,0.041198,-0.156528,0.00953,-0.334684,-0.190117
21135,-0.012165,-0.007851,-0.002404,0.083613,-0.080301,-0.093636,-0.123134,-0.400374,-0.167413,0.050415,-0.16173,-0.00151,-0.035992,-0.215431
21137,-0.074825,-0.028521,-0.003277,0.091455,-0.070371,-0.065488,-0.153772,-0.165187,-0.170942,0.011558,-0.225166,-0.002787,-0.342496,-0.258264
21139,-0.001819,-0.037482,-0.008545,0.112175,-0.100679,-0.090774,-0.09826,-0.11552,-0.168317,-0.048744,-0.226566,0.057407,-0.274309,-0.285276
21141,-0.001819,-0.037482,-0.008545,0.112175,-0.100679,-0.090774,-0.09826,-0.11552,-0.168317,-0.048744,-0.226566,0.057407,-0.274309,-0.285276
21143,-0.001819,-0.037482,-0.008545,0.112175,-0.100679,-0.090774,-0.09826,-0.11552,-0.168317,-0.048744,-0.226566,0.057407,-0.274309,-0.285276
21145,-0.069656,-0.152048,-0.11584,-0.035478,-0.203374,-0.214609,-0.061028,-0.225776,-0.296833,-0.154965,-0.330162,-0.006279,-0.223361,-0.465085
21147,-0.074825,-0.028521,-0.003277,0.091455,-0.070371,-0.065488,-0.153772,-0.165187,-0.170942,0.011558,-0.225166,-0.002787,-0.342496,-0.258264
21149,-0.001819,-0.037482,-0.008545,0.112175,-0.100679,-0.090774,-0.09826,-0.11552,-0.168317,-0.048744,-0.226566,0.057407,-0.274309,-0.285276
21151,-0.04848,-0.015559,-0.036593,0.115867,-0.08958,-0.068174,-0.142745,-0.188646,-0.164561,0.046509,-0.226056,-0.008293,-0.250447,-0.24392
21153,-0.045921,0.031186,0.006133,0.097355,-0.028817,-0.040792,-0.122708,-0.160949,-0.149599,0.041198,-0.156528,0.00953,-0.334684,-0.190117
21155,-0.074825,-0.028521,-0.003277,0.091455,-0.070371,-0.065488,-0.153772,-0.165187,-0.170942,0.011558,-0.225166,-0.002787,-0.342496,-0.258264
21157,-0.001819,-0.037482,-0.008545,0.112175,-0.100679,-0.090774,-0.09826,-0.11552,-0.168317,-0.048744,-0.226566,0.057407,-0.274309,-0.285276
21159,-0.029043,0.011667,0.001865,0.090484,-0.054559,-0.067214,-0.122921,-0.280661,-0.158506,0.045806,-0.159129,0.00401,-0.185338,-0.202774
21161,-0.01715,-0.005225,-0.036157,0.111946,-0.094545,-0.082248,-0.127426,-0.30624,-0.162796,0.065937,-0.194338,-0.007654,-0.097195,-0.222504
21163,-0.031547,-0.031234,-0.036289,0.116916,-0.102451,-0.090837,-0.130421,-0.169334,-0.174004,0.015708,-0.242209,0.029174,-0.249185,-0.261729
21165,-0.02674,0.006912,-0.02206,0.107082,-0.072636,-0.068429,-0.125853,-0.257809,-0.158397,0.05769,-0.181735,-0.001926,-0.176358,-0.211708
21167,-0.04848,-0.015559,-0.036593,0.115867,-0.08958,-0.068174,-0.142745,-0.188646,-0.164561,0.046509,-0.226056,-0.008293,-0.250447,-0.24392
21169,-0.074825,-0.028521,-0.003277,0.091455,-0.070371,-0.065488,-0.153772,-0.165187,-0.170942,0.011558,-0.225166,-0.002787,-0.342496,-0.258264
21171,-0.074825,-0.028521,-0.003277,0.091455,-0.070371,-0.065488,-0.153772,-0.165187,-0.170942,0.011558,-0.225166,-0.002787,-0.342496,-0.258264
21173,-0.022134,-0.002598,-0.06991,0.140279,-0.108789,-0.07086,-0.131718,-0.212105,-0.158179,0.081459,-0.226947,-0.013799,-0.158398,-0.229577
21175,-0.029043,0.011667,0.001865,0.090484,-0.054559,-0.067214,-0.122921,-0.280661,-0.158506,0.045806,-0.159129,0.00401,-0.185338,-0.202774
21177,-0.001819,-0.037482,-0.008545,0.112175,-0.100679,-0.090774,-0.09826,-0.11552,-0.168317,-0.048744,-0.226566,0.057407,-0.274309,-0.285276
21179,-0.04848,-0.015559,-0.036593,0.115867,-0.08958,-0.068174,-0.142745,-0.188646,-0.164561,0.046509,-0.226056,-0.008293,-0.250447,-0.24392
21181,-0.022134,-0.002598,-0.06991,0.140279,-0.108789,-0.07086,-0.131718,-0.212105,-0.158179,0.081459,-0.226947,-0.013799,-0.158398,-0.229577
21183,-0.001819,-0.037482,-0.008545,0.112175,-0.100679,-0.090774,-0.09826,-0.11552,-0.168317,-0.048744,-0.226566,0.057407,-0.274309,-0.285276
21185,-0.022134,-0.002598,-0.06991,0.140279,-0.108789,-0.07086,-0.131718,-0.212105,-0.158179,0.081459,-0.226947,-0.013799,-0.158398,-0.229577
21187,-0.022134,-0.002598,-0.06991,0.140279,-0.108789,-0.07086,-0.131718,-0.212105,-0.158179,0.081459,-0.226947,-0.013799,-0.158398,-0.229577
21189,-0.060373,0.001333,0.001428,0.094405,-0.049594,-0.05314,-0.13824,-0.163068,-0.160271,0.026378,-0.190847,0.003371,-0.33859,-0.22419
21191,-0.022134,-0.002598,-0.06991,0.140279,-0.108789,-0.07086,-0.131718,-0.212105,-0.158179,0.081459,-0.226947,-0.013799,-0.158398,-0.229577
21193,-0.045921,0.031186,0.006133,0.097355,-0.028817,-0.040792,-0.122708,-0.160949,-0.149599,0.041198,-0.156528,0.00953,-0.334684,-0.190117
21195,-0.045921,0.031186,0.006133,0.097355,-0.028817,-0.040792,-0.122708,-0.160949,-0.149599,0.041198,-0.156528,0.00953,-0.334684,-0.190117
21197,-0.038761,-0.001946,-0.017364,0.103176,-0.07207,-0.067694,-0.132833,-0.234654,-0.161533,0.046157,-0.192593,-0.002141,-0.217893,-0.223347
21199,-0.074825,-0.028521,-0.003277,0.091455,-0.070371,-0.065488,-0.153772,-0.165187,-0.170942,0.011558,-0.225166,-0.002787,-0.342496,-0.258264
21201,-0.022134,-0.002598,-0.06991,0.140279,-0.108789,-0.07086,-0.131718,-0.212105,-0.158179,0.081459,-0.226947,-0.013799,-0.158398,-0.229577
21203,-0.074825,-0.028521,-0.003277,0.091455,-0.070371,-0.065488,-0.153772,-0.165187,-0.170942,0.011558,-0.225166,-0.002787,-0.342496,-0.258264
21205,-0.012165,-0.007851,-0.002404,0.083613,-0.080301,-0.093636,-0.123134,-0.400374,-0.167413,0.050415,-0.16173,-0.00151,-0.035992,-0.215431
21207,-0.074825,-0.028521,-0.003277,0.091455,-0.070371,-0.065488,-0.153772,-0.165187,-0.170942,0.011558,-0.225166,-0.002787,-0.342496,-0.258264
21209,-0.022134,-0.002598,-0.06991,0.140279,-0.108789,-0.07086,-0.131718,-0.212105,-0.158179,0.081459,-0.226947,-0.013799,-0.158398,-0.229577
21211,-0.022134,-0.002598,-0.06991,0.140279,-0.108789,-0.07086,-0.131718,-0.212105,-0.158179,0.081459,-0.226947,-0.013799,-0.158398,-0.229577
21213,-0.001819,-0.037482,-0.008545,0.112175,-0.100679,-0.090774,-0.09826,-0.11552,-0.168317,-0.048744,-0.226566,0.057407,-0.274309,-0.285276
21215,-0.022134,-0.002598,-0.06991,0.140279,-0.108789,-0.07086,-0.131718,-0.212105,-0.158179,0.081459,-0.226947,-0.013799,-0.158398,-0.229577
21217,-0.074825,-0.028521,-0.003277,0.091455,-0.070371,-0.065488,-0.153772,-0.165187,-0.170942,0.011558,-0.225166,-0.002787,-0.342496,-0.258264
21219,-0.001819,-0.037482,-0.008545,0.112175,-0.100679,-0.090774,-0.09826,-0.11552,-0.168317,-0.048744,-0.226566,0.057407,-0.274309,-0.285276
21221,-0.001819,-0.037482,-0.008545,0.112175,-0.100679,-0.090774,-0.09826,-0.11552,-0.168317,-0.048744,-0.226566,0.057407,-0.274309,-0.285276
21223,-0.022134,-0.002598,-0.06991,0.140279,-0.108789,-0.07086,-0.131718,-0.212105,-0.158179,0.081459,-0.226947,-0.013799,-0.158398,-0.229577
21225,-0.014615,-0.04691,-0.035985,0.117965,-0.115321,-0.113501,-0.118098,-0.150021,-0.183448,-0.015093,-0.258361,0.066641,-0.247922,-0.279537
21227,-0.038322,-0.033001,-0.005911,0.101815,-0.085525,-0.078131,-0.126016,-0.140354,-0.16963,-0.018593,-0.225866,0.02731,-0.308403,-0.27177
21229,-0.04848,-0.015559,-0.036593,0.115867,-0.08958,-0.068174,-0.142745,-0.188646,-0.164561,0.046509,-0.226056,-0.008293,-0.250447,-0.24392
21231,-0.074825,-0.028521,-0.003277,0.091455,-0.070371,-0.065488,-0.153772,-0.165187,-0.170942,0.011558,-0.225166,-0.002787,-0.342496,-0.258264
21233,-0.001819,-0.037482,-0.008545,0.112175,-0.100679,-0.090774,-0.09826,-0.11552,-0.168317,-0.048744,-0.226566,0.057407,-0.274309,-0.285276
21235,-0.074825,-0.028521,-0.003277,0.091455,-0.070371,-0.065488,-0.153772,-0.165187,-0.170942,0.011558,-0.225166,-0.002787,-0.342496,-0.258264
21237,-0.045921,0.031186,0.006133,0.097355,-0.028817,-0.040792,-0.122708,-0.160949,-0.149599,0.041198,-0.156528,0.00953,-0.334684,-0.190117
21239,-0.04848,-0.015559,-0.036593,0.115867,-0.08958,-0.068174,-0.142745,-0.188646,-0.164561,0.046509,-0.226056,-0.008293,-0.250447,-0.24392
22001,-0.080417,-0.024064,-0.075853,-0.060083,-0.049149,-0.005257,0.019731,-0.017178,-0.081309,-0.680505,-0.123173,-0.033905,-0.267564,-0.144149
22003,-0.141463,-0.142035,-0.096773,-0.209371,-0.188167,-0.102566,-0.006489,-0.09438,-0.165603,-1.248704,-0.256569,-0.112114,-0.378688,-0.254169
22005,-0.382864,0.046469,-0.036681,-0.387153,0.023812,0.064507,-0.094857,-0.365363,-0.058443,-0.765363,-0.365985,0.007699,-0.159798,-0.079808
22007,-0.033324,0.094612,-0.062288,0.085206,0.085457,0.083284,0.018464,0.034969,-0.010946,-0.123251,0.023641,0.018471,-0.148996,-0.03504
22009,-0.141463,-0.142035,-0.096773,-0.209371,-0.188167,-0.102566,-0.006489,-0.09438,-0.165603,-1.248704,-0.256569,-0.112114,-0.378688,-0.254169
22011,-0.141463,-0.142035,-0.096773,-0.209371,-0.188167,-0.102566,-0.006489,-0.09438,-0.165603,-1.248704,-0.256569,-0.112114,-0.378688,-0.254169
22013,-0.131812,-0.117062,-0.112624,-0.179465,-0.203492,-0.12282,-0.004835,-0.087685,-0.13563,-0.834319,-0.248039,-0.067214,-0.358829,-0.993101
22015,-0.170242,-0.196387,-0.155209,-0.266621,-0.334947,-0.2658,-0.041322,-0.088827,-0.14531,-0.527018,-0.383861,-0.059699,-0.493602,-1.5079
22017,-0.153193,-0.187587,-0.133911,-0.231227,-0.285323,-0.199722,-0.016752,-0.055612,-0.133325,-0.50347,-0.356729,-0.073108,-0.459558,-1.356536
22019,-0.075121,-0.038677,-0.065982,-0.070622,-0.053064,-0.005305,0.03557,0.013426,-0.075478,-0.494766,-0.146028,-0.040501,-0.278648,-0.344646
22021,-0.131812,-0.117062,-0.112624,-0.179465,-0.203492,-0.12282,-0.004835,-0.087685,-0.13563,-0.834319,-0.248039,-0.067214,-0.358829,-0.993101
22023,-0.019963,0.078658,-0.03792,0.043661,0.080992,0.074456,0.05819,0.068632,-0.013475,-0.136993,-0.012538,0.025018,-0.172217,-0.035304
22025,-0.141463,-0.142035,-0.096773,-0.209371,-0.188167,-0.102566,-0.006489,-0.09438,-0.165603,-1.248704,-0.256569,-0.112114,-0.378688,-0.254169
22027,-0.122161,-0.09209,-0.128474,-0.14956,-0.218818,-0.143075,-0.003181,-0.080991,-0.105656,-0.419933,-0.239509,-0.022313,-0.338971,-1.732033
22029,-0.141463,-0.142035,-0.096773,-0.209371,-0.188167,-0.102566,-0.006489,-0.09438,-0.165603,-1.248704,-0.256569,-0.112114,-0.378688,-0.254169
22031,-0.150261,-0.176199,-0.124627,-0.225763,-0.261034,-0.175433,-0.014186,-0.065304,-0.141395,-0.689778,-0.331689,-0.082859,-0.43934,-1.080944
22033,-0.302397,-0.016365,-0.056712,-0.327892,-0.046847,0.008816,-0.065401,-0.275035,-0.094163,-0.926477,-0.329513,-0.032239,-0.232762,-0.137928
22035,-0.085158,-0.073161,-0.113158,-0.150384,-0.168307,-0.06934,0.028783,-0.167114,-0.105125,-0.372931,-0.190581,0.002781,-0.263561,-1.403382
22037,-0.429957,-0.072207,-0.050246,-0.532441,-0.110794,-0.024034,-0.09359,-0.41751,-0.128806,-1.322617,-0.512799,-0.044677,-0.278366,-0.188918
22039,-0.141463,-0.142035,-0.096773,-0.209371,-0.188167,-0.102566,-0.006489,-0.09438,-0.165603,-1.248704,-0.256569,-0.112114,-0.378688,-0.254169
22041,-0.131812,-0.117062,-0.112624,-0.179465,-0.203492,-0.12282,-0.004835,-0.087685,-0.13563,-0.834319,-0.248039,-0.067214,-0.358829,-0.993101
22043,-0.141463,-0.142035,-0.096773,-0.209371,-0.188167,-0.102566,-0.006489,-0.09438,-0.165603,-1.248704,-0.256569,-0.112114,-0.378688,-0.254169
22045,-0.033324,0.094612,-0.062288,0.085206,0.085457,0.083284,0.018464,0.034969,-0.010946,-0.123251,0.023641,0.018471,-0.148996,-0.03504
22047,-0.231641,0.011203,-0.056267,-0.223618,-0.012669,0.029625,-0.037563,-0.191271,-0.069876,-0.722934,-0.244579,-0.013103,-0.213681,-0.111979
22049,-0.131812,-0.117062,-0.112624,-0.179465,-0.203492,-0.12282,-0.004835,-0.087685,-0.13563,-0.834319,-0.248039,-0.067214,-0.358829,-0.993101
22051,-0.047276,0.095317,-0.069642,0.081205,0.081046,0.074516,-0.009023,0.009913,-0.024877,-0.134197,0.037059,-0.007362,-0.141553,-0.03595
22053,-0.080417,-0.024064,-0.075853,-0.060083,-0.049149,-0.005257,0.019731,-0.017178,-0.081309,-0.680505,-0.123173,-0.033905,-0.267564,-0.144149
22055,-0.080417,-0.024064,-0.075853,-0.060083,-0.049149,-0.005257,0.019731,-0.017178,-0.081309,-0.680505,-0.123173,-0.033905,-0.267564,-0.144149
22057,-0.047276,0.095317,-0.069642,0.081205,0.081046,0.074516,-0.009023,0.009913,-0.024877,-0.134197,0.037059,-0.007362,-0.141553,-0.03595
22059,-0.141463,-0.142035,-0.096773,-0.209371,-0.188167,-0.102566,-0.006489,-0.09438,-0.165603,-1.248704,-0.256569,-0.112114,-0.378688,-0.254169
22061,-0.122161,-0.09209,-0.128474,-0.14956,-0.218818,-0.143075,-0.003181,-0.080991,-0.105656,-0.419933,-0.239509,-0.022313,-0.338971,-1.732033
22063,-0.382864,0.046469,-0.036681,-0.387153,0.023812,0.064507,-0.094857,-0.365363,-0.058443,-0.765363,-0.365985,0.007699,-0.159798,-0.079808
22065,-0.257558,-0.072684,-0.081702,-0.341413,-0.139551,-0.046687,-0.032403,-0.292312,-0.116965,-0.847774,-0.35169,-0.020948,-0.270963,-0.79615
22067,-0.122161,-0.09209,-0.128474,-0.14956,-0.218818,-0.143075,-0.003181,-0.080991,-0.105656,-0.419933,-0.239509,-0.022313,-0.338971,-1.732033
22069,-0.141463,-0.142035,-0.096773,-0.209371,-0.188167,-0.102566,-0.006489,-0.09438,-0.165603,-1.248704,-0.256569,-0.112114,-0.378688,-0.254169
22071,-0.047276,0.095317,-0.069642,0.081205,0.081046,0.074516,-0.009023,0.009913,-0.024877,-0.134197,0.037059,-0.007362,-0.141553,-0.03595
22073,-0.122161,-0.09209,-0.128474,-0.14956,-0.218818,-0.143075,-0.003181,-0.080991,-0.105656,-0.419933,-0.239509,-0.022313,-0.338971,-1.732033
22075,-0.047276,0.095317,-0.069642,0.081205,0.081046,0.074516,-0.009023,0.009913,-0.024877,-0.134197,0.037059,-0.007362,-0.141553,-0.03595
22077,-0.141463,-0.142035,-0.096773,-0.209371,-0.188167,-0.102566,-0.006489,-0.09438,-0.165603,-1.248704,-0.256569,-0.112114,-0.378688,-0.254169
22079,-0.141463,-0.142035,-0.096773,-0.209371,-0.188167,-0.102566,-0.006489,-0.09438,-0.165603,-1.248704,-0.256569,-0.112114,-0.378688,-0.254169
22081,-0.131812,-0.117062,-0.112624,-0.179465,-0.203492,-0.12282,-0.004835,-0.087685,-0.13563,-0.834319,-0.248039,-0.067214,-0.358829,-0.993101
22083,-0.131812,-0.117062,-0.112624,-0.179465,-0.203492,-0.12282,-0.004835,-0.087685,-0.13563,-0.834319,-0.248039,-0.067214,-0.358829,-0.993101
22085,-0.130279,-0.156011,-0.094044,-0.184905,-0.18712,-0.085066,0.01295,-0.041781,-0.13748,-0.852539,-0.279517,-0.10602,-0.385079,-0.653989
22087,-0.047276,0.095317,-0.069642,0.081205,0.081046,0.074516,-0.009023,0.009913,-0.024877,-0.134197,0.037059,-0.007362,-0.141553,-0.03595
22089,-0.047276,0.095317,-0.069642,0.081205,0.081046,0.074516,-0.009023,0.009913,-0.024877,-0.134197,0.037059,-0.007362,-0.141553,-0.03595
22091,-0.718452,-0.002378,-0.00372,-0.855511,-0.033421,0.054498,-0.180692,-0.74064,-0.092009,-1.39653,-0.769029,0.022761,-0.178044,-0.123666
22093,-0.047276,0.095317,-0.069642,0.081205,0.081046,0.074516,-0.009023,0.009913,-0.024877,-0.134197,0.037059,-0.007362,-0.141553,-0.03595
22095,-0.047276,0.095317,-0.069642,0.081205,0.081046,0.074516,-0.009023,0.009913,-0.024877,-0.134197,0.037059,-0.007362,-0.141553,-0.03595
22097,-0.080417,-0.024064,-0.075853,-0.060083,-0.049149,-0.005257,0.019731,-0.017178,-0.081309,-0.680505,-0.123173,-0.033905,-0.267564,-0.144149
22099,-0.06937,0.01573,-0.073783,-0.012987,-0.005751,0.021334,0.010146,-0.008147,-0.062498,-0.498402,-0.069762,-0.025057,-0.22556,-0.108083
22101,-0.033324,0.094612,-0.062288,0.085206,0.085457,0.083284,0.018464,0.034969,-0.010946,-0.123251,0.023641,0.018471,-0.148996,-0.03504
22103,-0.382864,0.046469,-0.036681,-0.387153,0.023812,0.064507,-0.094857,-0.365363,-0.058443,-0.765363,-0.365985,0.007699,-0.159798,-0.079808
22105,-0.382864,0.046469,-0.036681,-0.387153,0.023812,0.064507,-0.094857,-0.365363,-0.058443,-0.765363,-0.365985,0.007699,-0.159798,-0.079808
22107,-0.257558,-0.072684,-0.081702,-0.341413,-0.139551,-0.046687,-0.032403,-0.292312,-0.116965,-0.847774,-0.35169,-0.020948,-0.270963,-0.79615
22109,-0.033324,0.094612,-0.062288,0.085206,0.085457,0.083284,0.018464,0.034969,-0.010946,-0.123251,0.023641,0.018471,-0.148996,-0.03504
22111,-0.122161,-0.09209,-0.128474,-0.14956,-0.218818,-0.143075,-0.003181,-0.080991,-0.105656,-0.419933,-0.239509,-0.022313,-0.338971,-1.732033
22113,-0.019372,0.093907,-0.054933,0.089206,0.089868,0.092051,0.04595,0.060024,0.002986,-0.112305,0.010223,0.044304,-0.15644,-0.03413
22115,-0.141463,-0.142035,-0.096773,-0.209371,-0.188167,-0.102566,-0.006489,-0.09438,-0.165603,-1.248704,-0.256569,-0.112114,-0.378688,-0.254169
22117,-0.718452,-0.002378,-0.00372,-0.855511,-0.033421,0.054498,-0.180692,-0.74064,-0.092009,-1.39653,-0.769029,0.022761,-0.178044,-0.123666
22119,-0.122161,-0.09209,-0.128474,-0.14956,-0.218818,-0.143075,-0.003181,-0.080991,-0.105656,-0.419933,-0.239509,-0.022313,-0.338971,-1.732033
22121,-0.429957,-0.072207,-0.050246,-0.532441,-0.110794,-0.024034,-0.09359,-0.41751,-0.128806,-1.322617,-0.512799,-0.044677,-0.278366,-0.188918
22123,-0.122161,-0.09209,-0.128474,-0.14956,-0.218818,-0.143075,-0.003181,-0.080991,-0.105656,-0.419933,-0.239509,-0.022313,-0.338971,-1.732033
22125,-0.429957,-0.072207,-0.050246,-0.532441,-0.110794,-0.024034,-0.09359,-0.41751,-0.128806,-1.322617,-0.512799,-0.044677,-0.278366,-0.188918
22127,-0.141463,-0.142035,-0.096773,-0.209371,-0.188167,-0.102566,-0.006489,-0.09438,-0.165603,-1.248704,-0.256569,-0.112114,-0.378688,-0.254169
23001,-0.06372,-0.063404,-0.12643,0.020682,0.024388,-0.104223,-0.109869,-0.204545,-0.107936,0.16178,-0.099769,0.076847,-0.035208,-0.04512
23003,-0.065478,-0.063248,-0.101927,0.008969,0.096182,-0.048831,-0.050516,-0.055321,-0.081209,0.170856,-0.009006,0.091977,0.011057,-0.014105
23005,-0.054061,-0.023152,-0.117267,0.041431,0.022116,-0.098604,-0.118063,-0.230945,-0.097726,0.171181,-0.101342,0.071479,-0.037137,-0.0385
23007,-0.068531,-0.065204,-0.117718,0.01079,0.04992,-0.092009,-0.090922,-0.164122,-0.104281,0.162515,-0.073179,0.082178,-0.022161,-0.037617
23009,-0.065521,-0.042615,-0.121094,0.031948,0.028047,-0.081332,-0.096797,-0.17867,-0.090288,0.17725,-0.082834,0.068232,-0.023056,-0.03018
23011,-0.06372,-0.063404,-0.12643,0.020682,0.024388,-0.104223,-0.109869,-0.204545,-0.107936,0.16178,-0.099769,0.076847,-0.035208,-0.04512
23013,-0.065521,-0.042615,-0.121094,0.031948,0.028047,-0.081332,-0.096797,-0.17867,-0.090288,0.17725,-0.082834,0.068232,-0.023056,-0.03018
23015,-0.06372,-0.063404,-0.12643,0.020682,0.024388,-0.104223,-0.109869,-0.204545,-0.107936,0.16178,-0.099769,0.076847,-0.035208,-0.04512
23017,-0.06372,-0.063404,-0.12643,0.020682,0.024388,-0.104223,-0.109869,-0.204545,-0.107936,0.16178,-0.099769,0.076847,-0.035208,-0.04512
23019,-0.069818,-0.057037,-0.113564,0.020471,0.056941,-0.070776,-0.080945,-0.142071,-0.090765,0.174744,-0.05524,0.076482,-0.010539,-0.021783
23021,-0.068531,-0.065204,-0.117718,0.01079,0.04992,-0.092009,-0.090922,-0.164122,-0.104281,0.162515,-0.073179,0.082178,-0.022161,-0.037617
23023,-0.06372,-0.063404,-0.12643,0.020682,0.024388,-0.104223,-0.109869,-0.204545,-0.107936,0.16178,-0.099769,0.076847,-0.035208,-0.04512
23025,-0.068531,-0.065204,-0.117718,0.01079,0.04992,-0.092009,-0.090922,-0.164122,-0.104281,0.162515,-0.073179,0.082178,-0.022161,-0.037617
23027,-0.06372,-0.063404,-0.12643,0.020682,0.024388,-0.104223,-0.109869,-0.204545,-0.107936,0.16178,-0.099769,0.076847,-0.035208,-0.04512
23029,-0.071105,-0.04887,-0.109411,0.030152,0.063962,-0.049544,-0.070968,-0.120021,-0.077249,0.186973,-0.037301,0.070786,0.001083,-0.00595
23031,-0.054061,-0.023152,-0.117267,0.041431,0.022116,-0.098604,-0.118063,-0.230945,-0.097726,0.171181,-0.101342,0.071479,-0.037137,-0.0385
24001,-0.057148,-0.022328,-0.026155,0.101131,-0.002929,-0.117604,-0.083016,-0.221066,-0.247051,0.109773,-0.151186,0.022976,-0.052908,-0.131146
24003,-0.073291,-0.031196,-0.030772,0.10951,0.007397,-0.111565,-0.112687,-0.245013,-0.278412,0.117069,-0.157511,0.012949,-0.070035,-0.117072
24005,-0.073291,-0.031196,-0.030772,0.10951,0.007397,-0.111565,-0.112687,-0.245013,-0.278412,0.117069,-0.157511,0.012949,-0.070035,-0.117072
24009,-0.073291,-0.031196,-0.030772,0.10951,0.007397,-0.111565,-0.112687,-0.245013,-0.278412,0.117069,-0.157511,0.012949,-0.070035,-0.117072
24011,-0.026791,0.021061,-0.033597,0.114288,-0.002842,-0.06516,-0.134232,-0.24014,-0.119313,0.146411,-0.122248,0.023611,-0.045574,-0.054997
24013,-0.073291,-0.031196,-0.030772,0.10951,0.007397,-0.111565,-0.112687,-0.245013,-0.278412,0.117069,-0.157511,0.012949,-0.070035,-0.117072
24015,-0.026791,0.021061,-0.033597,0.114288,-0.002842,-0.06516,-0.134232,-0.24014,-0.119313,0.146411,-0.122248,0.023611,-0.045574,-0.054997
24017,-0.073291,-0.031196,-0.030772,0.10951,0.007397,-0.111565,-0.112687,-0.245013,-0.278412,0.117069,-0.157511,0.012949,-0.070035,-0.117072
24019,-0.050041,-0.005067,-0.032185,0.111899,0.002277,-0.088363,-0.12346,-0.242576,-0.198862,0.13174,-0.13988,0.01828,-0.057804,-0.086035
24021,-0.073291,-0.031196,-0.030772,0.10951,0.007397,-0.111565,-0.112687,-0.245013,-0.278412,0.117069,-0.157511,0.012949,-0.070035,-0.117072
24023,-0.041005,-0.013461,-0.021538,0.092751,-0.013254,-0.123642,-0.053346,-0.19712,-0.21569,0.102478,-0.144861,0.033003,-0.035781,-0.145219
24025,-0.050041,-0.005067,-0.032185,0.111899,0.002277,-0.088363,-0.12346,-0.242576,-0.198862,0.13174,-0.13988,0.01828,-0.057804,-0.086035
24027,-0.073291,-0.031196,-0.030772,0.10951,0.007397,-0.111565,-0.112687,-0.245013,-0.278412,0.117069,-0.157511,0.012949,-0.070035,-0.117072
24029,-0.050041,-0.005067,-0.032185,0.111899,0.002277,-0.088363,-0.12346,-0.242576,-0.198862,0.13174,-0.13988,0.01828,-0.057804,-0.086035
24031,-0.073291,-0.031196,-0.030772,0.10951,0.007397,-0.111565,-0.112687,-0.245013,-0.278412,0.117069,-0.157511,0.012949,-0.070035,-0.117072
24033,-0.073291,-0.031196,-0.030772,0.10951,0.007397,-0.111565,-0.112687,-0.245013,-0.278412,0.117069,-0.157511,0.012949,-0.070035,-0.117072
24035,-0.050041,-0.005067,-0.032185,0.111899,0.002277,-0.088363,-0.12346,-0.242576,-0.198862,0.13174,-0.13988,0.01828,-0.057804,-0.086035
24037,-0.073291,-0.031196,-0.030772,0.10951,0.007397,-0.111565,-0.112687,-0.245013,-0.278412,0.117069,-0.157511,0.012949,-0.070035,-0.117072
24039,-0.026791,0.021061,-0.033597,0.114288,-0.002842,-0.06516,-0.134232,-0.24014,-0.119313,0.146411,-0.122248,0.023611,-0.045574,-0.054997
24041,-0.050041,-0.005067,-0.032185,0.111899,0.002277,-0.088363,-0.12346,-0.242576,-0.198862,0.13174,-0.13988,0.01828,-0.057804,-0.086035
24043,-0.073291,-0.031196,-0.030772,0.10951,0.007397,-0.111565,-0.112687,-0.245013,-0.278412,0.117069,-0.157511,0.012949,-0.070035,-0.117072
24045,-0.026791,0.021061,-0.033597,0.114288,-0.002842,-0.06516,-0.134232,-0.24014,-0.119313,0.146411,-0.122248,0.023611,-0.045574,-0.054997
24047,-0.026791,0.021061,-0.033597,0.114288,-0.002842,-0.06516,-0.134232,-0.24014,-0.119313,0.146411,-0.122248,0.023611,-0.045574,-0.054997
24510,-0.073291,-0.031196,-0.030772,0.10951,0.007397,-0.111565,-0.112687,-0.245013,-0.278412,0.117069,-0.157511,0.012949,-0.070035,-0.117072
25001,-0.033206,0.028078,-0.096956,0.06886,0.019377,-0.075964,-0.133876,-0.23065,-0.074777,0.185677,-0.090478,0.071428,-0.034183,-0.022188
25003,-0.004633,-0.04714,-0.084394,0.044029,0.046731,-0.129632,-0.103387,-0.317096,-0.111978,0.14301,-0.091738,0.125104,-0.023199,-0.065299
25005,-0.023682,0.003005,-0.092769,0.060583,0.028495,-0.093854,-0.123713,-0.259465,-0.087178,0.171454,-0.090898,0.08932,-0.030522,-0.036558
25007,-0.02201,0.039058,-0.085809,0.075541,0.018911,-0.058944,-0.141494,-0.203954,-0.062038,0.190772,-0.078041,0.076744,-0.029301,-0.012497
25009,-0.024518,-0.015021,-0.096249,0.053104,0.033287,-0.111309,-0.114822,-0.287221,-0.099747,0.161796,-0.097327,0.095608,-0.031132,-0.048589
25011,-0.004633,-0.04714,-0.084394,0.044029,0.046731,-0.129632,-0.103387,-0.317096,-0.111978,0.14301,-0.091738,0.125104,-0.023199,-0.065299
25013,-0.004633,-0.04714,-0.084394,0.044029,0.046731,-0.129632,-0.103387,-0.317096,-0.111978,0.14301,-0.091738,0.125104,-0.023199,-0.065299
25015,-0.004633,-0.04714,-0.084394,0.044029,0.046731,-0.129632,-0.103387,-0.317096,-0.111978,0.14301,-0.091738,0.125104,-0.023199,-0.065299
25017,-0.024518,-0.015021,-0.096249,0.053104,0.033287,-0.111309,-0.114822,-0.287221,-0.099747,0.161796,-0.097327,0.095608,-0.031132,-0.048589
25019,-0.02201,0.039058,-0.085809,0.075541,0.018911,-0.058944,-0.141494,-0.203954,-0.062038,0.190772,-0.078041,0.076744,-0.029301,-0.012497
25021,-0.024518,-0.015021,-0.096249,0.053104,0.033287,-0.111309,-0.114822,-0.287221,-0.099747,0.161796,-0.097327,0.095608,-0.031132,-0.048589
25023,-0.033206,0.028078,-0.096956,0.06886,0.019377,-0.075964,-0.133876,-0.23065,-0.074777,0.185677,-0.090478,0.071428,-0.034183,-0.022188
25025,-0.044402,0.017099,-0.108103,0.06218,0.019843,-0.092985,-0.126257,-0.257346,-0.087517,0.180581,-0.102916,0.066112,-0.039065,-0.031879
25027,-0.004633,-0.04714,-0.084394,0.044029,0.046731,-0.129632,-0.103387,-0.317096,-0.111978,0.14301,-0.091738,0.125104,-0.023199,-0.065299
26001,0.077759,-0.096421,-0.158978,0.004525,-0.013922,-0.236672,-0.14387,-0.143907,-0.291925,-0.007568,-0.267442,0.014621,-0.13891,-0.201058
26003,0.025133,-0.100048,-0.181945,0.023098,0.007738,-0.216718,-0.150522,-0.092229,-0.287216,-0.013283,-0.381889,-0.010312,-0.130503,-0.198826
26005,0.003183,-0.101222,-0.228348,-0.056599,-0.070551,-0.3352,-0.170253,-0.259123,-0.385547,-0.088422,-0.32115,-0.017629,-0.238026,-0.24679
26007,0.077759,-0.096421,-0.158978,0.004525,-0.013922,-0.236672,-0.14387,-0.143907,-0.291925,-0.007568,-0.267442,0.014621,-0.13891,-0.201058
26009,0.076463,-0.11397,-0.183172,-0.00778,-0.029357,-0.248139,-0.153205,-0.169793,-0.334381,-0.0406,-0.270234,-0.003987,-0.141847,-0.212752
26011,0.077759,-0.096421,-0.158978,0.004525,-0.013922,-0.236672,-0.14387,-0.143907,-0.291925,-0.007568,-0.267442,0.014621,-0.13891,-0.201058
26013,0.016588,-0.109695,-0.191273,0.014554,0.00407,-0.247925,-0.153607,-0.106163,-0.295481,-0.0249,-0.495755,-0.026705,-0.14496,-0.204801
26015,-0.018321,-0.107533,-0.229131,-0.081359,-0.076402,-0.359423,-0.211458,-0.308384,-0.42256,-0.102921,-0.261364,-0.001706,-0.247876,-0.251271
26017,0.03951,-0.090462,-0.171985,-0.011032,-0.026284,-0.260996,-0.160118,-0.198269,-0.309693,-0.023752,-0.262718,0.012321,-0.159661,-0.214882
26019,0.072499,-0.109517,-0.194865,-0.016047,-0.02828,-0.279591,-0.134227,-0.17681,-0.339547,-0.050282,-0.318554,-0.028844,-0.163824,-0.221099
26021,0.003183,-0.101222,-0.228348,-0.056599,-0.070551,-0.3352,-0.170253,-0.259123,-0.385547,-0.088422,-0.32115,-0.017629,-0.238026,-0.24679
26023,-0.018321,-0.107533,-0.229131,-0.081359,-0.076402,-0.359423,-0.211458,-0.308384,-0.42256,-0.102921,-0.261364,-0.001706,-0.247876,-0.251271
26025,-0.018321,-0.107533,-0.229131,-0.081359,-0.076402,-0.359423,-0.211458,-0.308384,-0.42256,-0.102921,-0.261364,-0.001706,-0.247876,-0.251271
26027,-0.018321,-0.107533,-0.229131,-0.081359,-0.076402,-0.359423,-0.211458,-0.308384,-0.42256,-0.102921,-0.261364,-0.001706,-0.247876,-0.251271
26029,0.055071,-0.102185,-0.177894,0.011931,-0.008976,-0.216825,-0.150321,-0.124044,-0.306666,-0.021133,-0.269128,0.001048,-0.128947,-0.202801
26031,0.055071,-0.102185,-0.177894,0.011931,-0.008976,-0.216825,-0.150321,-0.124044,-0.306666,-0.021133,-0.269128,0.001048,-0.128947,-0.202801
26033,0.04273,-0.091896,-0.158254,0.042203,0.01924,-0.173684,-0.142743,-0.060844,-0.268771,0.022177,-0.264045,0.031131,-0.103775,-0.18398
26035,0.076463,-0.11397,-0.183172,-0.00778,-0.029357,-0.248139,-0.153205,-0.169793,-0.334381,-0.0406,-0.270234,-0.003987,-0.141847,-0.212752
26037,-0.018321,-0.107533,-0.229131,-0.081359,-0.076402,-0.359423,-0.211458,-0.308384,-0.42256,-0.102921,-0.261364,-0.001706,-0.247876,-0.251271
26039,0.076463,-0.11397,-0.183172,-0.00778,-0.029357,-0.248139,-0.153205,-0.169793,-0.334381,-0.0406,-0.270234,-0.003987,-0.141847,-0.212752
26041,0.016588,-0.109695,-0.191273,0.014554,0.00407,-0.247925,-0.153607,-0.106163,-0.295481,-0.0249,-0.495755,-0.026705,-0.14496,-0.204801
26043,0.016588,-0.109695,-0.191273,0.014554,0.00407,-0.247925,-0.153607,-0.106163,-0.295481,-0.0249,-0.495755,-0.026705,-0.14496,-0.204801
26045,-0.018321,-0.107533,-0.229131,-0.081359,-0.076402,-0.359423,-0.211458,-0.308384,-0.42256,-0.102921,-0.261364,-0.001706,-0.247876,-0.251271
26047,0.055071,-0.102185,-0.177894,0.011931,-0.008976,-0.216825,-0.150321,-0.124044,-0.306666,-0.021133,-0.269128,0.001048,-0.128947,-0.202801
26049,0.001261,-0.084503,-0.184993,-0.026589,-0.038646,-0.285319,-0.176366,-0.252632,-0.32746,-0.039935,-0.257994,0.010021,-0.180411,-0.228705
26051,0.076463,-0.11397,-0.183172,-0.00778,-0.029357,-0.248139,-0.153205,-0.169793,-0.334381,-0.0406,-0.270234,-0.003987,-0.141847,-0.212752
26053,0.00612,-0.101855,-0.212693,0.002393,-0.005568,-0.300423,-0.175237,-0.127342,-0.33589,-0.058668,-0.465542,-0.068174,-0.168941,-0.215974
26055,0.076463,-0.11397,-0.183172,-0.00778,-0.029357,-0.248139,-0.153205,-0.169793,-0.334381,-0.0406,-0.270234,-0.003987,-0.141847,-0.212752
26057,-0.018321,-0.107533,-0.229131,-0.081359,-0.076402,-0.359423,-0.211458,-0.308384,-0.42256,-0.102921,-0.261364,-0.001706,-0.247876,-0.251271
26059,-0.018321,-0.107533,-0.229131,-0.081359,-0.076402,-0.359423,-0.211458,-0.308384,-0.42256,-0.102921,-0.261364,-0.001706,-0.247876,-0.251271
26061,0.011354,-0.105775,-0.201983,0.008473,-0.000749,-0.274174,-0.164422,-0.116753,-0.315685,-0.041784,-0.480648,-0.04744,-0.156951,-0.210388
26063,0.079054,-0.078873,-0.134784,0.01683,0.001513,-0.225206,-0.134534,-0.118021,-0.249469,0.025464,-0.264649,0.03323,-0.135974,-0.189364
26065,-0.018321,-0.107533,-0.229131,-0.081359,-0.076402,-0.359423,-0.211458,-0.308384,-0.42256,-0.102921,-0.261364,-0.001706,-0.247876,-0.251271
26067,-0.018321,-0.107533,-0.229131,-0.081359,-0.076402,-0.359423,-0.211458,-0.308384,-0.42256,-0.102921,-0.261364,-0.001706,-0.247876,-0.251271
26069,0.077759,-0.096421,-0.158978,0.004525,-0.013922,-0.236672,-0.14387,-0.143907,-0.291925,-0.007568,-0.267442,0.014621,-0.13891,-0.201058
26071,0.011354,-0.105775,-0.201983,0.008473,-0.000749,-0.274174,-0.164422,-0.116753,-0.315685,-0.041784,-0.480648,-0.04744,-0.156951,-0.210388
26073,0.029071,-0.110751,-0.206151,-0.04457,-0.05288,-0.303781,-0.182331,-0.239088,-0.378471,-0.071761,-0.265799,-0.002846,-0.194862,-0.232011
26075,-0.018321,-0.107533,-0.229131,-0.081359,-0.076402,-0.359423,-0.211458,-0.308384,-0.42256,-0.102921,-0.261364,-0.001706,-0.247876,-0.251271
26077,-0.018321,-0.107533,-0.229131,-0.081359,-0.076402,-0.359423,-0.211458,-0.308384,-0.42256,-0.102921,-0.261364,-0.001706,-0.247876,-0.251271
26079,0.076463,-0.11397,-0.183172,-0.00778,-0.029357,-0.248139,-0.153205,-0.169793,-0.334381,-0.0406,-0.270234,-0.003987,-0.141847,-0.212752
26081,-0.018321,-0.107533,-0.229131,-0.081359,-0.076402,-0.359423,-0.211458,-0.308384,-0.42256,-0.102921,-0.261364,-0.001706,-0.247876,-0.251271
26083,0.033371,-0.070688,-0.165854,0.043567,0.04732,-0.20247,-0.135653,-0.05799,-0.270929,-0.007367,-0.403595,-0.027832,-0.105986,-0.165269
26085,0.076463,-0.11397,-0.183172,-0.00778,-0.029357,-0.248139,-0.153205,-0.169793,-0.334381,-0.0406,-0.270234,-0.003987,-0.141847,-0.212752
26087,0.020842,-0.061473,-0.140855,0.028181,-0.00089,-0.211215,-0.141274,-0.196881,-0.23236,0.023051,-0.254624,0.021747,-0.112946,-0.20614
26089,0.055071,-0.102185,-0.177894,0.011931,-0.008976,-0.216825,-0.150321,-0.124044,-0.306666,-0.021133,-0.269128,0.001048,-0.128947,-0.202801
26091,-0.018321,-0.107533,-0.229131,-0.081359,-0.076402,-0.359423,-0.211458,-0.308384,-0.42256,-0.102921,-0.261364,-0.001706,-0.247876,-0.251271
26093,0.001261,-0.084503,-0.184993,-0.026589,-0.038646,-0.285319,-0.176366,-0.252632,-0.32746,-0.039935,-0.257994,0.010021,-0.180411,-0.228705
26095,0.033679,-0.090401,-0.172617,0.031643,0.011406,-0.185512,-0.147436,-0.078295,-0.27895,-0.001665,-0.268023,0.006082,-0.116046,-0.19285
26097,0.033679,-0.090401,-0.172617,0.031643,0.011406,-0.185512,-0.147436,-0.078295,-0.27895,-0.001665,-0.268023,0.006082,-0.116046,-0.19285
26099,0.020842,-0.061473,-0.140855,0.028181,-0.00089,-0.211215,-0.141274,-0.196881,-0.23236,0.023051,-0.254624,0.021747,-0.112946,-0.20614
26101,0.072499,-0.109517,-0.194865,-0.016047,-0.02828,-0.279591,-0.134227,-0.17681,-0.339547,-0.050282,-0.318554,-0.028844,-0.163824,-0.221099
26103,0.016588,-0.109695,-0.191273,0.014554,0.00407,-0.247925,-0.153607,-0.106163,-0.295481,-0.0249,-0.495755,-0.026705,-0.14496,-0.204801
26105,0.072499,-0.109517,-0.194865,-0.016047,-0.02828,-0.279591,-0.134227,-0.17681,-0.339547,-0.050282,-0.318554,-0.028844,-0.163824,-0.221099
26107,0.029071,-0.110751,-0.206151,-0.04457,-0.05288,-0.303781,-0.182331,-0.239088,-0.378471,-0.071761,-0.265799,-0.002846,-0.194862,-0.232011
26109,0.042562,-0.107379,-0.198916,-0.00488,-0.011567,-0.279484,-0.134428,-0.144996,-0.320097,-0.042432,-0.431314,-0.040203,-0.16538,-0.217124
26111,0.029071,-0.110751,-0.206151,-0.04457,-0.05288,-0.303781,-0.182331,-0.239088,-0.378471,-0.071761,-0.265799,-0.002846,-0.194862,-0.232011
26113,0.076463,-0.11397,-0.183172,-0.00778,-0.029357,-0.248139,-0.153205,-0.169793,-0.334381,-0.0406,-0.270234,-0.003987,-0.141847,-0.212752
26115,0.001261,-0.084503,-0.184993,-0.026589,-0.038646,-0.285319,-0.176366,-0.252632,-0.32746,-0.039935,-0.257994,0.010021,-0.180411,-0.228705
26117,-0.018321,-0.107533,-0.229131,-0.081359,-0.076402,-0.359423,-0.211458,-0.308384,-0.42256,-0.102921,-0.261364,-0.001706,-0.247876,-0.251271
26119,0.076463,-0.11397,-0.183172,-0.00778,-0.029357,-0.248139,-0.153205,-0.169793,-0.334381,-0.0406,-0.270234,-0.003987,-0.141847,-0.212752
26121,0.003183,-0.101222,-0.228348,-0.056599,-0.070551,-0.3352,-0.170253,-0.259123,-0.385547,-0.088422,-0.32115,-0.017629,-0.238026,-0.24679
26123,0.029071,-0.110751,-0.206151,-0.04457,-0.05288,-0.303781,-0.182331,-0.239088,-0.378471,-0.071761,-0.265799,-0.002846,-0.194862,-0.232011
26125,0.020842,-0.061473,-0.140855,0.028181,-0.00089,-0.211215,-0.141274,-0.196881,-0.23236,0.023051,-0.254624,0.021747,-0.112946,-0.20614
26127,0.037841,-0.105369,-0.211606,-0.036323,-0.049415,-0.307395,-0.15224,-0.217967,-0.362547,-0.069352,-0.319852,-0.023237,-0.200925,-0.233945
26129,0.076463,-0.11397,-0.183172,-0.00778,-0.029357,-0.248139,-0.153205,-0.169793,-0.334381,-0.0406,-0.270234,-0.003987,-0.141847,-0.212752
26131,0.00612,-0.101855,-0.212693,0.002393,-0.005568,-0.300423,-0.175237,-0.127342,-0.33589,-0.058668,-0.465542,-0.068174,-0.168941,-0.215974
26133,0.076463,-0.11397,-0.183172,-0.00778,-0.029357,-0.248139,-0.153205,-0.169793,-0.334381,-0.0406,-0.270234,-0.003987,-0.141847,-0.212752
26135,0.076463,-0.11397,-0.183172,-0.00778,-0.029357,-0.248139,-0.153205,-0.169793,-0.334381,-0.0406,-0.270234,-0.003987,-0.141847,-0.212752
26137,0.076463,-0.11397,-0.183172,-0.00778,-0.029357,-0.248139,-0.153205,-0.169793,-0.334381,-0.0406,-0.270234,-0.003987,-0.141847,-0.212752
26139,0.003183,-0.101222,-0.228348,-0.056599,-0.070551,-0.3352,-0.170253,-0.259123,-0.385547,-0.088422,-0.32115,-0.017629,-0.238026,-0.24679
26141,0.063065,-0.094414,-0.163524,0.013564,-0.00548,-0.219619,-0.145059,-0.122036,-0.2876,-0.005601,-0.267635,0.011775,-0.131289,-0.198322
26143,0.076463,-0.11397,-0.183172,-0.00778,-0.029357,-0.248139,-0.153205,-0.169793,-0.334381,-0.0406,-0.270234,-0.003987,-0.141847,-0.212752
26145,0.001261,-0.084503,-0.184993,-0.026589,-0.038646,-0.285319,-0.176366,-0.252632,-0.32746,-0.039935,-0.257994,0.010021,-0.180411,-0.228705
26147,0.020842,-0.061473,-0.140855,0.028181,-0.00089,-0.211215,-0.141274,-0.196881,-0.23236,0.023051,-0.254624,0.021747,-0.112946,-0.20614
26149,-0.018321,-0.107533,-0.229131,-0.081359,-0.076402,-0.359423,-0.211458,-0.308384,-0.42256,-0.102921,-0.261364,-0.001706,-0.247876,-0.251271
26151,0.049948,-0.070173,-0.137819,0.022505,0.000311,-0.21821,-0.137904,-0.157451,-0.240914,0.024257,-0.259637,0.027488,-0.12446,-0.197752
26153,0.025133,-0.100048,-0.181945,0.023098,0.007738,-0.216718,-0.150522,-0.092229,-0.287216,-0.013283,-0.381889,-0.010312,-0.130503,-0.198826
26155,-0.018321,-0.107533,-0.229131,-0.081359,-0.076402,-0.359423,-0.211458,-0.308384,-0.42256,-0.102921,-0.261364,-0.001706,-0.247876,-0.251271
26157,0.049948,-0.070173,-0.137819,0.022505,0.000311,-0.21821,-0.137904,-0.157451,-0.240914,0.024257,-0.259637,0.027488,-0.12446,-0.197752
26159,0.003183,-0.101222,-0.228348,-0.056599,-0.070551,-0.3352,-0.170253,-0.259123,-0.385547,-0.088422,-0.32115,-0.017629,-0.238026,-0.24679
26161,0.001261,-0.084503,-0.184993,-0.026589,-0.038646,-0.285319,-0.176366,-0.252632,-0.32746,-0.039935,-0.257994,0.010021,-0.180411,-0.228705
26163,0.020842,-0.061473,-0.140855,0.028181,-0.00089,-0.211215,-0.141274,-0.196881,-0.23236,0.023051,-0.254624,0.021747,-0.112946,-0.20614
26165,0.076463,-0.11397,-0.183172,-0.00778,-0.029357,-0.248139,-0.153205,-0.169793,-0.334381,-0.0406,-0.270234,-0.003987,-0.141847,-0.212752
27001,-0.116989,-0.002695,-0.341223,-0.129122,-0.299108,-0.545714,-0.030569,-0.169189,-0.54623,-0.109423,-0.282124,-0.036162,-0.381531,-0.121363
27003,-0.077111,-0.139908,-0.326154,-0.170748,-0.213041,-0.468827,-0.108425,-0.273486,-0.472955,-0.263376,-0.507008,-0.216767,-0.314635,-0.303729
27005,-0.212114,0.138578,-0.458166,-0.228841,-0.508202,-0.732713,0.098817,-0.135939,-0.692873,-0.08021,-0.138619,0.037862,-0.544822,-0.022846
27007,-0.156477,-0.114284,-0.084774,0.171019,-0.191297,-0.168146,0.019144,-0.01664,-0.330303,0.134346,-0.658312,0.098642,-0.045584,0.004856
27009,-0.212114,0.138578,-0.458166,-0.228841,-0.508202,-0.732713,0.098817,-0.135939,-0.692873,-0.08021,-0.138619,0.037862,-0.544822,-0.022846
27011,-0.15615,-0.107168,-0.377476,-0.181009,-0.351352,-0.50889,-0.043398,-0.16791,-0.555734,-0.198909,-0.383866,-0.172069,-0.47793,-0.231035
27013,-0.098757,-0.198727,-0.346238,-0.233415,-0.3184,-0.395453,-0.150707,-0.220036,-0.556744,-0.261575,-0.454311,-0.262955,-0.365597,-0.308349
27015,-0.098757,-0.198727,-0.346238,-0.233415,-0.3184,-0.395453,-0.150707,-0.220036,-0.556744,-0.261575,-0.454311,-0.262955,-0.365597,-0.308349
27017,-0.021865,-0.143968,-0.22428,-0.029403,-0.090014,-0.358714,-0.159955,-0.202438,-0.399586,-0.138636,-0.425629,-0.110187,-0.21824,-0.21988
27019,-0.087934,-0.169317,-0.336196,-0.202082,-0.26572,-0.43214,-0.129566,-0.246761,-0.51485,-0.262476,-0.48066,-0.239861,-0.340116,-0.306039
27021,-0.184296,0.012147,-0.27147,-0.028911,-0.34975,-0.45043,0.05898,-0.07629,-0.511588,0.027068,-0.398465,0.068252,-0.295203,-0.008995
27023,-0.098757,-0.198727,-0.346238,-0.233415,-0.3184,-0.395453,-0.150707,-0.220036,-0.556744,-0.261575,-0.454311,-0.262955,-0.365597,-0.308349
27025,-0.049488,-0.141938,-0.275217,-0.100076,-0.151527,-0.413771,-0.13419,-0.237962,-0.436271,-0.201006,-0.466318,-0.163477,-0.266437,-0.261805
27027,-0.179596,-0.029903,-0.393951,-0.164228,-0.380636,-0.627396,0.035405,-0.149651,-0.558817,-0.145211,-0.304961,-0.09452,-0.463125,-0.151169
27029,-0.184296,0.012147,-0.27147,-0.028911,-0.34975,-0.45043,0.05898,-0.07629,-0.511588,0.027068,-0.398465,0.068252,-0.295203,-0.008995
27031,0.001994,-0.118698,-0.18554,0.010064,0.010993,-0.230297,-0.124437,-0.096811,-0.308951,-0.022636,-0.373957,-0.080734,-0.128453,-0.175569
27033,-0.098757,-0.198727,-0.346238,-0.233415,-0.3184,-0.395453,-0.150707,-0.220036,-0.556744,-0.261575,-0.454311,-0.262955,-0.365597,-0.308349
27035,-0.212114,0.138578,-0.458166,-0.228841,-0.508202,-0.732713,0.098817,-0.135939,-0.692873,-0.08021,-0.138619,0.037862,-0.544822,-0.022846
27037,-0.077111,-0.139908,-0.326154,-0.170748,-0.213041,-0.468827,-0.108425,-0.273486,-0.472955,-0.263376,-0.507008,-0.216767,-0.314635,-0.303729
27039,-0.077111,-0.139908,-0.326154,-0.170748,-0.213041,-0.468827,-0.108425,-0.273486,-0.472955,-0.263376,-0.507008,-0.216767,-0.314635,-0.303729
27041,-0.212114,0.138578,-0.458166,-0.228841,-0.508202,-0.732713,0.098817,-0.135939,-0.692873,-0.08021,-0.138619,0.037862,-0.544822,-0.022846
27043,-0.068819,-0.100868,-0.294934,-0.12538,-0.193764,-0.400365,-0.128669,-0.223605,-0.435602,-0.189857,-0.433185,-0.181132,-0.303764,-0.221794
27045,-0.043163,-0.072296,-0.287241,-0.106011,-0.152281,-0.43426,-0.108449,-0.235767,-0.414889,-0.188931,-0.439925,-0.150935,-0.268494,-0.210859
27047,-0.043163,-0.072296,-0.287241,-0.106011,-0.152281,-0.43426,-0.108449,-0.235767,-0.414889,-0.188931,-0.439925,-0.150935,-0.268494,-0.210859
27049,-0.077111,-0.139908,-0.326154,-0.170748,-0.213041,-0.468827,-0.108425,-0.273486,-0.472955,-0.263376,-0.507008,-0.216767,-0.314635,-0.303729
27051,-0.179596,-0.029903,-0.393951,-0.164228,-0.380636,-0.627396,0.035405,-0.149651,-0.558817,-0.145211,-0.304961,-0.09452,-0.463125,-0.151169
27053,-0.087934,-0.169317,-0.336196,-0.202082,-0.26572,-0.43214,-0.129566,-0.246761,-0.51485,-0.262476,-0.48066,-0.239861,-0.340116,-0.306039
27055,-0.015525,-0.074894,-0.249038,-0.080829,-0.152114,-0.384403,-0.120593,-0.22289,-0.41296,-0.129522,-0.417717,-0.098518,-0.227706,-0.207717
27057,-0.184296,0.012147,-0.27147,-0.028911,-0.34975,-0.45043,0.05898,-0.07629,-0.511588,0.027068,-0.398465,0.068252,-0.295203,-0.008995
27059,-0.049488,-0.141938,-0.275217,-0.100076,-0.151527,-0.413771,-0.13419,-0.237962,-0.436271,-0.201006,-0.466318,-0.163477,-0.266437,-0.261805
27061,-0.110237,-0.068703,-0.25315,-0.02966,-0.208815,-0.382406,-0.047984,-0.124769,-0.44803,-0.040527,-0.394862,-0.024786,-0.252541,-0.10798
27063,-0.094474,-0.12944,-0.302627,-0.14475,-0.235248,-0.36647,-0.148889,-0.211444,-0.456315,-0.190783,-0.426446,-0.211328,-0.339034,-0.232729
27065,-0.021865,-0.143968,-0.22428,-0.029403,-0.090014,-0.358714,-0.159955,-0.202438,-0.399586,-0.138636,-0.425629,-0.110187,-0.21824,-0.21988
27067,-0.098757,-0.198727,-0.346238,-0.233415,-0.3184,-0.395453,-0.150707,-0.220036,-0.556744,-0.261575,-0.454311,-0.262955,-0.365597,-0.308349
27069,-0.096453,-0.305466,-0.419061,-0.004128,-0.126698,-0.532916,-0.164177,-0.119687,-0.405216,-0.122945,-0.500939,-0.233137,-0.343721,-0.306391
27071,-0.103485,-0.134711,-0.165078,0.069803,-0.118521,-0.219099,-0.065398,-0.08035,-0.349831,0.028368,-0.5076,-0.01341,-0.123552,-0.094597
27073,-0.132704,-0.184432,-0.361002,-0.197789,-0.322068,-0.390384,-0.122201,-0.186169,-0.55265,-0.252607,-0.46277,-0.249618,-0.492736,-0.310901
27075,-0.022412,-0.140029,-0.21769,-0.017658,-0.045337,-0.292977,-0.148117,-0.151692,-0.355456,-0.076869,-0.412245,-0.102486,-0.180691,-0.202626
27077,-0.156663,-0.163379,-0.198043,0.038812,-0.166267,0.359279,-0.120774,-0.080203,-0.37135,0.01086,-0.543353,-0.021279,-0.012003,-0.136166
27079,-0.087934,-0.169317,-0.336196,-0.202082,-0.26572,-0.43214,-0.129566,-0.246761,-0.51485,-0.262476,-0.48066,-0.239861,-0.340116,-0.306039
27081,-0.132704,-0.184432,-0.361002,-0.197789,-0.322068,-0.390384,-0.122201,-0.186169,-0.55265,-0.252607,-0.46277,-0.249618,-0.492736,-0.310901
27083,-0.098757,-0.198727,-0.346238,-0.233415,-0.3184,-0.395453,-0.150707,-0.220036,-0.556744,-0.261575,-0.454311,-0.262955,-0.365597,-0.308349
27085,-0.098757,-0.198727,-0.346238,-0.233415,-0.3184,-0.395453,-0.150707,-0.220036,-0.556744,-0.261575,-0.454311,-0.262955,-0.365597,-0.308349
27087,-0.184296,0.012147,-0.27147,-0.028911,-0.34975,-0.45043,0.05898,-0.07629,-0.511588,0.027068,-0.398465,0.068252,-0.295203,-0.008995
27089,-0.126465,-0.209875,-0.251917,0.083446,-0.158998,-0.350531,-0.072517,-0.068164,-0.36776,0.0057,-0.579625,-0.067248,-0.194652,-0.150768
27091,-0.094474,-0.12944,-0.302627,-0.14475,-0.235248,-0.36647,-0.148889,-0.211444,-0.456315,-0.190783,-0.426446,-0.211328,-0.339034,-0.232729
27093,-0.098757,-0.198727,-0.346238,-0.233415,-0.3184,-0.395453,-0.150707,-0.220036,-0.556744,-0.261575,-0.454311,-0.262955,-0.365597,-0.308349
27095,-0.116989,-0.002695,-0.341223,-0.129122,-0.299108,-0.545714,-0.030569,-0.169189,-0.54623,-0.109423,-0.282124,-0.036162,-0.381531,-0.121363
27097,-0.212114,0.138578,-0.458166,-0.228841,-0.508202,-0.732713,0.098817,-0.135939,-0.692873,-0.08021,-0.138619,0.037862,-0.544822,-0.022846
27099,-0.043163,-0.072296,-0.287241,-0.106011,-0.152281,-0.43426,-0.108449,-0.235767,-0.414889,-0.188931,-0.439925,-0.150935,-0.268494,-0.210859
27101,-0.098757,-0.198727,-0.346238,-0.233415,-0.3184,-0.395453,-0.150707,-0.220036,-0.556744,-0.261575,-0.454311,-0.262955,-0.365597,-0.308349
27103,-0.098757,-0.198727,-0.346238,-0.233415,-0.3184,-0.395453,-0.150707,-0.220036,-0.556744,-0.261575,-0.454311,-0.262955,-0.365597,-0.308349
27105,-0.094474,-0.12944,-0.302627,-0.14475,-0.235248,-0.36647,-0.148889,-0.211444,-0.456315,-0.190783,-0.426446,-0.211328,-0.339034,-0.232729
27107,-0.153031,-0.119889,-0.322934,-0.040391,-0.269817,-0.488964,-0.018556,-0.108907,-0.463288,-0.069755,-0.442293,-0.080884,-0.328888,-0.150968
27109,-0.077111,-0.139908,-0.326154,-0.170748,-0.213041,-0.468827,-0.108425,-0.273486,-0.472955,-0.263376,-0.507008,-0.216767,-0.314635,-0.303729
27111,-0.179596,-0.029903,-0.393951,-0.164228,-0.380636,-0.627396,0.035405,-0.149651,-0.558817,-0.145211,-0.304961,-0.09452,-0.463125,-0.151169
27113,-0.126465,-0.209875,-0.251917,0.083446,-0.158998,-0.350531,-0.072517,-0.068164,-0.36776,0.0057,-0.579625,-0.067248,-0.194652,-0.150768
27115,-0.021865,-0.143968,-0.22428,-0.029403,-0.090014,-0.358714,-0.159955,-0.202438,-0.399586,-0.138636,-0.425629,-0.110187,-0.21824,-0.21988
27117,-0.132704,-0.184432,-0.361002,-0.197789,-0.322068,-0.390384,-0.122201,-0.186169,-0.55265,-0.252607,-0.46277,-0.249618,-0.492736,-0.310901
27119,-0.126465,-0.209875,-0.251917,0.083446,-0.158998,-0.350531,-0.072517,-0.068164,-0.36776,0.0057,-0.579625,-0.067248,-0.194652,-0.150768
27121,-0.155436,-0.030074,-0.402202,-0.231128,-0.413301,-0.564083,-0.025945,-0.177988,-0.624809,-0.170893,-0.296465,-0.112547,-0.45521,-0.165598
27123,-0.077111,-0.139908,-0.326154,-0.170748,-0.213041,-0.468827,-0.108425,-0.273486,-0.472955,-0.263376,-0.507008,-0.216767,-0.314635,-0.303729
27125,-0.126465,-0.209875,-0.251917,0.083446,-0.158998,-0.350531,-0.072517,-0.068164,-0.36776,0.0057,-0.579625,-0.067248,-0.194652,-0.150768
27127,-0.098757,-0.198727,-0.346238,-0.233415,-0.3184,-0.395453,-0.150707,-0.220036,-0.556744,-0.261575,-0.454311,-0.262955,-0.365597,-0.308349
27129,-0.098757,-0.198727,-0.346238,-0.233415,-0.3184,-0.395453,-0.150707,-0.220036,-0.556744,-0.261575,-0.454311,-0.262955,-0.365597,-0.308349
27131,-0.077111,-0.139908,-0.326154,-0.170748,-0.213041,-0.468827,-0.108425,-0.273486,-0.472955,-0.263376,-0.507008,-0.216767,-0.314635,-0.303729
27133,-0.120074,-0.149392,-0.302688,-0.135371,-0.229765,-0.365787,-0.119802,-0.181154,-0.448768,-0.179462,-0.427121,-0.199273,-0.3901,-0.237971
27135,-0.126465,-0.209875,-0.251917,0.083446,-0.158998,-0.350531,-0.072517,-0.068164,-0.36776,0.0057,-0.579625,-0.067248,-0.194652,-0.150768
27137,-0.036179,-0.149553,-0.234831,-0.030409,-0.067879,-0.314383,-0.154948,-0.173249,-0.384472,-0.108123,-0.391258,-0.117824,-0.20988,-0.206965
27139,-0.087934,-0.169317,-0.336196,-0.202082,-0.26572,-0.43214,-0.129566,-0.246761,-0.51485,-0.262476,-0.48066,-0.239861,-0.340116,-0.306039
27141,-0.102462,-0.086006,-0.338709,-0.165602,-0.282414,-0.488927,-0.080067,-0.207975,-0.53054,-0.18595,-0.381392,-0.138012,-0.360823,-0.213701
27143,-0.098757,-0.198727,-0.346238,-0.233415,-0.3184,-0.395453,-0.150707,-0.220036,-0.556744,-0.261575,-0.454311,-0.262955,-0.365597,-0.308349
27145,-0.155436,-0.030074,-0.402202,-0.231128,-0.413301,-0.564083,-0.025945,-0.177988,-0.624809,-0.170893,-0.296465,-0.112547,-0.45521,-0.165598
27147,-0.077111,-0.139908,-0.326154,-0.170748,-0.213041,-0.468827,-0.108425,-0.273486,-0.472955,-0.263376,-0.507008,-0.216767,-0.314635,-0.303729
27149,-0.15265,-0.086177,-0.378046,-0.18729,-0.359891,-0.550082,-0.026632,-0.173113,-0.558126,-0.183999,-0.354745,-0.150665,-0.430615,-0.203562
27151,-0.098757,-0.198727,-0.346238,-0.233415,-0.3184,-0.395453,-0.150707,-0.220036,-0.556744,-0.261575,-0.454311,-0.262955,-0.365597,-0.308349
27153,-0.212114,0.138578,-0.458166,-0.228841,-0.508202,-0.732713,0.098817,-0.135939,-0.692873,-0.08021,-0.138619,0.037862,-0.544822,-0.022846
27155,-0.147079,-0.198384,-0.329736,-0.099616,-0.253071,-0.522079,-0.028008,-0.163363,-0.424761,-0.210212,-0.471304,-0.226902,-0.381427,-0.279491
27157,-0.077111,-0.139908,-0.326154,-0.170748,-0.213041,-0.468827,-0.108425,-0.273486,-0.472955,-0.263376,-0.507008,-0.216767,-0.314635,-0.303729
27159,-0.212114,0.138578,-0.458166,-0.228841,-0.508202,-0.732713,0.098817,-0.135939,-0.692873,-0.08021,-0.138619,0.037862,-0.544822,-0.022846
27161,-0.087934,-0.169317,-0.336196,-0.202082,-0.26572,-0.43214,-0.129566,-0.246761,-0.51485,-0.262476,-0.48066,-0.239861,-0.340116,-0.306039
27163,-0.077111,-0.139908,-0.326154,-0.170748,-0.213041,-0.468827,-0.108425,-0.273486,-0.472955,-0.263376,-0.507008,-0.216767,-0.314635,-0.303729
27165,-0.098757,-0.198727,-0.346238,-0.233415,-0.3184,-0.395453,-0.150707,-0.220036,-0.556744,-0.261575,-0.454311,-0.262955,-0.365597,-0.308349
27167,-0.147079,-0.198384,-0.329736,-0.099616,-0.253071,-0.522079,-0.028008,-0.163363,-0.424761,-0.210212,-0.471304,-0.226902,-0.381427,-0.279491
27169,-0.077111,-0.139908,-0.326154,-0.170748,-0.213041,-0.468827,-0.108425,-0.273486,-0.472955,-0.263376,-0.507008,-0.216767,-0.314635,-0.303729
27171,-0.087934,-0.169317,-0.336196,-0.202082,-0.26572,-0.43214,-0.129566,-0.246761,-0.51485,-0.262476,-0.48066,-0.239861,-0.340116,-0.306039
27173,-0.132704,-0.184432,-0.361002,-0.197789,-0.322068,-0.390384,-0.122201,-0.186169,-0.55265,-0.252607,-0.46277,-0.249618,-0.492736,-0.310901
28001,-0.446203,-0.093926,-0.066202,-0.567345,-0.144581,-0.003426,-0.107897,-0.445151,-0.147182,-1.289741,-0.525853,-0.053149,-0.266978,-0.178691
28003,0.005221,-0.019753,-0.024505,-0.066445,-0.111938,-0.010215,0.125111,-0.157286,-0.144735,-0.202086,-0.138406,0.122745,-0.125443,-0.502102
28005,-0.732601,-0.028553,-0.024629,-0.886931,-0.069171,0.064914,-0.196589,-0.766975,-0.11478,-1.367642,-0.782232,0.007537,-0.173505,-0.123259
28007,-0.071555,-0.089545,-0.119322,-0.190125,-0.172074,0.007389,0.041425,-0.28205,-0.148835,-0.330284,-0.168439,0.008458,-0.179352,-1.055983
28009,0.006724,-0.108077,-0.054975,-0.134692,-0.179826,-0.087913,0.19788,-0.204582,-0.195137,-0.258228,-0.1767,0.209149,-0.079999,-0.521154
28011,-0.032415,-0.098811,-0.087149,-0.162408,-0.17595,-0.040262,0.119653,-0.243316,-0.171986,-0.294256,-0.172569,0.108803,-0.129675,-0.788569
28013,-0.032415,-0.098811,-0.087149,-0.162408,-0.17595,-0.040262,0.119653,-0.243316,-0.171986,-0.294256,-0.172569,0.108803,-0.129675,-0.788569
28015,-0.071555,-0.089545,-0.119322,-0.190125,-0.172074,0.007389,0.041425,-0.28205,-0.148835,-0.330284,-0.168439,0.008458,-0.179352,-1.055983
28017,-0.069789,-0.05009,-0.118248,-0.138517,-0.128199,0.039829,0.016935,-0.216085,-0.143185,-0.286263,-0.13451,-0.021119,-0.184408,-0.770007
28019,-0.071555,-0.089545,-0.119322,-0.190125,-0.172074,0.007389,0.041425,-0.28205,-0.148835,-0.330284,-0.168439,0.008458,-0.179352,-1.055983
28021,-0.402078,-0.059049,-0.071976,-0.538528,-0.120623,0.036151,-0.077582,-0.524513,-0.131807,-0.848963,-0.475336,0.007997,-0.176429,-0.589621
28023,-0.24671,-0.039638,-0.097158,-0.310287,-0.090261,0.051002,-0.038088,-0.334886,-0.146818,-0.602971,-0.270149,-0.021929,-0.191627,-0.455765
28025,-0.069789,-0.05009,-0.118248,-0.138517,-0.128199,0.039829,0.016935,-0.216085,-0.143185,-0.286263,-0.13451,-0.021119,-0.184408,-0.770007
28027,-0.032415,-0.098811,-0.087149,-0.162408,-0.17595,-0.040262,0.119653,-0.243316,-0.171986,-0.294256,-0.172569,0.108803,-0.129675,-0.788569
28029,-0.732601,-0.028553,-0.024629,-0.886931,-0.069171,0.064914,-0.196589,-0.766975,-0.11478,-1.367642,-0.782232,0.007537,-0.173505,-0.123259
28031,-0.732601,-0.028553,-0.024629,-0.886931,-0.069171,0.064914,-0.196589,-0.766975,-0.11478,-1.367642,-0.782232,0.007537,-0.173505,-0.123259
28033,0.006724,-0.108077,-0.054975,-0.134692,-0.179826,-0.087913,0.19788,-0.204582,-0.195137,-0.258228,-0.1767,0.209149,-0.079999,-0.521154
28035,-0.732601,-0.028553,-0.024629,-0.886931,-0.069171,0.064914,-0.196589,-0.766975,-0.11478,-1.367642,-0.782232,0.007537,-0.173505,-0.123259
28037,-0.732601,-0.028553,-0.024629,-0.886931,-0.069171,0.064914,-0.196589,-0.766975,-0.11478,-1.367642,-0.782232,0.007537,-0.173505,-0.123259
28039,-0.423632,-0.029186,-0.076069,-0.482058,-0.052324,0.062174,-0.09311,-0.453686,-0.150452,-0.919679,-0.405788,-0.022739,-0.198846,-0.141522
28041,-0.423632,-0.029186,-0.076069,-0.482058,-0.052324,0.062174,-0.09311,-0.453686,-0.150452,-0.919679,-0.405788,-0.022739,-0.198846,-0.141522
28043,-0.071555,-0.089545,-0.119322,-0.190125,-0.172074,0.007389,0.041425,-0.28205,-0.148835,-0.330284,-0.168439,0.008458,-0.179352,-1.055983
28045,-0.399699,0.020879,-0.051137,-0.419314,-0.004284,0.073518,-0.110886,-0.388296,-0.075456,-0.753232,-0.377445,-0.006507,-0.152836,-0.081355
28047,-0.399699,0.020879,-0.051137,-0.419314,-0.004284,0.073518,-0.110886,-0.388296,-0.075456,-0.753232,-0.377445,-0.006507,-0.152836,-0.081355
28049,-0.402078,-0.059049,-0.071976,-0.538528,-0.120623,0.036151,-0.077582,-0.524513,-0.131807,-0.848963,-0.475336,0.007997,-0.176429,-0.589621
28051,-0.071555,-0.089545,-0.119322,-0.190125,-0.172074,0.007389,0.041425,-0.28205,-0.148835,-0.330284,-0.168439,0.008458,-0.179352,-1.055983
28053,-0.071555,-0.089545,-0.119322,-0.190125,-0.172074,0.007389,0.041425,-0.28205,-0.148835,-0.330284,-0.168439,0.008458,-0.179352,-1.055983
28055,-0.071555,-0.089545,-0.119322,-0.190125,-0.172074,0.007389,0.041425,-0.28205,-0.148835,-0.330284,-0.168439,0.008458,-0.179352,-1.055983
28057,-0.032152,0.028967,-0.055604,-0.042553,-0.064187,0.069877,0.022394,-0.130055,-0.115934,-0.194093,-0.100347,-0.007178,-0.180176,-0.48354
28059,-0.251899,0.024047,-0.078026,-0.210936,0.006457,0.067586,-0.070081,-0.241517,-0.093787,-0.534935,-0.187477,-0.023337,-0.166816,-0.089991
28061,-0.402078,-0.059049,-0.071976,-0.538528,-0.120623,0.036151,-0.077582,-0.524513,-0.131807,-0.848963,-0.475336,0.007997,-0.176429,-0.589621
28063,-0.446203,-0.093926,-0.066202,-0.567345,-0.144581,-0.003426,-0.107897,-0.445151,-0.147182,-1.289741,-0.525853,-0.053149,-0.266978,-0.178691
28065,-0.732601,-0.028553,-0.024629,-0.886931,-0.069171,0.064914,-0.196589,-0.766975,-0.11478,-1.367642,-0.782232,0.007537,-0.173505,-0.123259
28067,-0.732601,-0.028553,-0.024629,-0.886931,-0.069171,0.064914,-0.196589,-0.766975,-0.11478,-1.367642,-0.782232,0.007537,-0.173505,-0.123259
28069,-0.069789,-0.05009,-0.118248,-0.138517,-0.128199,0.039829,0.016935,-0.216085,-0.143185,-0.286263,-0.13451,-0.021119,-0.184408,-0.770007
28071,0.006724,-0.108077,-0.054975,-0.134692,-0.179826,-0.087913,0.19788,-0.204582,-0.195137,-0.258228,-0.1767,0.209149,-0.079999,-0.521154
28073,-0.732601,-0.028553,-0.024629,-0.886931,-0.069171,0.064914,-0.196589,-0.766975,-0.11478,-1.367642,-0.782232,0.007537,-0.173505,-0.123259
28075,-0.069789,-0.05009,-0.118248,-0.138517,-0.128199,0.039829,0.016935,-0.216085,-0.143185,-0.286263,-0.13451,-0.021119,-0.184408,-0.770007
28077,-0.732601,-0.028553,-0.024629,-0.886931,-0.069171,0.064914,-0.196589,-0.766975,-0.11478,-1.367642,-0.782232,0.007537,-0.173505,-0.123259
28079,-0.071555,-0.089545,-0.119322,-0.190125,-0.172074,0.007389,0.041425,-0.28205,-0.148835,-0.330284,-0.168439,0.008458,-0.179352,-1.055983
28081,-0.032284,-0.034922,-0.071376,-0.102481,-0.120069,0.014807,0.071023,-0.186685,-0.14396,-0.244175,-0.136458,0.050813,-0.154925,-0.636054
28083,-0.071555,-0.089545,-0.119322,-0.190125,-0.172074,0.007389,0.041425,-0.28205,-0.148835,-0.330284,-0.168439,0.008458,-0.179352,-1.055983
28085,-0.732601,-0.028553,-0.024629,-0.886931,-0.069171,0.064914,-0.196589,-0.766975,-0.11478,-1.367642,-0.782232,0.007537,-0.173505,-0.123259
28087,-0.068022,-0.010636,-0.117174,-0.086909,-0.084323,0.07227,-0.007555,-0.150119,-0.137535,-0.242243,-0.100581,-0.050697,-0.189464,-0.48403
28089,-0.071555,-0.089545,-0.119322,-0.190125,-0.172074,0.007389,0.041425,-0.28205,-0.148835,-0.330284,-0.168439,0.008458,-0.179352,-1.055983
28091,-0.732601,-0.028553,-0.024629,-0.886931,-0.069171,0.064914,-0.196589,-0.766975,-0.11478,-1.367642,-0.782232,0.007537,-0.173505,-0.123259
28093,0.006724,-0.108077,-0.054975,-0.134692,-0.179826,-0.087913,0.19788,-0.204582,-0.195137,-0.258228,-0.1767,0.209149,-0.079999,-0.521154
28095,-0.068022,-0.010636,-0.117174,-0.086909,-0.084323,0.07227,-0.007555,-0.150119,-0.137535,-0.242243,-0.100581,-0.050697,-0.189464,-0.48403
28097,-0.071555,-0.089545,-0.119322,-0.190125,-0.172074,0.007389,0.041425,-0.28205,-0.148835,-0.330284,-0.168439,0.008458,-0.179352,-1.055983
28099,-0.071555,-0.089545,-0.119322,-0.190125,-0.172074,0.007389,0.041425,-0.28205,-0.148835,-0.330284,-0.168439,0.008458,-0.179352,-1.055983
28101,-0.071555,-0.089545,-0.119322,-0.190125,-0.172074,0.007389,0.041425,-0.28205,-0.148835,-0.330284,-0.168439,0.008458,-0.179352,-1.055983
28103,-0.069789,-0.05009,-0.118248,-0.138517,-0.128199,0.039829,0.016935,-0.216085,-0.143185,-0.286263,-0.13451,-0.021119,-0.184408,-0.770007
28105,-0.069789,-0.05009,-0.118248,-0.138517,-0.128199,0.039829,0.016935,-0.216085,-0.143185,-0.286263,-0.13451,-0.021119,-0.184408,-0.770007
28107,0.006724,-0.108077,-0.054975,-0.134692,-0.179826,-0.087913,0.19788,-0.204582,-0.195137,-0.258228,-0.1767,0.209149,-0.079999,-0.521154
28109,-0.732601,-0.028553,-0.024629,-0.886931,-0.069171,0.064914,-0.196589,-0.766975,-0.11478,-1.367642,-0.782232,0.007537,-0.173505,-0.123259
28111,-0.732601,-0.028553,-0.024629,-0.886931,-0.069171,0.064914,-0.196589,-0.766975,-0.11478,-1.367642,-0.782232,0.007537,-0.173505,-0.123259
28113,-0.732601,-0.028553,-0.024629,-0.886931,-0.069171,0.064914,-0.196589,-0.766975,-0.11478,-1.367642,-0.782232,0.007537,-0.173505,-0.123259
28115,-0.032415,-0.098811,-0.087149,-0.162408,-0.17595,-0.040262,0.119653,-0.243316,-0.171986,-0.294256,-0.172569,0.108803,-0.129675,-0.788569
28117,0.003718,0.06857,0.005965,0.001803,-0.044051,0.067484,0.052342,-0.10999,-0.094332,-0.145943,-0.100113,0.036342,-0.170887,-0.48305
28119,-0.032415,-0.098811,-0.087149,-0.162408,-0.17595,-0.040262,0.119653,-0.243316,-0.171986,-0.294256,-0.172569,0.108803,-0.129675,-0.788569
28121,-0.402078,-0.059049,-0.071976,-0.538528,-0.120623,0.036151,-0.077582,-0.524513,-0.131807,-0.848963,-0.475336,0.007997,-0.176429,-0.589621
28123,-0.071555,-0.089545,-0.119322,-0.190125,-0.172074,0.007389,0.041425,-0.28205,-0.148835,-0.330284,-0.168439,0.008458,-0.179352,-1.055983
28125,-0.071555,-0.089545,-0.119322,-0.190125,-0.172074,0.007389,0.041425,-0.28205,-0.148835,-0.330284,-0.168439,0.008458,-0.179352,-1.055983
28127,-0.732601,-0.028553,-0.024629,-0.886931,-0.069171,0.064914,-0.196589,-0.766975,-0.11478,-1.367642,-0.782232,0.007537,-0.173505,-0.123259
28129,-0.402078,-0.059049,-0.071976,-0.538528,-0.120623,0.036151,-0.077582,-0.524513,-0.131807,-0.848963,-0.475336,0.007997,-0.176429,-0.589621
28131,-0.732601,-0.028553,-0.024629,-0.886931,-0.069171,0.064914,-0.196589,-0.766975,-0.11478,-1.367642,-0.782232,0.007537,-0.173505,-0.123259
28133,-0.071555,-0.089545,-0.119322,-0.190125,-0.172074,0.007389,0.041425,-0.28205,-0.148835,-0.330284,-0.168439,0.008458,-0.179352,-1.055983
28135,-0.032415,-0.098811,-0.087149,-0.162408,-0.17595,-0.040262,0.119653,-0.243316,-0.171986,-0.294256,-0.172569,0.108803,-0.129675,-0.788569
28137,0.006724,-0.108077,-0.054975,-0.134692,-0.179826,-0.087913,0.19788,-0.204582,-0.195137,-0.258228,-0.1767,0.209149,-0.079999,-0.521154
28139,0.005221,-0.019753,-0.024505,-0.066445,-0.111938,-0.010215,0.125111,-0.157286,-0.144735,-0.202086,-0.138406,0.122745,-0.125443,-0.502102
28141,0.003718,0.06857,0.005965,0.001803,-0.044051,0.067484,0.052342,-0.10999,-0.094332,-0.145943,-0.100113,0.036342,-0.170887,-0.48305
28143,0.006724,-0.108077,-0.054975,-0.134692,-0.179826,-0.087913,0.19788,-0.204582,-0.195137,-0.258228,-0.1767,0.209149,-0.079999,-0.521154
28145,0.005221,-0.019753,-0.024505,-0.066445,-0.111938,-0.010215,0.125111,-0.157286,-0.144735,-0.202086,-0.138406,0.122745,-0.125443,-0.502102
28147,-0.732601,-0.028553,-0.024629,-0.886931,-0.069171,0.064914,-0.196589,-0.766975,-0.11478,-1.367642,-0.782232,0.007537,-0.173505,-0.123259
28149,-0.402078,-0.059049,-0.071976,-0.538528,-0.120623,0.036151,-0.077582,-0.524513,-0.131807,-0.848963,-0.475336,0.007997,-0.176429,-0.589621
28151,-0.071555,-0.089545,-0.119322,-0.190125,-0.172074,0.007389,0.041425,-0.28205,-0.148835,-0.330284,-0.168439,0.008458,-0.179352,-1.055983
28153,-0.423632,-0.029186,-0.076069,-0.482058,-0.052324,0.062174,-0.09311,-0.453686,-0.150452,-0.919679,-0.405788,-0.022739,-0.198846,-0.141522
28155,-0.071555,-0.089545,-0.119322,-0.190125,-0.172074,0.007389,0.041425,-0.28205,-0.148835,-0.330284,-0.168439,0.008458,-0.179352,-1.055983
28157,-0.446203,-0.093926,-0.066202,-0.567345,-0.144581,-0.003426,-0.107897,-0.445151,-0.147182,-1.289741,-0.525853,-0.053149,-0.266978,-0.178691
28159,-0.071555,-0.089545,-0.119322,-0.190125,-0.172074,0.007389,0.041425,-0.28205,-0.148835,-0.330284,-0.168439,0.008458,-0.179352,-1.055983
28161,-0.032415,-0.098811,-0.087149,-0.162408,-0.17595,-0.040262,0.119653,-0.243316,-0.171986,-0.294256,-0.172569,0.108803,-0.129675,-0.788569
28163,-0.071555,-0.089545,-0.119322,-0.190125,-0.172074,0.007389,0.041425,-0.28205,-0.148835,-0.330284,-0.168439,0.008458,-0.179352,-1.055983
29001,-0.032379,-0.124573,-0.158707,0.018181,-0.16968,-0.250027,-0.167118,-0.182806,-0.370144,-0.10696,-0.430013,0.077472,-0.246798,-0.155818
29003,-0.117663,-0.119233,-0.206846,-0.081576,-0.219469,-0.315249,-0.196648,-0.208255,-0.378631,-0.174928,-0.37702,0.05173,-0.216136,-0.21218
29005,-0.117663,-0.119233,-0.206846,-0.081576,-0.219469,-0.315249,-0.196648,-0.208255,-0.378631,-0.174928,-0.37702,0.05173,-0.216136,-0.21218
29007,0.001925,-0.12735,-0.165091,-0.018492,-0.267535,-0.301359,-0.121,-0.303735,-0.312351,-0.186352,-0.385501,0.015446,-0.331999,-0.288473
29009,-0.000797,-0.272632,0.022727,-0.240838,-0.359862,-0.181091,-0.044383,-0.346833,-0.460739,-0.369598,-0.454319,0.152884,-0.146409,-0.682753
29011,-0.078812,-0.14567,-0.010806,-0.145496,-0.246613,-0.238593,-0.094174,-0.216719,-0.348493,-0.300377,-0.362143,0.21361,-0.180048,-0.488725
29013,-0.018626,-0.013664,-0.079217,-0.028512,-0.179655,-0.272796,-0.037951,-0.202753,-0.231908,-0.147331,-0.32756,0.159846,-0.263352,-0.150549
29015,0.001925,-0.12735,-0.165091,-0.018492,-0.267535,-0.301359,-0.121,-0.303735,-0.312351,-0.186352,-0.385501,0.015446,-0.331999,-0.288473
29017,-0.136121,-0.288236,-0.23609,-0.196542,-0.295509,-0.339821,-0.018162,-0.374561,-0.415556,-0.254877,-0.410797,-0.058136,-0.157488,-0.651043
29019,0.001925,-0.12735,-0.165091,-0.018492,-0.267535,-0.301359,-0.121,-0.303735,-0.312351,-0.186352,-0.385501,0.015446,-0.331999,-0.288473
29021,-0.068144,-0.066448,-0.143031,-0.055044,-0.199562,-0.294022,-0.1173,-0.205504,-0.30527,-0.161129,-0.35229,0.105788,-0.239744,-0.181365
29023,-0.136121,-0.288236,-0.23609,-0.196542,-0.295509,-0.339821,-0.018162,-0.374561,-0.415556,-0.254877,-0.410797,-0.058136,-0.157488,-0.651043
29025,-0.018626,-0.013664,-0.079217,-0.028512,-0.179655,-0.272796,-0.037951,-0.202753,-0.231908,-0.147331,-0.32756,0.159846,-0.263352,-0.150549
29027,0.001925,-0.12735,-0.165091,-0.018492,-0.267535,-0.301359,-0.121,-0.303735,-0.312351,-0.186352,-0.385501,0.015446,-0.331999,-0.288473
29029,0.039571,-0.263472,-0.054416,-0.177336,-0.370323,-0.212474,-0.057796,-0.390341,-0.442668,-0.312586,-0.465998,0.053802,-0.222384,-0.582627
29031,-0.136121,-0.288236,-0.23609,-0.196542,-0.295509,-0.339821,-0.018162,-0.374561,-0.415556,-0.254877,-0.410797,-0.058136,-0.157488,-0.651043
29033,-0.00835,-0.070507,-0.122154,-0.023502,-0.223595,-0.287077,-0.079475,-0.253244,-0.272129,-0.166841,-0.35653,0.087646,-0.297675,-0.219511
29035,-0.136121,-0.288236,-0.23609,-0.196542,-0.295509,-0.339821,-0.018162,-0.374561,-0.415556,-0.254877,-0.410797,-0.058136,-0.157488,-0.651043
29037,-0.018626,-0.013664,-0.079217,-0.028512,-0.179655,-0.272796,-0.037951,-0.202753,-0.231908,-0.147331,-0.32756,0.159846,-0.263352,-0.150549
29039,-0.00674,-0.186309,-0.011254,-0.170063,-0.299793,-0.211659,-0.042239,-0.298806,-0.384462,-0.295509,-0.412066,0.155205,-0.18539,-0.505352
29041,0.001925,-0.12735,-0.165091,-0.018492,-0.267535,-0.301359,-0.121,-0.303735,-0.312351,-0.186352,-0.385501,0.015446,-0.331999,-0.288473
29043,0.077218,-0.399594,0.056259,-0.33618,-0.473112,-0.123589,0.005408,-0.476947,-0.572985,-0.43882,-0.546495,0.092157,-0.112769,-0.876781
29045,-0.032379,-0.124573,-0.158707,0.018181,-0.16968,-0.250027,-0.167118,-0.182806,-0.370144,-0.10696,-0.430013,0.077472,-0.246798,-0.155818
29047,-0.018626,-0.013664,-0.079217,-0.028512,-0.179655,-0.272796,-0.037951,-0.202753,-0.231908,-0.147331,-0.32756,0.159846,-0.263352,-0.150549
29049,-0.018626,-0.013664,-0.079217,-0.028512,-0.179655,-0.272796,-0.037951,-0.202753,-0.231908,-0.147331,-0.32756,0.159846,-0.263352,-0.150549
29051,0.001925,-0.12735,-0.165091,-0.018492,-0.267535,-0.301359,-0.121,-0.303735,-0.312351,-0.186352,-0.385501,0.015446,-0.331999,-0.288473
29053,0.001925,-0.12735,-0.165091,-0.018492,-0.267535,-0.301359,-0.121,-0.303735,-0.312351,-0.186352,-0.385501,0.015446,-0.331999,-0.288473
29055,-0.026629,-0.224083,-0.133711,-0.132993,-0.311672,-0.257113,-0.085111,-0.351897,-0.408561,-0.239304,-0.4338,0.014384,-0.220027,-0.536696
29057,-0.000797,-0.272632,0.022727,-0.240838,-0.359862,-0.181091,-0.044383,-0.346833,-0.460739,-0.369598,-0.454319,0.152884,-0.146409,-0.682753
29059,0.039571,-0.263472,-0.054416,-0.177336,-0.370323,-0.212474,-0.057796,-0.390341,-0.442668,-0.312586,-0.465998,0.053802,-0.222384,-0.582627
29061,-0.068144,-0.066448,-0.143031,-0.055044,-0.199562,-0.294022,-0.1173,-0.205504,-0.30527,-0.161129,-0.35229,0.105788,-0.239744,-0.181365
29063,-0.068144,-0.066448,-0.143031,-0.055044,-0.199562,-0.294022,-0.1173,-0.205504,-0.30527,-0.161129,-0.35229,0.105788,-0.239744,-0.181365
29065,-0.029452,-0.343915,-0.089915,-0.266361,-0.38431,-0.231705,-0.006377,-0.425754,-0.49427,-0.346848,-0.478646,0.017011,-0.135129,-0.763912
29067,0.077218,-0.399594,0.056259,-0.33618,-0.473112,-0.123589,0.005408,-0.476947,-0.572985,-0.43882,-0.546495,0.092157,-0.112769,-0.876781
29069,-0.108845,-0.273157,-0.185152,-0.217093,-0.26777,-0.279343,0.007705,-0.329583,-0.369922,-0.257845,-0.347713,0.057205,-0.117864,-0.616809
29071,-0.023805,-0.10425,-0.177507,0.000374,-0.239034,-0.282521,-0.163845,-0.278041,-0.322851,-0.131759,-0.388954,0.011757,-0.304925,-0.30948
29073,0.001925,-0.12735,-0.165091,-0.018492,-0.267535,-0.301359,-0.121,-0.303735,-0.312351,-0.186352,-0.385501,0.015446,-0.331999,-0.288473
29075,-0.117663,-0.119233,-0.206846,-0.081576,-0.219469,-0.315249,-0.196648,-0.208255,-0.378631,-0.174928,-0.37702,0.05173,-0.216136,-0.21218
29077,0.077218,-0.399594,0.056259,-0.33618,-0.473112,-0.123589,0.005408,-0.476947,-0.572985,-0.43882,-0.546495,0.092157,-0.112769,-0.876781
29079,-0.075021,-0.121903,-0.182776,-0.031697,-0.194574,-0.282638,-0.181883,-0.195531,-0.374388,-0.140944,-0.403517,0.064601,-0.231467,-0.183999
29081,-0.117663,-0.119233,-0.206846,-0.081576,-0.219469,-0.315249,-0.196648,-0.208255,-0.378631,-0.174928,-0.37702,0.05173,-0.216136,-0.21218
29083,-0.00835,-0.070507,-0.122154,-0.023502,-0.223595,-0.287077,-0.079475,-0.253244,-0.272129,-0.166841,-0.35653,0.087646,-0.297675,-0.219511
29085,0.039571,-0.263472,-0.054416,-0.177336,-0.370323,-0.212474,-0.057796,-0.390341,-0.442668,-0.312586,-0.465998,0.053802,-0.222384,-0.582627
29087,-0.117663,-0.119233,-0.206846,-0.081576,-0.219469,-0.315249,-0.196648,-0.208255,-0.378631,-0.174928,-0.37702,0.05173,-0.216136,-0.21218
29089,0.001925,-0.12735,-0.165091,-0.018492,-0.267535,-0.301359,-0.121,-0.303735,-0.312351,-0.186352,-0.385501,0.015446,-0.331999,-0.288473
29091,0.077218,-0.399594,0.056259,-0.33618,-0.473112,-0.123589,0.005408,-0.476947,-0.572985,-0.43882,-0.546495,0.092157,-0.112769,-0.876781
29093,-0.136121,-0.288236,-0.23609,-0.196542,-0.295509,-0.339821,-0.018162,-0.374561,-0.415556,-0.254877,-0.410797,-0.058136,-0.157488,-0.651043
29095,-0.018626,-0.013664,-0.079217,-0.028512,-0.179655,-0.272796,-0.037951,-0.202753,-0.231908,-0.147331,-0.32756,0.159846,-0.263352,-0.150549
29097,-0.078812,-0.14567,-0.010806,-0.145496,-0.246613,-0.238593,-0.094174,-0.216719,-0.348493,-0.300377,-0.362143,0.21361,-0.180048,-0.488725
29099,-0.049536,-0.08115,-0.189924,0.01924,-0.210533,-0.263682,-0.20669,-0.252346,-0.333351,-0.077166,-0.392407,0.008068,-0.277852,-0.330487
29101,-0.00835,-0.070507,-0.122154,-0.023502,-0.223595,-0.287077,-0.079475,-0.253244,-0.272129,-0.166841,-0.35653,0.087646,-0.297675,-0.219511
29103,-0.032379,-0.124573,-0.158707,0.018181,-0.16968,-0.250027,-0.167118,-0.182806,-0.370144,-0.10696,-0.430013,0.077472,-0.246798,-0.155818
29105,0.039571,-0.263472,-0.054416,-0.177336,-0.370323,-0.212474,-0.057796,-0.390341,-0.442668,-0.312586,-0.465998,0.053802,-0.222384,-0.582627
29107,-0.00835,-0.070507,-0.122154,-0.023502,-0.223595,-0.287077,-0.079475,-0.253244,-0.272129,-0.166841,-0.35653,0.087646,-0.297675,-0.219511
29109,-0.000797,-0.272632,0.022727,-0.240838,-0.359862,-0.181091,-0.044383,-0.346833,-0.460739,-0.369598,-0.454319,0.152884,-0.146409,-0.682753
29111,-0.032379,-0.124573,-0.158707,0.018181,-0.16968,-0.250027,-0.167118,-0.182806,-0.370144,-0.10696,-0.430013,0.077472,-0.246798,-0.155818
29113,-0.023805,-0.10425,-0.177507,0.000374,-0.239034,-0.282521,-0.163845,-0.278041,-0.322851,-0.131759,-0.388954,0.011757,-0.304925,-0.30948
29115,-0.015227,-0.125962,-0.161899,-0.000155,-0.218607,-0.275693,-0.144059,-0.243271,-0.341247,-0.146656,-0.407757,0.046459,-0.289399,-0.222146
29117,-0.041686,-0.096205,-0.152465,-0.0276,-0.209084,-0.284858,-0.130679,-0.224387,-0.323258,-0.153893,-0.380024,0.076124,-0.264571,-0.201755
29119,-0.078812,-0.14567,-0.010806,-0.145496,-0.246613,-0.238593,-0.094174,-0.216719,-0.348493,-0.300377,-0.362143,0.21361,-0.180048,-0.488725
29121,-0.015227,-0.125962,-0.161899,-0.000155,-0.218607,-0.275693,-0.144059,-0.243271,-0.341247,-0.146656,-0.407757,0.046459,-0.289399,-0.222146
29123,-0.136121,-0.288236,-0.23609,-0.196542,-0.295509,-0.339821,-0.018162,-0.374561,-0.415556,-0.254877,-0.410797,-0.058136,-0.157488,-0.651043
29125,0.001925,-0.12735,-0.165091,-0.018492,-0.267535,-0.301359,-0.121,-0.303735,-0.312351,-0.186352,-0.385501,0.015446,-0.331999,-0.288473
29127,-0.015227,-0.125962,-0.161899,-0.000155,-0.218607,-0.275693,-0.144059,-0.243271,-0.341247,-0.146656,-0.407757,0.046459,-0.289399,-0.222146
29129,-0.075021,-0.121903,-0.182776,-0.031697,-0.194574,-0.282638,-0.181883,-0.195531,-0.374388,-0.140944,-0.403517,0.064601,-0.231467,-0.183999
29131,0.001925,-0.12735,-0.165091,-0.018492,-0.267535,-0.301359,-0.121,-0.303735,-0.312351,-0.186352,-0.385501,0.015446,-0.331999,-0.288473
29133,-0.136121,-0.288236,-0.23609,-0.196542,-0.295509,-0.339821,-0.018162,-0.374561,-0.415556,-0.254877,-0.410797,-0.058136,-0.157488,-0.651043
29135,0.001925,-0.12735,-0.165091,-0.018492,-0.267535,-0.301359,-0.121,-0.303735,-0.312351,-0.186352,-0.385501,0.015446,-0.331999,-0.288473
29137,0.001925,-0.12735,-0.165091,-0.018492,-0.267535,-0.301359,-0.121,-0.303735,-0.312351,-0.186352,-0.385501,0.015446,-0.331999,-0.288473
29139,0.001925,-0.12735,-0.165091,-0.018492,-0.267535,-0.301359,-0.121,-0.303735,-0.312351,-0.186352,-0.385501,0.015446,-0.331999,-0.288473
29141,0.001925,-0.12735,-0.165091,-0.018492,-0.267535,-0.301359,-0.121,-0.303735,-0.312351,-0.186352,-0.385501,0.015446,-0.331999,-0.288473
29143,-0.136121,-0.288236,-0.23609,-0.196542,-0.295509,-0.339821,-0.018162,-0.374561,-0.415556,-0.254877,-0.410797,-0.058136,-0.157488,-0.651043
29145,-0.078812,-0.14567,-0.010806,-0.145496,-0.246613,-0.238593,-0.094174,-0.216719,-0.348493,-0.300377,-0.362143,0.21361,-0.180048,-0.488725
29147,-0.117663,-0.119233,-0.206846,-0.081576,-0.219469,-0.315249,-0.196648,-0.208255,-0.378631,-0.174928,-0.37702,0.05173,-0.216136,-0.21218
29149,-0.029452,-0.343915,-0.089915,-0.266361,-0.38431,-0.231705,-0.006377,-0.425754,-0.49427,-0.346848,-0.478646,0.017011,-0.135129,-0.763912
29151,0.001925,-0.12735,-0.165091,-0.018492,-0.267535,-0.301359,-0.121,-0.303735,-0.312351,-0.186352,-0.385501,0.015446,-0.331999,-0.288473
29153,0.077218,-0.399594,0.056259,-0.33618,-0.473112,-0.123589,0.005408,-0.476947,-0.572985,-0.43882,-0.546495,0.092157,-0.112769,-0.876781
29155,-0.108845,-0.273157,-0.185152,-0.217093,-0.26777,-0.279343,0.007705,-0.329583,-0.369922,-0.257845,-0.347713,0.057205,-0.117864,-0.616809
29157,-0.092829,-0.184693,-0.213007,-0.088651,-0.253021,-0.301751,-0.112426,-0.313453,-0.374454,-0.166022,-0.401602,-0.025034,-0.21767,-0.490765
29159,0.001925,-0.12735,-0.165091,-0.018492,-0.267535,-0.301359,-0.121,-0.303735,-0.312351,-0.186352,-0.385501,0.015446,-0.331999,-0.288473
29161,0.039571,-0.263472,-0.054416,-0.177336,-0.370323,-0.212474,-0.057796,-0.390341,-0.442668,-0.312586,-0.465998,0.053802,-0.222384,-0.582627
29163,-0.023805,-0.10425,-0.177507,0.000374,-0.239034,-0.282521,-0.163845,-0.278041,-0.322851,-0.131759,-0.388954,0.011757,-0.304925,-0.30948
29165,-0.018626,-0.013664,-0.079217,-0.028512,-0.179655,-0.272796,-0.037951,-0.202753,-0.231908,-0.147331,-0.32756,0.159846,-0.263352,-0.150549
29167,0.077218,-0.399594,0.056259,-0.33618,-0.473112,-0.123589,0.005408,-0.476947,-0.572985,-0.43882,-0.546495,0.092157,-0.112769,-0.876781
29169,0.039571,-0.263472,-0.054416,-0.177336,-0.370323,-0.212474,-0.057796,-0.390341,-0.442668,-0.312586,-0.465998,0.053802,-0.222384,-0.582627
29171,-0.032379,-0.124573,-0.158707,0.018181,-0.16968,-0.250027,-0.167118,-0.182806,-0.370144,-0.10696,-0.430013,0.077472,-0.246798,-0.155818
29173,-0.023805,-0.10425,-0.177507,0.000374,-0.239034,-0.282521,-0.163845,-0.278041,-0.322851,-0.131759,-0.388954,0.011757,-0.304925,-0.30948
29175,0.001925,-0.12735,-0.165091,-0.018492,-0.267535,-0.301359,-0.121,-0.303735,-0.312351,-0.186352,-0.385501,0.015446,-0.331999,-0.288473
29177,-0.018626,-0.013664,-0.079217,-0.028512,-0.179655,-0.272796,-0.037951,-0.202753,-0.231908,-0.147331,-0.32756,0.159846,-0.263352,-0.150549
29179,-0.029452,-0.343915,-0.089915,-0.266361,-0.38431,-0.231705,-0.006377,-0.425754,-0.49427,-0.346848,-0.478646,0.017011,-0.135129,-0.763912
29181,-0.136121,-0.288236,-0.23609,-0.196542,-0.295509,-0.339821,-0.018162,-0.374561,-0.415556,-0.254877,-0.410797,-0.058136,-0.157488,-0.651043
29183,-0.049536,-0.08115,-0.189924,0.01924,-0.210533,-0.263682,-0.20669,-0.252346,-0.333351,-0.077166,-0.392407,0.008068,-0.277852,-0.330487
29185,-0.004574,-0.171569,-0.049714,-0.13217,-0.291729,-0.234084,-0.061929,-0.300039,-0.366434,-0.26822,-0.405425,0.120265,-0.222042,-0.451132
29186,-0.092829,-0.184693,-0.213007,-0.088651,-0.253021,-0.301751,-0.112426,-0.313453,-0.374454,-0.166022,-0.401602,-0.025034,-0.21767,-0.490765
29187,-0.092829,-0.184693,-0.213007,-0.088651,-0.253021,-0.301751,-0.112426,-0.313453,-0.374454,-0.166022,-0.401602,-0.025034,-0.21767,-0.490765
29189,-0.049536,-0.08115,-0.189924,0.01924,-0.210533,-0.263682,-0.20669,-0.252346,-0.333351,-0.077166,-0.392407,0.008068,-0.277852,-0.330487
29195,0.001925,-0.12735,-0.165091,-0.018492,-0.267535,-0.301359,-0.121,-0.303735,-0.312351,-0.186352,-0.385501,0.015446,-0.331999,-0.288473
29197,-0.032379,-0.124573,-0.158707,0.018181,-0.16968,-0.250027,-0.167118,-0.182806,-0.370144,-0.10696,-0.430013,0.077472,-0.246798,-0.155818
29199,-0.032379,-0.124573,-0.158707,0.018181,-0.16968,-0.250027,-0.167118,-0.182806,-0.370144,-0.10696,-0.430013,0.077472,-0.246798,-0.155818
29201,-0.136121,-0.288236,-0.23609,-0.196542,-0.295509,-0.339821,-0.018162,-0.374561,-0.415556,-0.254877,-0.410797,-0.058136,-0.157488,-0.651043
29203,-0.029452,-0.343915,-0.089915,-0.266361,-0.38431,-0.231705,-0.006377,-0.425754,-0.49427,-0.346848,-0.478646,0.017011,-0.135129,-0.763912
29205,-0.015227,-0.125962,-0.161899,-0.000155,-0.218607,-0.275693,-0.144059,-0.243271,-0.341247,-0.146656,-0.407757,0.046459,-0.289399,-0.222146
29207,-0.136121,-0.288236,-0.23609,-0.196542,-0.295509,-0.339821,-0.018162,-0.374561,-0.415556,-0.254877,-0.410797,-0.058136,-0.157488,-0.651043
29209,0.077218,-0.399594,0.056259,-0.33618,-0.473112,-0.123589,0.005408,-0.476947,-0.572985,-0.43882,-0.546495,0.092157,-0.112769,-0.876781
29211,-0.032379,-0.124573,-0.158707,0.018181,-0.16968,-0.250027,-0.167118,-0.182806,-0.370144,-0.10696,-0.430013,0.077472,-0.246798,-0.155818
29213,0.077218,-0.399594,0.056259,-0.33618,-0.473112,-0.123589,0.005408,-0.476947,-0.572985,-0.43882,-0.546495,0.092157,-0.112769,-0.876781
29215,0.077218,-0.399594,0.056259,-0.33618,-0.473112,-0.123589,0.005408,-0.476947,-0.572985,-0.43882,-0.546495,0.092157,-0.112769,-0.876781
29217,-0.048719,-0.079667,-0.045011,-0.087004,-0.213134,-0.255694,-0.066062,-0.209736,-0.290201,-0.223854,-0.344852,0.186728,-0.2217,-0.319637
29219,-0.023805,-0.10425,-0.177507,0.000374,-0.239034,-0.282521,-0.163845,-0.278041,-0.322851,-0.131759,-0.388954,0.011757,-0.304925,-0.30948
29221,-0.092829,-0.184693,-0.213007,-0.088651,-0.253021,-0.301751,-0.112426,-0.313453,-0.374454,-0.166022,-0.401602,-0.025034,-0.21767,-0.490765
29223,-0.136121,-0.288236,-0.23609,-0.196542,-0.295509,-0.339821,-0.018162,-0.374561,-0.415556,-0.254877,-0.410797,-0.058136,-0.157488,-0.651043
29225,0.077218,-0.399594,0.056259,-0.33618,-0.473112,-0.123589,0.005408,-0.476947,-0.572985,-0.43882,-0.546495,0.092157,-0.112769,-0.876781
29227,-0.117663,-0.119233,-0.206846,-0.081576,-0.219469,-0.315249,-0.196648,-0.208255,-0.378631,-0.174928,-0.37702,0.05173,-0.216136,-0.21218
29229,0.077218,-0.399594,0.056259,-0.33618,-0.473112,-0.123589,0.005408,-0.476947,-0.572985,-0.43882,-0.546495,0.092157,-0.112769,-0.876781
29510,-0.049536,-0.08115,-0.189924,0.01924,-0.210533,-0.263682,-0.20669,-0.252346,-0.333351,-0.077166,-0.392407,0.008068,-0.277852,-0.330487
30001,-0.207614,0.035632,-0.310251,-0.023517,0.102998,-0.056698,-0.067221,0.103133,-0.343311,-0.070012,-0.025932,0.000827,-0.221527,0.03472
30003,-0.167793,-0.069743,-0.263257,-0.007987,0.109828,-0.185673,-0.163583,0.077427,-0.290956,-0.13007,-0.202551,-0.114038,-0.198263,-0.225988
30005,-0.12085,-0.308111,-0.589515,-0.050142,-0.058429,-0.434066,-0.298987,0.0686,-0.440041,-0.058987,-0.405937,-0.433444,-0.423293,-0.337161
30007,-0.003694,-0.055025,-0.319825,0.03651,0.112295,-0.194499,-0.192431,0.107328,-0.371767,-0.015563,-0.201936,-0.108593,-0.21319,-0.074388
30009,-0.210666,-0.08872,-0.280945,-0.009041,0.085641,-0.204059,-0.182263,0.068862,-0.331682,-0.135512,-0.191505,-0.112657,-0.234493,-0.212532
30011,-0.141853,-0.13521,-0.327527,0.004176,0.074981,-0.219648,-0.183269,0.082259,-0.304024,-0.035968,-0.227769,-0.158758,-0.227239,-0.248491
30013,-0.003723,-0.14169,-0.430615,0.009337,0.097674,-0.286906,-0.236444,0.154247,-0.40953,0.002889,-0.265258,-0.214077,-0.265087,-0.157059
30015,-0.003752,-0.228355,-0.541405,-0.017835,0.083053,-0.379312,-0.280457,0.201166,-0.447293,0.021341,-0.328579,-0.31956,-0.316984,-0.23973
30017,-0.130106,-0.139255,-0.356507,0.039114,0.06306,-0.237291,-0.182063,0.110728,-0.311789,0.006883,-0.267323,-0.195909,-0.229938,-0.279928
30019,-0.233384,-0.34622,-0.597446,-0.048502,-0.199628,-0.587912,-0.374989,-0.071743,-0.45041,-0.097902,-0.482208,-0.451588,-0.529069,-0.482429
30021,-0.181745,-0.242737,-0.476976,-0.004694,-0.068284,-0.412602,-0.278526,0.019492,-0.3811,-0.045509,-0.374766,-0.323748,-0.379504,-0.381178
30023,0.212718,-0.006317,-0.306105,0.064796,0.156849,-0.192929,-0.173366,0.159042,-0.381227,0.06396,-0.183882,-0.078371,-0.160441,0.078321
30025,-0.130106,-0.139255,-0.356507,0.039114,0.06306,-0.237291,-0.182063,0.110728,-0.311789,0.006883,-0.267323,-0.195909,-0.229938,-0.279928
30027,-0.144295,-0.189351,-0.447364,-0.013206,0.022318,-0.309525,-0.242519,0.074913,-0.374454,-0.071494,-0.314342,-0.28744,-0.32003,-0.283964
30029,0.022824,-0.036594,-0.341941,0.310215,0.229567,-0.1532,0.024491,0.296414,-0.31687,0.323125,0.051943,0.077663,-0.150103,0.125516
30031,-0.124986,-0.054584,-0.259606,0.037614,0.115426,-0.184201,-0.140932,0.124194,-0.349154,-0.063962,-0.13705,-0.062606,-0.216819,-0.085153
30033,-0.130972,-0.154306,-0.393794,0.019662,0.033721,-0.268801,-0.21203,0.081739,-0.323948,-0.036364,-0.309193,-0.251728,-0.279042,-0.290354
30035,0.022824,-0.036594,-0.341941,0.310215,0.229567,-0.1532,0.024491,0.296414,-0.31687,0.323125,0.051943,0.077663,-0.150103,0.125516
30037,-0.220107,-0.103733,-0.333546,0.008224,0.067742,-0.196069,-0.211497,0.055613,-0.362306,-0.095085,-0.219991,-0.138815,-0.265939,-0.227097
30039,-0.131659,0.024029,-0.486696,-0.147613,-0.021379,-0.08424,-0.144584,-0.045053,-0.496015,-0.158015,-0.098853,-0.057718,-0.332035,0.041618
30041,-0.094264,-0.33001,-0.631035,-0.080919,-0.016575,-0.472918,-0.304554,0.10955,-0.475453,-0.074917,-0.377121,-0.45167,-0.406995,-0.317625
30043,0.212718,-0.006317,-0.306105,0.064796,0.156849,-0.192929,-0.173366,0.159042,-0.381227,0.06396,-0.183882,-0.078371,-0.160441,0.078321
30045,-0.157185,-0.216872,-0.482291,-0.036347,0.025583,-0.334493,-0.258025,0.082582,-0.41888,-0.085001,-0.298556,-0.295243,-0.336467,-0.272361
30047,-0.143463,-0.006271,-0.45039,0.086803,0.08651,-0.093984,-0.022273,0.11456,-0.414848,0.088753,0.03002,0.03942,-0.267945,0.085315
30049,0.149739,-0.066509,-0.378939,0.055022,0.169765,-0.239318,-0.214863,0.225913,-0.40018,0.090779,-0.23196,-0.13291,-0.193708,-0.041757
30051,-0.003752,-0.228355,-0.541405,-0.017835,0.083053,-0.379312,-0.280457,0.201166,-0.447293,0.021341,-0.328579,-0.31956,-0.316984,-0.23973
30053,-0.041112,0.053513,-0.232109,0.575183,0.276453,-0.020694,0.305342,0.300044,-0.214608,0.528651,0.383923,0.342775,-0.073232,0.412867
30055,-0.156575,-0.202284,-0.444707,0.002621,-0.024616,-0.348579,-0.25277,0.043369,-0.355564,-0.051748,-0.352447,-0.301693,-0.341549,-0.338373
30057,0.003566,-0.001471,-0.22058,0.085324,0.169398,-0.145956,-0.080922,0.188091,-0.325901,0.013031,-0.09364,-0.013935,-0.162917,0.02877
30059,-0.003694,-0.055025,-0.319825,0.03651,0.112295,-0.194499,-0.192431,0.107328,-0.371767,-0.015563,-0.201936,-0.108593,-0.21319,-0.074388
30061,-0.258574,0.053944,-0.449698,0.107581,0.038424,0.001878,0.09477,0.025448,-0.412706,0.07433,0.185049,0.152855,-0.28843,0.20889
30063,-0.054418,-0.006283,-0.414319,0.081301,0.104094,-0.11872,-0.060047,0.12568,-0.406443,0.082555,-0.023455,0.009972,-0.241069,0.083567
30065,-0.16774,-0.070591,-0.305214,0.02373,0.103065,-0.184984,-0.186052,0.081226,-0.308866,-0.084001,-0.222747,-0.141436,-0.216768,-0.230768
30067,-0.253539,-0.107697,-0.298633,-0.010095,0.061455,-0.222445,-0.200942,0.060297,-0.372408,-0.140954,-0.18046,-0.111277,-0.270722,-0.199076
30069,-0.131405,-0.161831,-0.412438,0.009936,0.019052,-0.284556,-0.227014,0.067245,-0.330028,-0.057987,-0.330127,-0.279638,-0.303594,-0.295567
30071,-0.12085,-0.308111,-0.589515,-0.050142,-0.058429,-0.434066,-0.298987,0.0686,-0.440041,-0.058987,-0.405937,-0.433444,-0.423293,-0.337161
30073,0.08676,-0.1267,-0.451774,0.045248,0.182682,-0.285707,-0.256359,0.292783,-0.419132,0.117598,-0.280038,-0.18745,-0.226974,-0.161835
30075,-0.167973,-0.124152,-0.301562,-0.01562,0.077077,-0.212248,-0.177699,0.070844,-0.311512,-0.086387,-0.211713,-0.133845,-0.227802,-0.238173
30077,0.149739,-0.066509,-0.378939,0.055022,0.169765,-0.239318,-0.214863,0.225913,-0.40018,0.090779,-0.23196,-0.13291,-0.193708,-0.041757
30079,-0.130106,-0.139255,-0.356507,0.039114,0.06306,-0.237291,-0.182063,0.110728,-0.311789,0.006883,-0.267323,-0.195909,-0.229938,-0.279928
30081,-0.20829,0.046384,-0.36865,-0.066639,0.076681,-0.042603,-0.093469,0.065132,-0.367557,-0.080717,-0.033443,-0.015731,-0.240239,0.05322
30083,-0.181745,-0.242737,-0.476976,-0.004694,-0.068284,-0.412602,-0.278526,0.019492,-0.3811,-0.045509,-0.374766,-0.323748,-0.379504,-0.381178
30085,-0.233384,-0.34622,-0.597446,-0.048502,-0.199628,-0.587912,-0.374989,-0.071743,-0.45041,-0.097902,-0.482208,-0.451588,-0.529069,-0.482429
30087,-0.154823,-0.102476,-0.295392,-0.001905,0.092405,-0.20266,-0.173426,0.079843,-0.29749,-0.083019,-0.21516,-0.136398,-0.212751,-0.237239
30089,-0.258574,0.053944,-0.449698,0.107581,0.038424,0.001878,0.09477,0.025448,-0.412706,0.07433,0.185049,0.152855,-0.28843,0.20889
30091,-0.233384,-0.34622,-0.597446,-0.048502,-0.199628,-0.587912,-0.374989,-0.071743,-0.45041,-0.097902,-0.482208,-0.451588,-0.529069,-0.482429
30093,0.212718,-0.006317,-0.306105,0.064796,0.156849,-0.192929,-0.173366,0.159042,-0.381227,0.06396,-0.183882,-0.078371,-0.160441,0.078321
30095,-0.253539,-0.107697,-0.298633,-0.010095,0.061455,-0.222445,-0.200942,0.060297,-0.372408,-0.140954,-0.18046,-0.111277,-0.270722,-0.199076
30097,-0.253539,-0.107697,-0.298633,-0.010095,0.061455,-0.222445,-0.200942,0.060297,-0.372408,-0.140954,-0.18046,-0.111277,-0.270722,-0.199076
30099,0.08676,-0.1267,-0.451774,0.045248,0.182682,-0.285707,-0.256359,0.292783,-0.419132,0.117598,-0.280038,-0.18745,-0.226974,-0.161835
30101,0.08676,-0.1267,-0.451774,0.045248,0.182682,-0.285707,-0.256359,0.292783,-0.419132,0.117598,-0.280038,-0.18745,-0.226974,-0.161835
30103,-0.115373,-0.03745,-0.276881,0.039237,0.138388,-0.173899,-0.160608,0.10684,-0.255426,-0.072917,-0.225502,-0.144057,-0.167597,-0.234438
30105,-0.19041,-0.316216,-0.57272,-0.033934,-0.149956,-0.491563,-0.334204,-0.022047,-0.42752,-0.07048,-0.45848,-0.433403,-0.48433,-0.419562
30107,-0.220107,-0.103733,-0.333546,0.008224,0.067742,-0.196069,-0.211497,0.055613,-0.362306,-0.095085,-0.219991,-0.138815,-0.265939,-0.227097
30109,-0.181745,-0.242737,-0.476976,-0.004694,-0.068284,-0.412602,-0.278526,0.019492,-0.3811,-0.045509,-0.374766,-0.323748,-0.379504,-0.381178
30111,-0.185231,-0.081073,-0.286687,-0.002583,0.0958,-0.189138,-0.179554,0.070156,-0.31474,-0.118409,-0.208364,-0.122297,-0.220822,-0.226358
31001,-0.119208,-0.03058,-0.184184,-0.110837,-0.150858,-0.28463,-0.043142,-0.069638,-0.303802,-0.101148,-0.377243,0.002007,-0.226805,-0.12025
31003,-0.129843,-0.164083,-0.229571,-0.085767,-0.118965,-0.352237,-0.082638,-0.142139,-0.330558,-0.096035,-0.379115,-0.133034,-0.259171,-0.177501
31005,-0.132048,-0.110518,-0.10618,-0.088047,-0.009641,-0.176877,-0.060863,0.011327,-0.21278,-0.139733,-0.14345,-0.056229,-0.09053,-0.13296
31007,-0.153839,-0.106379,-0.095537,-0.116393,-0.011479,-0.164396,-0.046456,0.016698,-0.178576,-0.179854,-0.131902,-0.072616,-0.099716,-0.12542
31009,-0.050768,-0.229616,-0.035344,-0.04826,-0.085259,-0.341634,-0.062617,-0.047418,-0.408929,0.454683,-0.307887,-0.040848,-0.266365,-0.080967
31011,-0.124525,-0.097331,-0.206877,-0.098302,-0.134911,-0.318434,-0.06289,-0.105889,-0.31718,-0.098591,-0.378179,-0.065514,-0.242988,-0.148876
31013,-0.106728,-0.095211,-0.115089,-0.062818,0.004749,-0.193194,-0.079086,0.010056,-0.249249,-0.117355,-0.153249,-0.062667,-0.112104,-0.131886
31015,-0.090306,-0.19685,-0.132457,-0.067013,-0.102112,-0.346936,-0.072628,-0.094779,-0.369743,0.179324,-0.343501,-0.086941,-0.262768,-0.129234
31017,-0.050768,-0.229616,-0.035344,-0.04826,-0.085259,-0.341634,-0.062617,-0.047418,-0.408929,0.454683,-0.307887,-0.040848,-0.266365,-0.080967
31019,-0.102556,-0.048613,-0.093465,-0.101684,-0.079356,-0.229376,-0.027404,-0.025265,-0.236694,-0.102223,-0.263669,-0.008714,-0.164446,-0.099502
31021,-0.130841,-0.094786,-0.22349,-0.092403,-0.15324,-0.334543,-0.110551,-0.16371,-0.347038,-0.129104,-0.391082,-0.064451,-0.263707,-0.169417
31023,-0.119208,-0.03058,-0.184184,-0.110837,-0.150858,-0.28463,-0.043142,-0.069638,-0.303802,-0.101148,-0.377243,0.002007,-0.226805,-0.12025
31025,-0.148705,-0.079539,-0.20383,-0.115735,-0.169775,-0.321072,-0.109139,-0.157105,-0.35104,-0.147639,-0.395566,0.015037,-0.241476,-0.169234
31027,-0.129843,-0.164083,-0.229571,-0.085767,-0.118965,-0.352237,-0.082638,-0.142139,-0.330558,-0.096035,-0.379115,-0.133034,-0.259171,-0.177501
31029,-0.157369,-0.125825,-0.09727,-0.113276,-0.024032,-0.16056,-0.042639,0.012598,-0.176311,-0.16211,-0.133651,-0.049792,-0.068956,-0.134034
31031,-0.078748,-0.162413,-0.075216,-0.055539,-0.040255,-0.267414,-0.070851,-0.018681,-0.329089,0.168664,-0.230568,-0.051757,-0.189234,-0.106426
31033,-0.157369,-0.125825,-0.09727,-0.113276,-0.024032,-0.16056,-0.042639,0.012598,-0.176311,-0.16211,-0.133651,-0.049792,-0.068956,-0.134034
31035,-0.119208,-0.03058,-0.184184,-0.110837,-0.150858,-0.28463,-0.043142,-0.069638,-0.303802,-0.101148,-0.377243,0.002007,-0.226805,-0.12025
31037,-0.124525,-0.097331,-0.206877,-0.098302,-0.134911,-0.318434,-0.06289,-0.105889,-0.31718,-0.098591,-0.378179,-0.065514,-0.242988,-0.148876
31039,-0.129843,-0.164083,-0.229571,-0.085767,-0.118965,-0.352237,-0.082638,-0.142139,-0.330558,-0.096035,-0.379115,-0.133034,-0.259171,-0.177501
31041,-0.068336,-0.148131,-0.019045,-0.070396,-0.046556,-0.257878,-0.037142,-0.014155,-0.289257,0.175692,-0.228991,-0.030141,-0.184226,-0.07986
31043,-0.129843,-0.164083,-0.229571,-0.085767,-0.118965,-0.352237,-0.082638,-0.142139,-0.330558,-0.096035,-0.379115,-0.133034,-0.259171,-0.177501
31045,-0.106728,-0.095211,-0.115089,-0.062818,0.004749,-0.193194,-0.079086,0.010056,-0.249249,-0.117355,-0.153249,-0.062667,-0.112104,-0.131886
31047,-0.085904,-0.066646,-0.002745,-0.092531,-0.007854,-0.174121,-0.011667,0.019107,-0.169585,-0.103298,-0.150096,-0.019435,-0.102087,-0.078753
31049,-0.157369,-0.125825,-0.09727,-0.113276,-0.024032,-0.16056,-0.042639,0.012598,-0.176311,-0.16211,-0.133651,-0.049792,-0.068956,-0.134034
31051,-0.129843,-0.164083,-0.229571,-0.085767,-0.118965,-0.352237,-0.082638,-0.142139,-0.330558,-0.096035,-0.379115,-0.133034,-0.259171,-0.177501
31053,-0.124525,-0.097331,-0.206877,-0.098302,-0.134911,-0.318434,-0.06289,-0.105889,-0.31718,-0.098591,-0.378179,-0.065514,-0.242988,-0.148876
31055,-0.148705,-0.079539,-0.20383,-0.115735,-0.169775,-0.321072,-0.109139,-0.157105,-0.35104,-0.147639,-0.395566,0.015037,-0.241476,-0.169234
31057,-0.157369,-0.125825,-0.09727,-0.113276,-0.024032,-0.16056,-0.042639,0.012598,-0.176311,-0.16211,-0.133651,-0.049792,-0.068956,-0.134034
31059,-0.119208,-0.03058,-0.184184,-0.110837,-0.150858,-0.28463,-0.043142,-0.069638,-0.303802,-0.101148,-0.377243,0.002007,-0.226805,-0.12025
31061,-0.102556,-0.048613,-0.093465,-0.101684,-0.079356,-0.229376,-0.027404,-0.025265,-0.236694,-0.102223,-0.263669,-0.008714,-0.164446,-0.099502
31063,-0.085904,-0.066646,-0.002745,-0.092531,-0.007854,-0.174121,-0.011667,0.019107,-0.169585,-0.103298,-0.150096,-0.019435,-0.102087,-0.078753
31065,-0.085904,-0.066646,-0.002745,-0.092531,-0.007854,-0.174121,-0.011667,0.019107,-0.169585,-0.103298,-0.150096,-0.019435,-0.102087,-0.078753
31067,-0.119208,-0.03058,-0.184184,-0.110837,-0.150858,-0.28463,-0.043142,-0.069638,-0.303802,-0.101148,-0.377243,0.002007,-0.226805,-0.12025
31069,-0.132048,-0.110518,-0.10618,-0.088047,-0.009641,-0.176877,-0.060863,0.011327,-0.21278,-0.139733,-0.14345,-0.056229,-0.09053,-0.13296
31071,-0.050768,-0.229616,-0.035344,-0.04826,-0.085259,-0.341634,-0.062617,-0.047418,-0.408929,0.454683,-0.307887,-0.040848,-0.266365,-0.080967
31073,-0.085904,-0.066646,-0.002745,-0.092531,-0.007854,-0.174121,-0.011667,0.019107,-0.169585,-0.103298,-0.150096,-0.019435,-0.102087,-0.078753
31075,-0.106728,-0.095211,-0.115089,-0.062818,0.004749,-0.193194,-0.079086,0.010056,-0.249249,-0.117355,-0.153249,-0.062667,-0.112104,-0.131886
31077,-0.096431,-0.122731,-0.112961,-0.084349,-0.090734,-0.288156,-0.050016,-0.060022,-0.303219,0.038551,-0.303585,-0.047828,-0.213607,-0.114368
31079,-0.119208,-0.03058,-0.184184,-0.110837,-0.150858,-0.28463,-0.043142,-0.069638,-0.303802,-0.101148,-0.377243,0.002007,-0.226805,-0.12025
31081,-0.119208,-0.03058,-0.184184,-0.110837,-0.150858,-0.28463,-0.043142,-0.069638,-0.303802,-0.101148,-0.377243,0.002007,-0.226805,-0.12025
31083,-0.085904,-0.066646,-0.002745,-0.092531,-0.007854,-0.174121,-0.011667,0.019107,-0.169585,-0.103298,-0.150096,-0.019435,-0.102087,-0.078753
31085,-0.121636,-0.096235,-0.050008,-0.102904,-0.015943,-0.167341,-0.027153,0.015853,-0.172948,-0.132704,-0.141873,-0.034613,-0.085522,-0.106394
31087,-0.121636,-0.096235,-0.050008,-0.102904,-0.015943,-0.167341,-0.027153,0.015853,-0.172948,-0.132704,-0.141873,-0.034613,-0.085522,-0.106394
31089,-0.090306,-0.19685,-0.132457,-0.067013,-0.102112,-0.346936,-0.072628,-0.094779,-0.369743,0.179324,-0.343501,-0.086941,-0.262768,-0.129234
31091,-0.078748,-0.162413,-0.075216,-0.055539,-0.040255,-0.267414,-0.070851,-0.018681,-0.329089,0.168664,-0.230568,-0.051757,-0.189234,-0.106426
31093,-0.119208,-0.03058,-0.184184,-0.110837,-0.150858,-0.28463,-0.043142,-0.069638,-0.303802,-0.101148,-0.377243,0.002007,-0.226805,-0.12025
31095,-0.119208,-0.03058,-0.184184,-0.110837,-0.150858,-0.28463,-0.043142,-0.069638,-0.303802,-0.101148,-0.377243,0.002007,-0.226805,-0.12025
31097,-0.148705,-0.079539,-0.20383,-0.115735,-0.169775,-0.321072,-0.109139,-0.157105,-0.35104,-0.147639,-0.395566,0.015037,-0.241476,-0.169234
31099,-0.102556,-0.048613,-0.093465,-0.101684,-0.079356,-0.229376,-0.027404,-0.025265,-0.236694,-0.102223,-0.263669,-0.008714,-0.164446,-0.099502
31101,-0.121636,-0.096235,-0.050008,-0.102904,-0.015943,-0.167341,-0.027153,0.015853,-0.172948,-0.132704,-0.141873,-0.034613,-0.085522,-0.106394
31103,-0.050768,-0.229616,-0.035344,-0.04826,-0.085259,-0.341634,-0.062617,-0.047418,-0.408929,0.454683,-0.307887,-0.040848,-0.266365,-0.080967
31105,-0.157804,-0.120855,-0.067971,-0.139475,-0.021067,-0.147185,-0.031831,0.018303,-0.125074,-0.200852,-0.115818,-0.073795,-0.082585,-0.134889
31107,-0.129843,-0.164083,-0.229571,-0.085767,-0.118965,-0.352237,-0.082638,-0.142139,-0.330558,-0.096035,-0.379115,-0.133034,-0.259171,-0.177501
31109,-0.119208,-0.03058,-0.184184,-0.110837,-0.150858,-0.28463,-0.043142,-0.069638,-0.303802,-0.101148,-0.377243,0.002007,-0.226805,-0.12025
31111,-0.121636,-0.096235,-0.050008,-0.102904,-0.015943,-0.167341,-0.027153,0.015853,-0.172948,-0.132704,-0.141873,-0.034613,-0.085522,-0.106394
31113,-0.068336,-0.148131,-0.019045,-0.070396,-0.046556,-0.257878,-0.037142,-0.014155,-0.289257,0.175692,-0.228991,-0.030141,-0.184226,-0.07986
31115,-0.050768,-0.229616,-0.035344,-0.04826,-0.085259,-0.341634,-0.062617,-0.047418,-0.408929,0.454683,-0.307887,-0.040848,-0.266365,-0.080967
31117,-0.100192,-0.129324,-0.062612,-0.079221,-0.028099,-0.217377,-0.049002,-0.001414,-0.251019,0.01798,-0.186221,-0.043185,-0.137378,-0.10641
31119,-0.129843,-0.164083,-0.229571,-0.085767,-0.118965,-0.352237,-0.082638,-0.142139,-0.330558,-0.096035,-0.379115,-0.133034,-0.259171,-0.177501
31121,-0.119208,-0.03058,-0.184184,-0.110837,-0.150858,-0.28463,-0.043142,-0.069638,-0.303802,-0.101148,-0.377243,0.002007,-0.226805,-0.12025
31123,-0.132048,-0.110518,-0.10618,-0.088047,-0.009641,-0.176877,-0.060863,0.011327,-0.21278,-0.139733,-0.14345,-0.056229,-0.09053,-0.13296
31125,-0.119208,-0.03058,-0.184184,-0.110837,-0.150858,-0.28463,-0.043142,-0.069638,-0.303802,-0.101148,-0.377243,0.002007,-0.226805,-0.12025
31127,-0.178203,-0.128499,-0.223476,-0.120633,-0.188692,-0.357514,-0.175137,-0.244571,-0.398277,-0.19413,-0.41389,0.028066,-0.256147,-0.218218
31129,-0.119208,-0.03058,-0.184184,-0.110837,-0.150858,-0.28463,-0.043142,-0.069638,-0.303802,-0.101148,-0.377243,0.002007,-0.226805,-0.12025
31131,-0.148705,-0.079539,-0.20383,-0.115735,-0.169775,-0.321072,-0.109139,-0.157105,-0.35104,-0.147639,-0.395566,0.015037,-0.241476,-0.169234
31133,-0.148705,-0.079539,-0.20383,-0.115735,-0.169775,-0.321072,-0.109139,-0.157105,-0.35104,-0.147639,-0.395566,0.015037,-0.241476,-0.169234
31135,-0.121636,-0.096235,-0.050008,-0.102904,-0.015943,-0.167341,-0.027153,0.015853,-0.172948,-0.132704,-0.141873,-0.034613,-0.085522,-0.106394
31137,-0.085904,-0.066646,-0.002745,-0.092531,-0.007854,-0.174121,-0.011667,0.019107,-0.169585,-0.103298,-0.150096,-0.019435,-0.102087,-0.078753
31139,-0.129843,-0.164083,-0.229571,-0.085767,-0.118965,-0.352237,-0.082638,-0.142139,-0.330558,-0.096035,-0.379115,-0.133034,-0.259171,-0.177501
31141,-0.124525,-0.097331,-0.206877,-0.098302,-0.134911,-0.318434,-0.06289,-0.105889,-0.31718,-0.098591,-0.378179,-0.065514,-0.242988,-0.148876
31143,-0.119208,-0.03058,-0.184184,-0.110837,-0.150858,-0.28463,-0.043142,-0.069638,-0.303802,-0.101148,-0.377243,0.002007,-0.226805,-0.12025
31145,-0.085904,-0.066646,-0.002745,-0.092531,-0.007854,-0.174121,-0.011667,0.019107,-0.169585,-0.103298,-0.150096,-0.019435,-0.102087,-0.078753
31147,-0.178203,-0.128499,-0.223476,-0.120633,-0.188692,-0.357514,-0.175137,-0.244571,-0.398277,-0.19413,-0.41389,0.028066,-0.256147,-0.218218
31149,-0.050768,-0.229616,-0.035344,-0.04826,-0.085259,-0.341634,-0.062617,-0.047418,-0.408929,0.454683,-0.307887,-0.040848,-0.266365,-0.080967
31151,-0.119208,-0.03058,-0.184184,-0.110837,-0.150858,-0.28463,-0.043142,-0.069638,-0.303802,-0.101148,-0.377243,0.002007,-0.226805,-0.12025
31153,-0.148705,-0.079539,-0.20383,-0.115735,-0.169775,-0.321072,-0.109139,-0.157105,-0.35104,-0.147639,-0.395566,0.015037,-0.241476,-0.169234
31155,-0.119208,-0.03058,-0.184184,-0.110837,-0.150858,-0.28463,-0.043142,-0.069638,-0.303802,-0.101148,-0.377243,0.002007,-0.226805,-0.12025
31157,-0.149875,-0.091902,-0.123103,-0.093312,-0.00189,-0.181608,-0.061081,0.015092,-0.232078,-0.158855,-0.147985,-0.071437,-0.116847,-0.115951
31159,-0.119208,-0.03058,-0.184184,-0.110837,-0.150858,-0.28463,-0.043142,-0.069638,-0.303802,-0.101148,-0.377243,0.002007,-0.226805,-0.12025
31161,-0.106728,-0.095211,-0.115089,-0.062818,0.004749,-0.193194,-0.079086,0.010056,-0.249249,-0.117355,-0.153249,-0.062667,-0.112104,-0.131886
31163,-0.102556,-0.048613,-0.093465,-0.101684,-0.079356,-0.229376,-0.027404,-0.025265,-0.236694,-0.102223,-0.263669,-0.008714,-0.164446,-0.099502
31165,-0.149875,-0.091902,-0.123103,-0.093312,-0.00189,-0.181608,-0.061081,0.015092,-0.232078,-0.158855,-0.147985,-0.071437,-0.116847,-0.115951
31167,-0.129843,-0.164083,-0.229571,-0.085767,-0.118965,-0.352237,-0.082638,-0.142139,-0.330558,-0.096035,-0.379115,-0.133034,-0.259171,-0.177501
31169,-0.119208,-0.03058,-0.184184,-0.110837,-0.150858,-0.28463,-0.043142,-0.069638,-0.303802,-0.101148,-0.377243,0.002007,-0.226805,-0.12025
31171,-0.050768,-0.229616,-0.035344,-0.04826,-0.085259,-0.341634,-0.062617,-0.047418,-0.408929,0.454683,-0.307887,-0.040848,-0.266365,-0.080967
31173,-0.129843,-0.164083,-0.229571,-0.085767,-0.118965,-0.352237,-0.082638,-0.142139,-0.330558,-0.096035,-0.379115,-0.133034,-0.259171,-0.177501
31175,-0.068336,-0.148131,-0.019045,-0.070396,-0.046556,-0.257878,-0.037142,-0.014155,-0.289257,0.175692,-0.228991,-0.030141,-0.184226,-0.07986
31177,-0.148705,-0.079539,-0.20383,-0.115735,-0.169775,-0.321072,-0.109139,-0.157105,-0.35104,-0.147639,-0.395566,0.015037,-0.241476,-0.169234
31179,-0.129843,-0.164083,-0.229571,-0.085767,-0.118965,-0.352237,-0.082638,-0.142139,-0.330558,-0.096035,-0.379115,-0.133034,-0.259171,-0.177501
31181,-0.119208,-0.03058,-0.184184,-0.110837,-0.150858,-0.28463,-0.043142,-0.069638,-0.303802,-0.101148,-0.377243,0.002007,-0.226805,-0.12025
31183,-0.090306,-0.19685,-0.132457,-0.067013,-0.102112,-0.346936,-0.072628,-0.094779,-0.369743,0.179324,-0.343501,-0.086941,-0.262768,-0.129234
31185,-0.119208,-0.03058,-0.184184,-0.110837,-0.150858,-0.28463,-0.043142,-0.069638,-0.303802,-0.101148,-0.377243,0.002007,-0.226805,-0.12025
32001,0.027257,0.076256,-0.16036,0.146299,0.314104,-0.035962,0.083798,0.313014,0.014477,0.079818,0.203921,0.214864,0.086582,0.163144
32003,0.111299,-0.011854,-0.086761,0.03061,0.1623,-0.026838,0.07187,0.270907,0.073935,-0.079594,0.069117,0.07311,-0.026928,0.099645
32005,0.041676,0.114761,-0.180612,0.174007,0.396348,0.003646,0.056192,0.319393,0.015374,0.056533,0.260687,0.219149,0.137311,0.156004
32007,0.064853,0.127582,-0.098268,0.060324,0.285696,-0.00284,0.24678,0.381986,0.007652,0.096981,0.223042,0.293427,0.061742,0.202197
32009,0.070825,0.036546,-0.135051,-0.00016,0.261229,-0.051224,0.057145,0.26885,0.042004,0.055446,0.106697,0.133109,0.073567,0.139497
32011,0.060441,0.016026,-0.129394,0.031297,0.23742,-0.067999,0.184983,0.313049,0.022867,0.019052,0.142057,0.199092,0.041516,0.128611
32013,0.046906,0.180589,-0.115672,0.217228,0.365715,0.044113,0.120024,0.360654,0.030364,0.181243,0.252784,0.275314,0.085722,0.228292
32015,0.065118,0.024365,-0.132947,-0.00237,0.269202,-0.064683,0.137907,0.336818,0.047833,0.063866,0.180584,0.227616,0.054811,0.165499
32017,0.099878,0.006225,-0.095694,0.082268,0.194081,-0.049104,0.080392,0.262099,0.053361,-0.05933,0.078107,0.105327,-0.010962,0.110917
32019,0.041676,0.114761,-0.180612,0.174007,0.396348,0.003646,0.056192,0.319393,0.015374,0.056533,0.260687,0.219149,0.137311,0.156004
32021,0.061109,0.062618,-0.150238,0.057896,0.306269,-0.032934,0.056827,0.285697,0.033128,0.055808,0.158027,0.161789,0.094815,0.144999
32023,0.085182,0.010706,-0.115215,0.034164,0.209421,-0.04468,0.067582,0.262563,0.048463,-0.021118,0.082112,0.100755,0.018767,0.111112
32027,0.019589,0.08564,-0.15536,0.21922,0.314124,-0.038076,0.112836,0.333166,0.017249,0.117837,0.232158,0.253998,0.075451,0.18681
32029,0.041676,0.114761,-0.180612,0.174007,0.396348,0.003646,0.056192,0.319393,0.015374,0.056533,0.260687,0.219149,0.137311,0.156004
32031,-0.001636,0.151976,-0.169565,0.301261,0.385556,0.043782,0.036191,0.298351,0.004349,0.138662,0.226778,0.194049,0.109882,0.181762
32033,0.055763,0.007686,-0.125842,0.064963,0.205639,-0.071314,0.232059,0.28928,-0.0021,-0.025763,0.10353,0.170568,0.028222,0.091722
32510,0.041676,0.114761,-0.180612,0.174007,0.396348,0.003646,0.056192,0.319393,0.015374,0.056533,0.260687,0.219149,0.137311,0.156004
33001,-0.00851,-0.016145,-0.118098,0.047767,0.042255,-0.123235,-0.095665,-0.271335,-0.091213,0.159622,-0.082245,0.115898,-0.010736,-0.04934
33003,-0.015055,-0.021504,-0.122432,0.044268,0.041525,-0.121098,-0.093933,-0.24838,-0.087708,0.164056,-0.08096,0.113792,-0.011442,-0.046393
33005,0.011138,-0.022262,-0.101833,0.050898,0.058909,-0.141299,-0.08603,-0.313845,-0.096612,0.153123,-0.073072,0.147425,-0.000888,-0.065282
33007,-0.029045,-0.050773,-0.140447,0.02714,0.034062,-0.124569,-0.091938,-0.222169,-0.0936,0.15358,-0.083306,0.10715,-0.015065,-0.048051
33009,-0.006132,-0.043114,-0.123648,0.035703,0.043848,-0.137874,-0.090584,-0.289335,-0.103311,0.141462,-0.081289,0.127126,-0.00873,-0.061915
33011,-0.001065,0.007765,-0.104416,0.061397,0.048988,-0.117628,-0.095928,-0.27459,-0.081815,0.174533,-0.078615,0.120434,-0.007818,-0.044735
33013,-0.00851,-0.016145,-0.118098,0.047767,0.042255,-0.123235,-0.095665,-0.271335,-0.091213,0.159622,-0.082245,0.115898,-0.010736,-0.04934
33015,-0.001065,0.007765,-0.104416,0.061397,0.048988,-0.117628,-0.095928,-0.27459,-0.081815,0.174533,-0.078615,0.120434,-0.007818,-0.044735
33017,-0.013267,0.037791,-0.106999,0.071896,0.039068,-0.093958,-0.105827,-0.235335,-0.067018,0.195942,-0.084159,0.093442,-0.014749,-0.024189
33019,-0.006132,-0.043114,-0.123648,0.035703,0.043848,-0.137874,-0.090584,-0.289335,-0.103311,0.141462,-0.081289,0.127126,-0.00873,-0.061915
34001,-0.035348,0.019966,-0.064992,0.099489,0.008682,-0.06441,-0.149537,-0.244907,-0.121244,0.14817,-0.112681,0.031904,-0.031041,-0.062642
34003,0.014281,-0.089116,-0.086859,0.078857,-0.009884,-0.139245,-0.134234,-0.264978,-0.160916,0.142133,-0.163327,0.083336,-0.062545,-0.117902
34005,-0.010534,-0.034575,-0.075926,0.089173,-0.000601,-0.101828,-0.141885,-0.254943,-0.14108,0.145152,-0.138004,0.05762,-0.046793,-0.090272
34007,-0.010534,-0.034575,-0.075926,0.089173,-0.000601,-0.101828,-0.141885,-0.254943,-0.14108,0.145152,-0.138004,0.05762,-0.046793,-0.090272
34009,-0.035348,0.019966,-0.064992,0.099489,0.008682,-0.06441,-0.149537,-0.244907,-0.121244,0.14817,-0.112681,0.031904,-0.031041,-0.062642
34011,-0.035348,0.019966,-0.064992,0.099489,0.008682,-0.06441,-0.149537,-0.244907,-0.121244,0.14817,-0.112681,0.031904,-0.031041,-0.062642
34013,0.014281,-0.089116,-0.086859,0.078857,-0.009884,-0.139245,-0.134234,-0.264978,-0.160916,0.142133,-0.163327,0.083336,-0.062545,-0.117902
34015,-0.010534,-0.034575,-0.075926,0.089173,-0.000601,-0.101828,-0.141885,-0.254943,-0.14108,0.145152,-0.138004,0.05762,-0.046793,-0.090272
34017,0.014281,-0.089116,-0.086859,0.078857,-0.009884,-0.139245,-0.134234,-0.264978,-0.160916,0.142133,-0.163327,0.083336,-0.062545,-0.117902
34019,0.014281,-0.089116,-0.086859,0.078857,-0.009884,-0.139245,-0.134234,-0.264978,-0.160916,0.142133,-0.163327,0.083336,-0.062545,-0.117902
34021,0.014281,-0.089116,-0.086859,0.078857,-0.009884,-0.139245,-0.134234,-0.264978,-0.160916,0.142133,-0.163327,0.083336,-0.062545,-0.117902
34023,0.014281,-0.089116,-0.086859,0.078857,-0.009884,-0.139245,-0.134234,-0.264978,-0.160916,0.142133,-0.163327,0.083336,-0.062545,-0.117902
34025,0.014281,-0.089116,-0.086859,0.078857,-0.009884,-0.139245,-0.134234,-0.264978,-0.160916,0.142133,-0.163327,0.083336,-0.062545,-0.117902
34027,0.014281,-0.089116,-0.086859,0.078857,-0.009884,-0.139245,-0.134234,-0.264978,-0.160916,0.142133,-0.163327,0.083336,-0.062545,-0.117902
34029,-0.010534,-0.034575,-0.075926,0.089173,-0.000601,-0.101828,-0.141885,-0.254943,-0.14108,0.145152,-0.138004,0.05762,-0.046793,-0.090272
34031,0.014281,-0.089116,-0.086859,0.078857,-0.009884,-0.139245,-0.134234,-0.264978,-0.160916,0.142133,-0.163327,0.083336,-0.062545,-0.117902
34033,-0.010534,-0.034575,-0.075926,0.089173,-0.000601,-0.101828,-0.141885,-0.254943,-0.14108,0.145152,-0.138004,0.05762,-0.046793,-0.090272
34035,0.014281,-0.089116,-0.086859,0.078857,-0.009884,-0.139245,-0.134234,-0.264978,-0.160916,0.142133,-0.163327,0.083336,-0.062545,-0.117902
34037,0.014281,-0.089116,-0.086859,0.078857,-0.009884,-0.139245,-0.134234,-0.264978,-0.160916,0.142133,-0.163327,0.083336,-0.062545,-0.117902
34039,0.014281,-0.089116,-0.086859,0.078857,-0.009884,-0.139245,-0.134234,-0.264978,-0.160916,0.142133,-0.163327,0.083336,-0.062545,-0.117902
34041,0.014281,-0.089116,-0.086859,0.078857,-0.009884,-0.139245,-0.134234,-0.264978,-0.160916,0.142133,-0.163327,0.083336,-0.062545,-0.117902
35001,-0.090908,-0.168928,0.133559,-0.220899,-0.25939,-0.219995,0.009043,0.064386,0.193606,-0.30393,-0.080497,-0.282488,-0.209188,-0.106498
35003,-0.058893,-0.204018,0.090012,-0.121643,-0.166062,-0.168892,0.107423,0.132929,0.096013,-0.346613,-0.116822,-0.228424,-0.249028,-0.035283
35005,-0.228109,-0.392449,0.093517,-0.278527,-0.414141,-0.296842,-0.05373,-0.033735,0.014499,-0.498186,-0.222384,-0.336359,-0.315264,-0.371784
35006,-0.033664,-0.196739,0.122217,-0.117115,-0.125059,-0.096798,0.127144,0.159921,0.122827,-0.320476,-0.120593,-0.213902,-0.215711,0.041556
35007,-0.206168,-0.534587,0.119026,-0.248511,-0.204804,-0.429538,-0.097645,-0.085465,0.129618,-0.549383,-0.180708,-0.227687,-0.166397,-0.197742
35009,-0.033003,-0.103326,0.091789,-0.069741,-0.068186,-0.176872,0.012321,-0.000347,0.030324,-0.218662,-0.126594,-0.095926,-0.058152,-0.113039
35011,-0.148525,-0.341748,0.126521,-0.281439,-0.382015,-0.298177,-0.055843,-0.00195,0.183272,-0.413697,-0.128226,-0.335568,-0.258026,-0.258713
35013,-0.175509,-0.283069,0.013345,-0.199601,-0.266801,-0.253096,-0.055302,-0.002468,0.028285,-0.371598,-0.158791,-0.336995,-0.285948,-0.232017
35015,-0.227663,-0.335154,0.020386,-0.279387,-0.349575,-0.256613,-0.055753,-0.063054,0.02018,-0.4582,-0.213608,-0.332073,-0.325534,-0.34754
35017,-0.12868,-0.23136,0.005627,-0.151533,-0.209554,-0.235968,0.023607,0.051674,0.057043,-0.364291,-0.13833,-0.287741,-0.275099,-0.157957
35019,-0.100943,-0.228809,0.106578,-0.281933,-0.327388,-0.286719,-0.062374,0.014981,0.266386,-0.298385,-0.106872,-0.283415,-0.175823,-0.167696
35021,-0.094578,-0.240714,0.091086,-0.167114,-0.166556,-0.263423,-0.040388,-0.023851,0.096977,-0.307006,-0.13654,-0.169609,-0.130141,-0.155009
35023,-0.111612,-0.187846,0.015391,-0.103199,-0.190429,-0.221656,0.06442,0.084273,0.073085,-0.350356,-0.120688,-0.248562,-0.270424,-0.142931
35025,-0.231899,-0.345621,0.047701,-0.271029,-0.355921,-0.262831,-0.055681,-0.058736,-0.005199,-0.460016,-0.224443,-0.315692,-0.314332,-0.355385
35027,-0.143425,-0.326049,0.126154,-0.253274,-0.361033,-0.292204,-0.039236,0.016005,0.130128,-0.407738,-0.128381,-0.322598,-0.275781,-0.243944
35028,-0.090908,-0.168928,0.133559,-0.220899,-0.25939,-0.219995,0.009043,0.064386,0.193606,-0.30393,-0.080497,-0.282488,-0.209188,-0.106498
35029,-0.175509,-0.283069,0.013345,-0.199601,-0.266801,-0.253096,-0.055302,-0.002468,0.028285,-0.371598,-0.158791,-0.336995,-0.285948,-0.232017
35031,0.00155,-0.108304,0.14074,-0.126206,-0.133417,-0.128068,0.156011,0.145321,0.148542,-0.311106,-0.104925,-0.142373,-0.218638,0.076312
35033,-0.153555,-0.381698,0.112802,-0.265222,-0.266096,-0.358128,-0.08001,-0.035242,0.198002,-0.423884,-0.14379,-0.255551,-0.17111,-0.182719
35035,-0.190521,-0.331144,0.027899,-0.246152,-0.325196,-0.263447,-0.053971,-0.024956,0.063262,-0.431239,-0.162066,-0.360732,-0.317816,-0.284442
35037,-0.066973,-0.166067,0.099184,-0.175837,-0.197787,-0.231796,-0.025027,0.007317,0.148355,-0.258524,-0.116733,-0.189671,-0.116988,-0.140368
35039,-0.093267,-0.196343,0.167815,-0.222924,-0.241203,-0.262221,0.033882,0.039868,0.186949,-0.356517,-0.102265,-0.19769,-0.207316,-0.061003
35041,-0.147541,-0.279258,0.09635,-0.227182,-0.305964,-0.264319,-0.039379,-0.013209,0.081427,-0.378355,-0.169559,-0.263015,-0.216126,-0.256076
35043,-0.093267,-0.196343,0.167815,-0.222924,-0.241203,-0.262221,0.033882,0.039868,0.186949,-0.356517,-0.102265,-0.19769,-0.207316,-0.061003
35045,0.036764,-0.019868,0.159263,-0.135297,-0.141776,-0.159338,0.184879,0.130721,0.174258,-0.301736,-0.089257,-0.070844,-0.221565,0.111067
35047,-0.066973,-0.166067,0.099184,-0.175837,-0.197787,-0.231796,-0.025027,0.007317,0.148355,-0.258524,-0.116733,-0.189671,-0.116988,-0.140368
35049,-0.129328,-0.290814,0.128715,-0.230103,-0.241195,-0.289843,-0.02652,0.014436,0.172277,-0.385748,-0.113901,-0.264221,-0.194924,-0.136912
35051,-0.133223,-0.294651,0.12542,-0.196946,-0.319069,-0.280258,-0.006022,0.051915,0.02384,-0.39582,-0.128691,-0.296658,-0.311291,-0.214407
35053,-0.127787,-0.271799,0.13475,-0.229922,-0.318623,-0.257471,-0.009312,0.040451,0.127803,-0.383172,-0.109816,-0.312339,-0.267474,-0.194283
35055,-0.206168,-0.534587,0.119026,-0.248511,-0.204804,-0.429538,-0.097645,-0.085465,0.129618,-0.549383,-0.180708,-0.227687,-0.166397,-0.197742
35057,-0.090908,-0.168928,0.133559,-0.220899,-0.25939,-0.219995,0.009043,0.064386,0.193606,-0.30393,-0.080497,-0.282488,-0.209188,-0.106498
35059,-0.092457,-0.244683,0.085922,-0.128841,-0.112945,-0.255658,-0.033059,-0.036795,0.040507,-0.309879,-0.146429,-0.131674,-0.114914,-0.150779
35061,-0.080872,-0.109047,0.16054,-0.159865,-0.191393,-0.153271,0.08046,0.113791,0.120826,-0.309475,-0.054122,-0.281561,-0.242553,-0.045299
36001,-0.003112,-0.053937,-0.102642,0.046006,0.029114,-0.149858,-0.115718,-0.255358,-0.143628,0.103744,-0.11769,0.127178,-0.044594,-0.100079
36003,-0.02394,-0.104349,-0.147082,0.023421,-0.025109,-0.222426,-0.155544,-0.227257,-0.228881,0.01846,-0.177279,0.056403,-0.142457,-0.22656
36005,-0.00076,-0.118841,-0.121923,0.029974,-0.025361,-0.17848,-0.149659,-0.288703,-0.195363,0.097089,-0.165606,0.072568,-0.104534,-0.136744
36007,-0.001592,-0.060734,-0.120891,0.047983,0.011498,-0.170083,-0.12805,-0.193619,-0.175278,0.064478,-0.143641,0.129253,-0.065989,-0.134858
36009,-0.0145,-0.103365,-0.128141,0.024995,-0.01403,-0.214661,-0.131772,-0.222875,-0.227969,0.029645,-0.183074,0.052939,-0.12462,-0.198484
36011,-0.02394,-0.104349,-0.147082,0.023421,-0.025109,-0.222426,-0.155544,-0.227257,-0.228881,0.01846,-0.177279,0.056403,-0.142457,-0.22656
36013,-0.00506,-0.10238,-0.109199,0.026569,-0.002952,-0.206897,-0.108,-0.218493,-0.227056,0.04083,-0.18887,0.049474,-0.106782,-0.170409
36015,-0.02394,-0.104349,-0.147082,0.023421,-0.025109,-0.222426,-0.155544,-0.227257,-0.228881,0.01846,-0.177279,0.056403,-0.142457,-0.22656
36017,-0.001592,-0.060734,-0.120891,0.047983,0.011498,-0.170083,-0.12805,-0.193619,-0.175278,0.064478,-0.143641,0.129253,-0.065989,-0.134858
36019,-0.049608,-0.091828,-0.128071,0.012639,0.017697,-0.129555,-0.102503,-0.254438,-0.14683,0.083481,-0.128319,0.077449,-0.041639,-0.078622
36021,-0.003112,-0.053937,-0.102642,0.046006,0.029114,-0.149858,-0.115718,-0.255358,-0.143628,0.103744,-0.11769,0.127178,-0.044594,-0.100079
36023,-0.012766,-0.082541,-0.133987,0.035702,-0.006805,-0.196254,-0.141797,-0.210438,-0.20208,0.041469,-0.16046,0.092828,-0.104223,-0.180709
36025,-0.001592,-0.060734,-0.120891,0.047983,0.011498,-0.170083,-0.12805,-0.193619,-0.175278,0.064478,-0.143641,0.129253,-0.065989,-0.134858
36027,-0.005423,-0.056273,-0.104731,0.045939,0.009829,-0.144269,-0.133134,-0.265391,-0.146757,0.118107,-0.131012,0.099744,-0.060572,-0.095614
36029,-0.0145,-0.103365,-0.128141,0.024995,-0.01403,-0.214661,-0.131772,-0.222875,-0.227969,0.029645,-0.183074,0.052939,-0.12462,-0.198484
36031,-0.049608,-0.091828,-0.128071,0.012639,0.017697,-0.129555,-0.102503,-0.254438,-0.14683,0.083481,-0.128319,0.077449,-0.041639,-0.078622
36033,-0.052604,-0.082829,-0.122638,0.023558,0.02116,-0.129849,-0.087898,-0.234993,-0.152565,0.057812,-0.138141,0.078068,-0.044188,-0.090552
36035,-0.001592,-0.060734,-0.120891,0.047983,0.011498,-0.170083,-0.12805,-0.193619,-0.175278,0.064478,-0.143641,0.129253,-0.065989,-0.134858
36037,-0.02394,-0.104349,-0.147082,0.023421,-0.025109,-0.222426,-0.155544,-0.227257,-0.228881,0.01846,-0.177279,0.056403,-0.142457,-0.22656
36039,-0.001592,-0.060734,-0.120891,0.047983,0.011498,-0.170083,-0.12805,-0.193619,-0.175278,0.064478,-0.143641,0.129253,-0.065989,-0.134858
36041,-0.027098,-0.071782,-0.121764,0.03577,0.016329,-0.149966,-0.107974,-0.214306,-0.163922,0.061145,-0.140891,0.10366,-0.055089,-0.112705
36043,-0.027098,-0.071782,-0.121764,0.03577,0.016329,-0.149966,-0.107974,-0.214306,-0.163922,0.061145,-0.140891,0.10366,-0.055089,-0.112705
36045,-0.041285,-0.100766,-0.121658,0.010414,0.017346,-0.154242,-0.097054,-0.222208,-0.183995,0.057977,-0.146008,0.089258,-0.065734,-0.125694
36047,-0.00076,-0.118841,-0.121923,0.029974,-0.025361,-0.17848,-0.149659,-0.288703,-0.195363,0.097089,-0.165606,0.072568,-0.104534,-0.136744
36049,-0.027098,-0.071782,-0.121764,0.03577,0.016329,-0.149966,-0.107974,-0.214306,-0.163922,0.061145,-0.140891,0.10366,-0.055089,-0.112705
36051,-0.02394,-0.104349,-0.147082,0.023421,-0.025109,-0.222426,-0.155544,-0.227257,-0.228881,0.01846,-0.177279,0.056403,-0.142457,-0.22656
36053,-0.001592,-0.060734,-0.120891,0.047983,0.011498,-0.170083,-0.12805,-0.193619,-0.175278,0.064478,-0.143641,0.129253,-0.065989,-0.134858
36055,-0.02394,-0.104349,-0.147082,0.023421,-0.025109,-0.222426,-0.155544,-0.227257,-0.228881,0.01846,-0.177279,0.056403,-0.142457,-0.22656
36057,-0.001592,-0.060734,-0.120891,0.047983,0.011498,-0.170083,-0.12805,-0.193619,-0.175278,0.064478,-0.143641,0.129253,-0.065989,-0.134858
36059,-0.007734,-0.05861,-0.106819,0.045872,-0.009456,-0.13868,-0.150549,-0.275424,-0.149885,0.132469,-0.144335,0.07231,-0.07655,-0.09115
36061,-0.00076,-0.118841,-0.121923,0.029974,-0.025361,-0.17848,-0.149659,-0.288703,-0.195363,0.097089,-0.165606,0.072568,-0.104534,-0.136744
36063,-0.0145,-0.103365,-0.128141,0.024995,-0.01403,-0.214661,-0.131772,-0.222875,-0.227969,0.029645,-0.183074,0.052939,-0.12462,-0.198484
36065,-0.027098,-0.071782,-0.121764,0.03577,0.016329,-0.149966,-0.107974,-0.214306,-0.163922,0.061145,-0.140891,0.10366,-0.055089,-0.112705
36067,-0.012766,-0.082541,-0.133987,0.035702,-0.006805,-0.196254,-0.141797,-0.210438,-0.20208,0.041469,-0.16046,0.092828,-0.104223,-0.180709
36069,-0.02394,-0.104349,-0.147082,0.023421,-0.025109,-0.222426,-0.155544,-0.227257,-0.228881,0.01846,-0.177279,0.056403,-0.142457,-0.22656
36071,-0.00076,-0.118841,-0.121923,0.029974,-0.025361,-0.17848,-0.149659,-0.288703,-0.195363,0.097089,-0.165606,0.072568,-0.104534,-0.136744
36073,-0.02394,-0.104349,-0.147082,0.023421,-0.025109,-0.222426,-0.155544,-0.227257,-0.228881,0.01846,-0.177279,0.056403,-0.142457,-0.22656
36075,-0.026045,-0.082637,-0.130204,0.031654,0.002516,-0.174119,-0.12383,-0.218623,-0.185575,0.046917,-0.15302,0.087908,-0.084211,-0.150657
36077,-0.001592,-0.060734,-0.120891,0.047983,0.011498,-0.170083,-0.12805,-0.193619,-0.175278,0.064478,-0.143641,0.129253,-0.065989,-0.134858
36079,-0.007734,-0.05861,-0.106819,0.045872,-0.009456,-0.13868,-0.150549,-0.275424,-0.149885,0.132469,-0.144335,0.07231,-0.07655,-0.09115
36081,-0.007734,-0.05861,-0.106819,0.045872,-0.009456,-0.13868,-0.150549,-0.275424,-0.149885,0.132469,-0.144335,0.07231,-0.07655,-0.09115
36083,-0.003112,-0.053937,-0.102642,0.046006,0.029114,-0.149858,-0.115718,-0.255358,-0.143628,0.103744,-0.11769,0.127178,-0.044594,-0.100079
36085,-0.00076,-0.118841,-0.121923,0.029974,-0.025361,-0.17848,-0.149659,-0.288703,-0.195363,0.097089,-0.165606,0.072568,-0.104534,-0.136744
36087,-0.00076,-0.118841,-0.121923,0.029974,-0.025361,-0.17848,-0.149659,-0.288703,-0.195363,0.097089,-0.165606,0.072568,-0.104534,-0.136744
36089,-0.052604,-0.082829,-0.122638,0.023558,0.02116,-0.129849,-0.087898,-0.234993,-0.152565,0.057812,-0.138141,0.078068,-0.044188,-0.090552
36091,-0.003112,-0.053937,-0.102642,0.046006,0.029114,-0.149858,-0.115718,-0.255358,-0.143628,0.103744,-0.11769,0.127178,-0.044594,-0.100079
36093,-0.001592,-0.060734,-0.120891,0.047983,0.011498,-0.170083,-0.12805,-0.193619,-0.175278,0.064478,-0.143641,0.129253,-0.065989,-0.134858
36095,-0.001592,-0.060734,-0.120891,0.047983,0.011498,-0.170083,-0.12805,-0.193619,-0.175278,0.064478,-0.143641,0.129253,-0.065989,-0.134858
36097,-0.02394,-0.104349,-0.147082,0.023421,-0.025109,-0.222426,-0.155544,-0.227257,-0.228881,0.01846,-0.177279,0.056403,-0.142457,-0.22656
36099,-0.02394,-0.104349,-0.147082,0.023421,-0.025109,-0.222426,-0.155544,-0.227257,-0.228881,0.01846,-0.177279,0.056403,-0.142457,-0.22656
36101,-0.02394,-0.104349,-0.147082,0.023421,-0.025109,-0.222426,-0.155544,-0.227257,-0.228881,0.01846,-0.177279,0.056403,-0.142457,-0.22656
36103,-0.014708,0.001622,-0.091715,0.061769,0.006449,-0.098881,-0.151439,-0.262145,-0.104407,0.16785,-0.123065,0.072051,-0.048566,-0.045556
36105,-0.001176,-0.089787,-0.121407,0.038979,-0.006932,-0.174281,-0.138854,-0.241161,-0.18532,0.080784,-0.154623,0.100911,-0.085262,-0.135801
36107,-0.012766,-0.082541,-0.133987,0.035702,-0.006805,-0.196254,-0.141797,-0.210438,-0.20208,0.041469,-0.16046,0.092828,-0.104223,-0.180709
36109,-0.012766,-0.082541,-0.133987,0.035702,-0.006805,-0.196254,-0.141797,-0.210438,-0.20208,0.041469,-0.16046,0.092828,-0.104223,-0.180709
36111,-0.001176,-0.089787,-0.121407,0.038979,-0.006932,-0.174281,-0.138854,-0.241161,-0.18532,0.080784,-0.154623,0.100911,-0.085262,-0.135801
36113,-0.02636,-0.072882,-0.115357,0.029323,0.023406,-0.139706,-0.109111,-0.254898,-0.145229,0.093613,-0.123004,0.102313,-0.043117,-0.08935
36115,-0.025622,-0.073983,-0.10895,0.022875,0.030482,-0.129447,-0.110248,-0.295489,-0.126536,0.12608,-0.105118,0.100966,-0.031145,-0.065995
36117,-0.02394,-0.104349,-0.147082,0.023421,-0.025109,-0.222426,-0.155544,-0.227257,-0.228881,0.01846,-0.177279,0.056403,-0.142457,-0.22656
36119,-0.007734,-0.05861,-0.106819,0.045872,-0.009456,-0.13868,-0.150549,-0.275424,-0.149885,0.132469,-0.144335,0.07231,-0.07655,-0.09115
36121,-0.02394,-0.104349,-0.147082,0.023421,-0.025109,-0.222426,-0.155544,-0.227257,-0.228881,0.01846,-0.177279,0.056403,-0.142457,-0.22656
36123,-0.02394,-0.104349,-0.147082,0.023421,-0.025109,-0.222426,-0.155544,-0.227257,-0.228881,0.01846,-0.177279,0.056403,-0.142457,-0.22656
37001,-0.034323,0.063704,0.050706,0.110941,0.014203,-0.023726,-0.073193,-0.126853,-0.323285,0.060639,-0.091963,-0.003805,-0.012386,-0.108029
37003,-0.029293,0.054272,0.045731,0.102886,0.005093,-0.018887,-0.069309,-0.130638,-0.295668,0.039107,-0.108102,0.008807,-0.104183,-0.13278
37005,-0.029693,0.044641,0.060608,0.120936,-0.001775,-0.029031,-0.07969,-0.146202,-0.237201,0.041128,-0.130113,0.01399,-0.16751,-0.156251
37007,-0.029502,0.071544,0.040137,0.102666,0.019019,-0.013521,-0.059237,-0.110466,-0.290475,0.062616,-0.065917,-0.010726,-0.031043,-0.07625
37009,-0.029693,0.044641,0.060608,0.120936,-0.001775,-0.029031,-0.07969,-0.146202,-0.237201,0.041128,-0.130113,0.01399,-0.16751,-0.156251
37011,-0.024262,0.04484,0.040755,0.094831,-0.004017,-0.014048,-0.065425,-0.134424,-0.26805,0.017575,-0.124241,0.02142,-0.19598,-0.157531
37013,-0.033922,0.108818,0.004926,0.130629,0.045271,0.012784,-0.095943,-0.101255,-0.086119,0.055771,-0.070604,-0.01044,-0.031872,-0.049438
37015,-0.031167,0.089134,0.036132,0.131942,0.01939,-0.011211,-0.097113,-0.142383,-0.202051,0.072675,-0.08999,-0.006874,-0.008986,-0.071533
37017,-0.031712,0.090181,0.022532,0.116648,0.032145,-0.000368,-0.07759,-0.105861,-0.188297,0.059193,-0.06826,-0.010583,-0.031457,-0.062844
37019,-0.046503,0.10706,-0.014902,0.119088,0.044488,0.023003,-0.100062,-0.08724,-0.071616,0.030662,-0.056023,-0.024862,-0.053135,-0.035893
37021,-0.028282,0.056262,0.02157,0.067005,0.004901,-0.003964,-0.058621,-0.119682,-0.417794,0.011555,-0.106264,0.017976,-0.05067,-0.142366
37023,-0.028282,0.056262,0.02157,0.067005,0.004901,-0.003964,-0.058621,-0.119682,-0.417794,0.011555,-0.106264,0.017976,-0.05067,-0.142366
37025,-0.029502,0.071544,0.040137,0.102666,0.019019,-0.013521,-0.059237,-0.110466,-0.290475,0.062616,-0.065917,-0.010726,-0.031043,-0.07625
37027,-0.024262,0.04484,0.040755,0.094831,-0.004017,-0.014048,-0.065425,-0.134424,-0.26805,0.017575,-0.124241,0.02142,-0.19598,-0.157531
37029,-0.018464,0.093856,0.037398,0.132099,0.010414,-0.012669,-0.115021,-0.170523,-0.194149,0.096127,-0.102005,-0.001867,-0.003745,-0.066865
37031,-0.030832,0.117926,-0.006882,0.128227,0.050092,0.021083,-0.105782,-0.095512,-0.054694,0.059196,-0.06608,-0.021056,-0.043874,-0.037719
37033,-0.039144,0.055864,0.061275,0.119215,0.009387,-0.033931,-0.08715,-0.14324,-0.356096,0.058662,-0.118009,0.003116,0.006271,-0.139807
37035,-0.028892,0.063903,0.030854,0.084836,0.01196,-0.008742,-0.058929,-0.115074,-0.354134,0.037086,-0.086091,0.003625,-0.040856,-0.109308
37037,-0.029502,0.071544,0.040137,0.102666,0.019019,-0.013521,-0.059237,-0.110466,-0.290475,0.062616,-0.065917,-0.010726,-0.031043,-0.07625
37039,-0.027796,0.039782,0.019836,0.048554,-0.001412,-0.003332,-0.056738,-0.116313,-0.278932,-0.018097,-0.119058,0.020006,-0.191123,-0.16067
37041,-0.028413,0.069451,0.067337,0.133254,-0.00649,-0.035206,-0.098284,-0.183511,-0.317982,0.089579,-0.109375,-0.003309,0.013899,-0.093627
37043,-0.027796,0.039782,0.019836,0.048554,-0.001412,-0.003332,-0.056738,-0.116313,-0.278932,-0.018097,-0.119058,0.020006,-0.191123,-0.16067
37045,-0.028282,0.056262,0.02157,0.067005,0.004901,-0.003964,-0.058621,-0.119682,-0.417794,0.011555,-0.106264,0.017976,-0.05067,-0.142366
37047,-0.046146,0.097837,-0.003128,0.111324,0.038971,0.019007,-0.08678,-0.092478,-0.131622,0.031511,-0.056072,-0.022573,-0.044996,-0.047281
37049,-0.033922,0.108818,0.004926,0.130629,0.045271,0.012784,-0.095943,-0.101255,-0.086119,0.055771,-0.070604,-0.01044,-0.031872,-0.049438
37051,-0.031712,0.090181,0.022532,0.116648,0.032145,-0.000368,-0.07759,-0.105861,-0.188297,0.059193,-0.06826,-0.010583,-0.031457,-0.062844
37053,-0.018464,0.093856,0.037398,0.132099,0.010414,-0.012669,-0.115021,-0.170523,-0.194149,0.096127,-0.102005,-0.001867,-0.003745,-0.066865
37055,-0.018129,0.122647,-0.005615,0.128384,0.041116,0.019625,-0.12369,-0.123652,-0.046793,0.082648,-0.078096,-0.016049,-0.038633,-0.033051
37057,-0.034323,0.063704,0.050706,0.110941,0.014203,-0.023726,-0.073193,-0.126853,-0.323285,0.060639,-0.091963,-0.003805,-0.012386,-0.108029
37059,-0.034323,0.063704,0.050706,0.110941,0.014203,-0.023726,-0.073193,-0.126853,-0.323285,0.060639,-0.091963,-0.003805,-0.012386,-0.108029
37061,-0.033922,0.108818,0.004926,0.130629,0.045271,0.012784,-0.095943,-0.101255,-0.086119,0.055771,-0.070604,-0.01044,-0.031872,-0.049438
37063,-0.032745,0.076419,0.043419,0.121441,0.016797,-0.017468,-0.085153,-0.134618,-0.262668,0.066657,-0.090976,-0.00534,-0.010686,-0.089781
37065,-0.031167,0.089134,0.036132,0.131942,0.01939,-0.011211,-0.097113,-0.142383,-0.202051,0.072675,-0.08999,-0.006874,-0.008986,-0.071533
37067,-0.034323,0.063704,0.050706,0.110941,0.014203,-0.023726,-0.073193,-0.126853,-0.323285,0.060639,-0.091963,-0.003805,-0.012386,-0.108029
37069,-0.031167,0.089134,0.036132,0.131942,0.01939,-0.011211,-0.097113,-0.142383,-0.202051,0.072675,-0.08999,-0.006874,-0.008986,-0.071533
37071,-0.028892,0.063903,0.030854,0.084836,0.01196,-0.008742,-0.058929,-0.115074,-0.354134,0.037086,-0.086091,0.003625,-0.040856,-0.109308
37073,-0.028413,0.069451,0.067337,0.133254,-0.00649,-0.035206,-0.098284,-0.183511,-0.317982,0.089579,-0.109375,-0.003309,0.013899,-0.093627
37075,-0.027796,0.039782,0.019836,0.048554,-0.001412,-0.003332,-0.056738,-0.116313,-0.278932,-0.018097,-0.119058,0.020006,-0.191123,-0.16067
37077,-0.033778,0.062658,0.064306,0.126234,0.001448,-0.034569,-0.092717,-0.163375,-0.337039,0.074121,-0.113692,-9.6e-05,0.010085,-0.116717
37079,-0.033922,0.108818,0.004926,0.130629,0.045271,0.012784,-0.095943,-0.101255,-0.086119,0.055771,-0.070604,-0.01044,-0.031872,-0.049438
37081,-0.034323,0.063704,0.050706,0.110941,0.014203,-0.023726,-0.073193,-0.126853,-0.323285,0.060639,-0.091963,-0.003805,-0.012386,-0.108029
37083,-0.028413,0.069451,0.067337,0.133254,-0.00649,-0.035206,-0.098284,-0.183511,-0.317982,0.089579,-0.109375,-0.003309,0.013899,-0.093627
37085,-0.031712,0.090181,0.022532,0.116648,0.032145,-0.000368,-0.07759,-0.105861,-0.188297,0.059193,-0.06826,-0.010583,-0.031457,-0.062844
37087,-0.028282,0.056262,0.02157,0.067005,0.004901,-0.003964,-0.058621,-0.119682,-0.417794,0.011555,-0.106264,0.017976,-0.05067,-0.142366
37089,-0.028282,0.056262,0.02157,0.067005,0.004901,-0.003964,-0.058621,-0.119682,-0.417794,0.011555,-0.106264,0.017976,-0.05067,-0.142366
37091,-0.028413,0.069451,0.067337,0.133254,-0.00649,-0.035206,-0.098284,-0.183511,-0.317982,0.089579,-0.109375,-0.003309,0.013899,-0.093627
37093,-0.029502,0.071544,0.040137,0.102666,0.019019,-0.013521,-0.059237,-0.110466,-0.290475,0.062616,-0.065917,-0.010726,-0.031043,-0.07625
37095,-0.030832,0.117926,-0.006882,0.128227,0.050092,0.021083,-0.105782,-0.095512,-0.054694,0.059196,-0.06608,-0.021056,-0.043874,-0.037719
37097,-0.034323,0.063704,0.050706,0.110941,0.014203,-0.023726,-0.073193,-0.126853,-0.323285,0.060639,-0.091963,-0.003805,-0.012386,-0.108029
37099,-0.028282,0.056262,0.02157,0.067005,0.004901,-0.003964,-0.058621,-0.119682,-0.417794,0.011555,-0.106264,0.017976,-0.05067,-0.142366
37101,-0.033922,0.108818,0.004926,0.130629,0.045271,0.012784,-0.095943,-0.101255,-0.086119,0.055771,-0.070604,-0.01044,-0.031872,-0.049438
37103,-0.033922,0.108818,0.004926,0.130629,0.045271,0.012784,-0.095943,-0.101255,-0.086119,0.055771,-0.070604,-0.01044,-0.031872,-0.049438
37105,-0.029502,0.071544,0.040137,0.102666,0.019019,-0.013521,-0.059237,-0.110466,-0.290475,0.062616,-0.065917,-0.010726,-0.031043,-0.07625
37107,-0.033922,0.108818,0.004926,0.130629,0.045271,0.012784,-0.095943,-0.101255,-0.086119,0.055771,-0.070604,-0.01044,-0.031872,-0.049438
37109,-0.028892,0.063903,0.030854,0.084836,0.01196,-0.008742,-0.058929,-0.115074,-0.354134,0.037086,-0.086091,0.003625,-0.040856,-0.109308
37111,-0.028282,0.056262,0.02157,0.067005,0.004901,-0.003964,-0.058621,-0.119682,-0.417794,0.011555,-0.106264,0.017976,-0.05067,-0.142366
37113,-0.028282,0.056262,0.02157,0.067005,0.004901,-0.003964,-0.058621,-0.119682,-0.417794,0.011555,-0.106264,0.017976,-0.05067,-0.142366
37115,-0.024262,0.04484,0.040755,0.094831,-0.004017,-0.014048,-0.065425,-0.134424,-0.26805,0.017575,-0.124241,0.02142,-0.19598,-0.157531
37117,-0.031167,0.089134,0.036132,0.131942,0.01939,-0.011211,-0.097113,-0.142383,-0.202051,0.072675,-0.08999,-0.006874,-0.008986,-0.071533
37119,-0.029502,0.071544,0.040137,0.102666,0.019019,-0.013521,-0.059237,-0.110466,-0.290475,0.062616,-0.065917,-0.010726,-0.031043,-0.07625
37121,-0.024262,0.04484,0.040755,0.094831,-0.004017,-0.014048,-0.065425,-0.134424,-0.26805,0.017575,-0.124241,0.02142,-0.19598,-0.157531
37123,-0.029502,0.071544,0.040137,0.102666,0.019019,-0.013521,-0.059237,-0.110466,-0.290475,0.062616,-0.065917,-0.010726,-0.031043,-0.07625
37125,-0.029502,0.071544,0.040137,0.102666,0.019019,-0.013521,-0.059237,-0.110466,-0.290475,0.062616,-0.065917,-0.010726,-0.031043,-0.07625
37127,-0.031167,0.089134,0.036132,0.131942,0.01939,-0.011211,-0.097113,-0.142383,-0.202051,0.072675,-0.08999,-0.006874,-0.008986,-0.071533
37129,-0.046503,0.10706,-0.014902,0.119088,0.044488,0.023003,-0.100062,-0.08724,-0.071616,0.030662,-0.056023,-0.024862,-0.053135,-0.035893
37131,-0.028413,0.069451,0.067337,0.133254,-0.00649,-0.035206,-0.098284,-0.183511,-0.317982,0.089579,-0.109375,-0.003309,0.013899,-0.093627
37133,-0.033922,0.108818,0.004926,0.130629,0.045271,0.012784,-0.095943,-0.101255,-0.086119,0.055771,-0.070604,-0.01044,-0.031872,-0.049438
37135,-0.034323,0.063704,0.050706,0.110941,0.014203,-0.023726,-0.073193,-0.126853,-0.323285,0.060639,-0.091963,-0.003805,-0.012386,-0.108029
37137,-0.033922,0.108818,0.004926,0.130629,0.045271,0.012784,-0.095943,-0.101255,-0.086119,0.055771,-0.070604,-0.01044,-0.031872,-0.049438
37139,-0.018464,0.093856,0.037398,0.132099,0.010414,-0.012669,-0.115021,-0.170523,-0.194149,0.096127,-0.102005,-0.001867,-0.003745,-0.066865
37141,-0.033922,0.108818,0.004926,0.130629,0.045271,0.012784,-0.095943,-0.101255,-0.086119,0.055771,-0.070604,-0.01044,-0.031872,-0.049438
37143,-0.018464,0.093856,0.037398,0.132099,0.010414,-0.012669,-0.115021,-0.170523,-0.194149,0.096127,-0.102005,-0.001867,-0.003745,-0.066865
37145,-0.039144,0.055864,0.061275,0.119215,0.009387,-0.033931,-0.08715,-0.14324,-0.356096,0.058662,-0.118009,0.003116,0.006271,-0.139807
37147,-0.033922,0.108818,0.004926,0.130629,0.045271,0.012784,-0.095943,-0.101255,-0.086119,0.055771,-0.070604,-0.01044,-0.031872,-0.049438
37149,-0.028282,0.056262,0.02157,0.067005,0.004901,-0.003964,-0.058621,-0.119682,-0.417794,0.011555,-0.106264,0.017976,-0.05067,-0.142366
37151,-0.029502,0.071544,0.040137,0.102666,0.019019,-0.013521,-0.059237,-0.110466,-0.290475,0.062616,-0.065917,-0.010726,-0.031043,-0.07625
37153,-0.029502,0.071544,0.040137,0.102666,0.019019,-0.013521,-0.059237,-0.110466,-0.290475,0.062616,-0.065917,-0.010726,-0.031043,-0.07625
37155,-0.029502,0.071544,0.040137,0.102666,0.019019,-0.013521,-0.059237,-0.110466,-0.290475,0.062616,-0.065917,-0.010726,-0.031043,-0.07625
37157,-0.039144,0.055864,0.061275,0.119215,0.009387,-0.033931,-0.08715,-0.14324,-0.356096,0.058662,-0.118009,0.003116,0.006271,-0.139807
37159,-0.029502,0.071544,0.040137,0.102666,0.019019,-0.013521,-0.059237,-0.110466,-0.290475,0.062616,-0.065917,-0.010726,-0.031043,-0.07625
37161,-0.028282,0.056262,0.02157,0.067005,0.004901,-0.003964,-0.058621,-0.119682,-0.417794,0.011555,-0.106264,0.017976,-0.05067,-0.142366
37163,-0.033922,0.108818,0.004926,0.130629,0.045271,0.012784,-0.095943,-0.101255,-0.086119,0.055771,-0.070604,-0.01044,-0.031872,-0.049438
37165,-0.029502,0.071544,0.040137,0.102666,0.019019,-0.013521,-0.059237,-0.110466,-0.290475,0.062616,-0.065917,-0.010726,-0.031043,-0.07625
37167,-0.029502,0.071544,0.040137,0.102666,0.019019,-0.013521,-0.059237,-0.110466,-0.290475,0.062616,-0.065917,-0.010726,-0.031043,-0.07625
37169,-0.039144,0.055864,0.061275,0.119215,0.009387,-0.033931,-0.08715,-0.14324,-0.356096,0.058662,-0.118009,0.003116,0.006271,-0.139807
37171,-0.039144,0.055864,0.061275,0.119215,0.009387,-0.033931,-0.08715,-0.14324,-0.356096,0.058662,-0.118009,0.003116,0.006271,-0.139807
37173,-0.027796,0.039782,0.019836,0.048554,-0.001412,-0.003332,-0.056738,-0.116313,-0.278932,-0.018097,-0.119058,0.020006,-0.191123,-0.16067
37175,-0.028282,0.056262,0.02157,0.067005,0.004901,-0.003964,-0.058621,-0.119682,-0.417794,0.011555,-0.106264,0.017976,-0.05067,-0.142366
37177,-0.030832,0.117926,-0.006882,0.128227,0.050092,0.021083,-0.105782,-0.095512,-0.054694,0.059196,-0.06608,-0.021056,-0.043874,-0.037719
37179,-0.029502,0.071544,0.040137,0.102666,0.019019,-0.013521,-0.059237,-0.110466,-0.290475,0.062616,-0.065917,-0.010726,-0.031043,-0.07625
37181,-0.028413,0.069451,0.067337,0.133254,-0.00649,-0.035206,-0.098284,-0.183511,-0.317982,0.089579,-0.109375,-0.003309,0.013899,-0.093627
37183,-0.032745,0.076419,0.043419,0.121441,0.016797,-0.017468,-0.085153,-0.134618,-0.262668,0.066657,-0.090976,-0.00534,-0.010686,-0.089781
37185,-0.028413,0.069451,0.067337,0.133254,-0.00649,-0.035206,-0.098284,-0.183511,-0.317982,0.089579,-0.109375,-0.003309,0.013899,-0.093627
37187,-0.033922,0.108818,0.004926,0.130629,0.045271,0.012784,-0.095943,-0.101255,-0.086119,0.055771,-0.070604,-0.01044,-0.031872,-0.049438
37189,-0.020242,0.033419,0.05994,0.122657,-0.012936,-0.024132,-0.072229,-0.149165,-0.118306,0.023594,-0.142218,0.024863,-0.341291,-0.172696
37191,-0.033922,0.108818,0.004926,0.130629,0.045271,0.012784,-0.095943,-0.101255,-0.086119,0.055771,-0.070604,-0.01044,-0.031872,-0.049438
37193,-0.029223,0.048515,0.047595,0.102959,0.000451,-0.020675,-0.072667,-0.137362,-0.297399,0.03127,-0.122164,0.015318,-0.128563,-0.151623
37195,-0.033922,0.108818,0.004926,0.130629,0.045271,0.012784,-0.095943,-0.101255,-0.086119,0.055771,-0.070604,-0.01044,-0.031872,-0.049438
37197,-0.039144,0.055864,0.061275,0.119215,0.009387,-0.033931,-0.08715,-0.14324,-0.356096,0.058662,-0.118009,0.003116,0.006271,-0.139807
37199,-0.024262,0.04484,0.040755,0.094831,-0.004017,-0.014048,-0.065425,-0.134424,-0.26805,0.017575,-0.124241,0.02142,-0.19598,-0.157531
38001,-0.197814,-0.159844,-0.548787,-0.079479,-0.178886,-0.532436,-0.134799,0.082006,-0.401113,-0.076919,-0.504764,-0.271341,-0.455565,-0.282272
38003,-0.184045,-0.182853,-0.371645,-0.113981,-0.229511,-0.539104,-0.049178,-0.158693,-0.437924,-0.240723,-0.493366,-0.231427,-0.395019,-0.320251
38005,-0.125962,-0.239482,-0.443874,0.027101,-0.060575,-0.552589,-0.179843,-0.07426,-0.38305,-0.174407,-0.48544,-0.233631,-0.320388,-0.325885
38007,-0.197814,-0.159844,-0.548787,-0.079479,-0.178886,-0.532436,-0.134799,0.082006,-0.401113,-0.076919,-0.504764,-0.271341,-0.455565,-0.282272
38009,-0.165274,-0.219089,-0.458672,0.064869,-0.060962,-0.570147,-0.224155,-0.079414,-0.378168,-0.164291,-0.442922,-0.258741,-0.324559,-0.333124
38011,-0.151829,-0.126437,-0.432934,-0.012304,-0.048577,-0.391859,-0.120408,0.079738,-0.33399,-0.044141,-0.38319,-0.213241,-0.336649,-0.23404
38013,-0.219576,-0.254955,-0.490947,0.057022,-0.113598,-0.575329,-0.276246,-0.131974,-0.407473,-0.140229,-0.443154,-0.283662,-0.375693,-0.366275
38015,-0.317423,-0.223569,-0.706682,-0.075996,-0.421037,-0.457117,-0.140024,-0.052784,-0.482531,-0.254037,-0.666893,-0.209512,-0.354353,-0.335404
38017,-0.184045,-0.182853,-0.371645,-0.113981,-0.229511,-0.539104,-0.049178,-0.158693,-0.437924,-0.240723,-0.493366,-0.231427,-0.395019,-0.320251
38019,-0.125962,-0.239482,-0.443874,0.027101,-0.060575,-0.552589,-0.179843,-0.07426,-0.38305,-0.174407,-0.48544,-0.233631,-0.320388,-0.325885
38021,-0.250734,-0.203211,-0.539164,-0.094989,-0.325274,-0.49811,-0.094601,-0.105739,-0.460227,-0.24738,-0.580129,-0.22047,-0.374686,-0.327828
38023,-0.22316,-0.285198,-0.545261,0.005951,-0.161218,-0.599259,-0.29893,-0.133531,-0.419587,-0.130091,-0.475848,-0.345682,-0.452677,-0.386886
38025,-0.208695,-0.207399,-0.519867,-0.011228,-0.146242,-0.553883,-0.205522,-0.024984,-0.404293,-0.108574,-0.473959,-0.277502,-0.415629,-0.324273
38027,-0.125962,-0.239482,-0.443874,0.027101,-0.060575,-0.552589,-0.179843,-0.07426,-0.38305,-0.174407,-0.48544,-0.233631,-0.320388,-0.325885
38029,-0.317423,-0.223569,-0.706682,-0.075996,-0.421037,-0.457117,-0.140024,-0.052784,-0.482531,-0.254037,-0.666893,-0.209512,-0.354353,-0.335404
38031,-0.188348,-0.221346,-0.491519,-0.033944,-0.192924,-0.52535,-0.137222,-0.089999,-0.421639,-0.210894,-0.532784,-0.22705,-0.347537,-0.326856
38033,-0.151829,-0.126437,-0.432934,-0.012304,-0.048577,-0.391859,-0.120408,0.079738,-0.33399,-0.044141,-0.38319,-0.213241,-0.336649,-0.23404
38035,-0.140951,-0.295742,-0.46135,-0.018514,-0.112824,-0.540212,-0.187623,-0.121666,-0.417236,-0.160461,-0.52819,-0.233443,-0.36735,-0.351797
38037,-0.257619,-0.191706,-0.627735,-0.077737,-0.299961,-0.494776,-0.137411,0.014611,-0.441822,-0.165478,-0.585828,-0.240426,-0.404959,-0.308838
38039,-0.162498,-0.239298,-0.416498,-0.066248,-0.171168,-0.539658,-0.1184,-0.14018,-0.42758,-0.200592,-0.510778,-0.232435,-0.381185,-0.336024
38041,-0.197814,-0.159844,-0.548787,-0.079479,-0.178886,-0.532436,-0.134799,0.082006,-0.401113,-0.076919,-0.504764,-0.271341,-0.455565,-0.282272
38043,-0.317423,-0.223569,-0.706682,-0.075996,-0.421037,-0.457117,-0.140024,-0.052784,-0.482531,-0.254037,-0.666893,-0.209512,-0.354353,-0.335404
38045,-0.250734,-0.203211,-0.539164,-0.094989,-0.325274,-0.49811,-0.094601,-0.105739,-0.460227,-0.24738,-0.580129,-0.22047,-0.374686,-0.327828
38047,-0.317423,-0.223569,-0.706682,-0.075996,-0.421037,-0.457117,-0.140024,-0.052784,-0.482531,-0.254037,-0.666893,-0.209512,-0.354353,-0.335404
38049,-0.110972,-0.183222,-0.426397,0.072716,-0.008326,-0.564966,-0.172064,-0.026853,-0.348864,-0.188354,-0.442689,-0.23382,-0.273426,-0.299973
38051,-0.317423,-0.223569,-0.706682,-0.075996,-0.421037,-0.457117,-0.140024,-0.052784,-0.482531,-0.254037,-0.666893,-0.209512,-0.354353,-0.335404
38053,-0.187494,-0.205818,-0.489098,-0.003176,-0.104898,-0.495559,-0.209669,-0.026896,-0.376788,-0.087116,-0.429519,-0.279462,-0.394663,-0.310463
38055,-0.211446,-0.205397,-0.543203,-0.006434,-0.180462,-0.532462,-0.180783,-0.032401,-0.409995,-0.164885,-0.514375,-0.249584,-0.364759,-0.320981
38057,-0.208695,-0.207399,-0.519867,-0.011228,-0.146242,-0.553883,-0.205522,-0.024984,-0.404293,-0.108574,-0.473959,-0.277502,-0.415629,-0.324273
38059,-0.257619,-0.191706,-0.627735,-0.077737,-0.299961,-0.494776,-0.137411,0.014611,-0.441822,-0.165478,-0.585828,-0.240426,-0.404959,-0.308838
38061,-0.219576,-0.254955,-0.490947,0.057022,-0.113598,-0.575329,-0.276246,-0.131974,-0.407473,-0.140229,-0.443154,-0.283662,-0.375693,-0.366275
38063,-0.140951,-0.295742,-0.46135,-0.018514,-0.112824,-0.540212,-0.187623,-0.121666,-0.417236,-0.160461,-0.52819,-0.233443,-0.36735,-0.351797
38065,-0.257619,-0.191706,-0.627735,-0.077737,-0.299961,-0.494776,-0.137411,0.014611,-0.441822,-0.165478,-0.585828,-0.240426,-0.404959,-0.308838
38067,-0.140951,-0.295742,-0.46135,-0.018514,-0.112824,-0.540212,-0.187623,-0.121666,-0.417236,-0.160461,-0.52819,-0.233443,-0.36735,-0.351797
38069,-0.110972,-0.183222,-0.426397,0.072716,-0.008326,-0.564966,-0.172064,-0.026853,-0.348864,-0.188354,-0.442689,-0.23382,-0.273426,-0.299973
38071,-0.125962,-0.239482,-0.443874,0.027101,-0.060575,-0.552589,-0.179843,-0.07426,-0.38305,-0.174407,-0.48544,-0.233631,-0.320388,-0.325885
38073,-0.184045,-0.182853,-0.371645,-0.113981,-0.229511,-0.539104,-0.049178,-0.158693,-0.437924,-0.240723,-0.493366,-0.231427,-0.395019,-0.320251
38075,-0.165274,-0.219089,-0.458672,0.064869,-0.060962,-0.570147,-0.224155,-0.079414,-0.378168,-0.164291,-0.442922,-0.258741,-0.324559,-0.333124
38077,-0.184045,-0.182853,-0.371645,-0.113981,-0.229511,-0.539104,-0.049178,-0.158693,-0.437924,-0.240723,-0.493366,-0.231427,-0.395019,-0.320251
38079,-0.110972,-0.183222,-0.426397,0.072716,-0.008326,-0.564966,-0.172064,-0.026853,-0.348864,-0.188354,-0.442689,-0.23382,-0.273426,-0.299973
38081,-0.184045,-0.182853,-0.371645,-0.113981,-0.229511,-0.539104,-0.049178,-0.158693,-0.437924,-0.240723,-0.493366,-0.231427,-0.395019,-0.320251
38083,-0.214198,-0.203395,-0.56654,-0.00164,-0.214681,-0.511041,-0.156044,-0.039819,-0.415697,-0.221195,-0.554791,-0.221666,-0.31389,-0.317689
38085,-0.257619,-0.191706,-0.627735,-0.077737,-0.299961,-0.494776,-0.137411,0.014611,-0.441822,-0.165478,-0.585828,-0.240426,-0.404959,-0.308838
38087,-0.151829,-0.126437,-0.432934,-0.012304,-0.048577,-0.391859,-0.120408,0.079738,-0.33399,-0.044141,-0.38319,-0.213241,-0.336649,-0.23404
38089,-0.197814,-0.159844,-0.548787,-0.079479,-0.178886,-0.532436,-0.134799,0.082006,-0.401113,-0.076919,-0.504764,-0.271341,-0.455565,-0.282272
38091,-0.162498,-0.239298,-0.416498,-0.066248,-0.171168,-0.539658,-0.1184,-0.14018,-0.42758,-0.200592,-0.510778,-0.232435,-0.381185,-0.336024
38093,-0.250734,-0.203211,-0.539164,-0.094989,-0.325274,-0.49811,-0.094601,-0.105739,-0.460227,-0.24738,-0.580129,-0.22047,-0.374686,-0.327828
38095,-0.110972,-0.183222,-0.426397,0.072716,-0.008326,-0.564966,-0.172064,-0.026853,-0.348864,-0.188354,-0.442689,-0.23382,-0.273426,-0.299973
38097,-0.162498,-0.239298,-0.416498,-0.066248,-0.171168,-0.539658,-0.1184,-0.14018,-0.42758,-0.200592,-0.510778,-0.232435,-0.381185,-0.336024
38099,-0.140951,-0.295742,-0.46135,-0.018514,-0.112824,-0.540212,-0.187623,-0.121666,-0.417236,-0.160461,-0.52819,-0.233443,-0.36735,-0.351797
38101,-0.165274,-0.219089,-0.458672,0.064869,-0.060962,-0.570147,-0.224155,-0.079414,-0.378168,-0.164291,-0.442922,-0.258741,-0.324559,-0.333124
38103,-0.214198,-0.203395,-0.56654,-0.00164,-0.214681,-0.511041,-0.156044,-0.039819,-0.415697,-0.221195,-0.554791,-0.221666,-0.31389,-0.317689
38105,-0.22316,-0.285198,-0.545261,0.005951,-0.161218,-0.599259,-0.29893,-0.133531,-0.419587,-0.130091,-0.475848,-0.345682,-0.452677,-0.386886
39001,-0.009257,-0.034275,-0.08426,0.038406,-0.056188,-0.130415,-0.123121,-0.469052,-0.189867,0.043358,-0.144636,-0.008088,-0.058582,-0.223924
39003,-0.001241,-0.101708,-0.130329,0.004278,-0.003565,-0.238883,-0.025117,-0.27038,-0.215397,0.023098,-0.221136,0.063577,-0.218847,-0.161921
39005,0.016527,-0.053262,-0.142875,0.056802,-0.042834,-0.181284,-0.108032,-0.230211,-0.197594,0.008741,-0.254764,0.031023,-0.081067,-0.237345
39007,0.030874,-0.072633,-0.133663,0.023274,-0.019098,-0.167376,-0.14464,-0.249885,-0.224755,0.059024,-0.214642,0.045405,-0.090298,-0.207941
39009,-0.009257,-0.034275,-0.08426,0.038406,-0.056188,-0.130415,-0.123121,-0.469052,-0.189867,0.043358,-0.144636,-0.008088,-0.058582,-0.223924
39011,-0.001241,-0.101708,-0.130329,0.004278,-0.003565,-0.238883,-0.025117,-0.27038,-0.215397,0.023098,-0.221136,0.063577,-0.218847,-0.161921
39013,0.019386,-0.06188,-0.139246,0.022767,-0.012743,-0.160796,-0.137941,-0.252933,-0.224039,0.066555,-0.205043,0.043746,-0.084558,-0.223265
39015,-0.013037,-0.02643,-0.111257,0.067754,-0.063227,-0.114041,-0.11527,-0.38591,-0.183709,0.0581,-0.176188,-0.014969,-0.102903,-0.226361
39017,-0.016817,-0.018585,-0.138255,0.097102,-0.070266,-0.097667,-0.107419,-0.302768,-0.17755,0.072843,-0.20774,-0.021851,-0.147224,-0.228797
39019,0.017956,-0.057571,-0.14106,0.039784,-0.027789,-0.17104,-0.122987,-0.241572,-0.210817,0.037648,-0.229904,0.037384,-0.082812,-0.230305
39021,0.007643,-0.077485,-0.136602,0.03054,-0.023199,-0.210084,-0.066575,-0.250295,-0.206496,0.01592,-0.23795,0.0473,-0.149957,-0.199633
39023,0.002009,-0.063082,-0.119155,0.033162,-0.034196,-0.183528,-0.085423,-0.323214,-0.200953,0.025066,-0.206845,0.028837,-0.119499,-0.20773
39025,-0.016817,-0.018585,-0.138255,0.097102,-0.070266,-0.097667,-0.107419,-0.302768,-0.17755,0.072843,-0.20774,-0.021851,-0.147224,-0.228797
39027,-0.013037,-0.02643,-0.111257,0.067754,-0.063227,-0.114041,-0.11527,-0.38591,-0.183709,0.0581,-0.176188,-0.014969,-0.102903,-0.226361
39029,0.019386,-0.06188,-0.139246,0.022767,-0.012743,-0.160796,-0.137941,-0.252933,-0.224039,0.066555,-0.205043,0.043746,-0.084558,-0.223265
39031,0.016527,-0.053262,-0.142875,0.056802,-0.042834,-0.181284,-0.108032,-0.230211,-0.197594,0.008741,-0.254764,0.031023,-0.081067,-0.237345
39033,0.016527,-0.053262,-0.142875,0.056802,-0.042834,-0.181284,-0.108032,-0.230211,-0.197594,0.008741,-0.254764,0.031023,-0.081067,-0.237345
39035,0.016527,-0.053262,-0.142875,0.056802,-0.042834,-0.181284,-0.108032,-0.230211,-0.197594,0.008741,-0.254764,0.031023,-0.081067,-0.237345
39037,-0.001241,-0.101708,-0.130329,0.004278,-0.003565,-0.238883,-0.025117,-0.27038,-0.215397,0.023098,-0.221136,0.063577,-0.218847,-0.161921
39039,-0.001241,-0.101708,-0.130329,0.004278,-0.003565,-0.238883,-0.025117,-0.27038,-0.215397,0.023098,-0.221136,0.063577,-0.218847,-0.161921
39041,0.016527,-0.053262,-0.142875,0.056802,-0.042834,-0.181284,-0.108032,-0.230211,-0.197594,0.008741,-0.254764,0.031023,-0.081067,-0.237345
39043,0.016527,-0.053262,-0.142875,0.056802,-0.042834,-0.181284,-0.108032,-0.230211,-0.197594,0.008741,-0.254764,0.031023,-0.081067,-0.237345
39045,0.003635,-0.043769,-0.113567,0.047604,-0.049511,-0.15585,-0.115576,-0.349631,-0.193731,0.026049,-0.1997,0.011468,-0.069824,-0.230635
39047,-0.009257,-0.034275,-0.08426,0.038406,-0.056188,-0.130415,-0.123121,-0.469052,-0.189867,0.043358,-0.144636,-0.008088,-0.058582,-0.223924
39049,0.016527,-0.053262,-0.142875,0.056802,-0.042834,-0.181284,-0.108032,-0.230211,-0.197594,0.008741,-0.254764,0.031023,-0.081067,-0.237345
39051,-0.002217,-0.113955,-0.178719,-0.041878,-0.054828,-0.290111,-0.120556,-0.299295,-0.317352,-0.046517,-0.249809,0.024033,-0.22398,-0.210747
39053,-0.009257,-0.034275,-0.08426,0.038406,-0.056188,-0.130415,-0.123121,-0.469052,-0.189867,0.043358,-0.144636,-0.008088,-0.058582,-0.223924
39055,0.026091,-0.066176,-0.136734,0.03445,-0.02701,-0.172012,-0.132437,-0.243327,-0.215701,0.042263,-0.228016,0.040611,-0.087221,-0.217742
39057,-0.002697,-0.051958,-0.12393,0.049147,-0.043213,-0.162062,-0.090922,-0.318103,-0.195102,0.03701,-0.207069,0.016165,-0.12643,-0.212997
39059,0.017956,-0.057571,-0.14106,0.039784,-0.027789,-0.17104,-0.122987,-0.241572,-0.210817,0.037648,-0.229904,0.037384,-0.082812,-0.230305
39061,-0.016817,-0.018585,-0.138255,0.097102,-0.070266,-0.097667,-0.107419,-0.302768,-0.17755,0.072843,-0.20774,-0.021851,-0.147224,-0.228797
39063,0.007643,-0.077485,-0.136602,0.03054,-0.023199,-0.210084,-0.066575,-0.250295,-0.206496,0.01592,-0.23795,0.0473,-0.149957,-0.199633
39065,0.007643,-0.077485,-0.136602,0.03054,-0.023199,-0.210084,-0.066575,-0.250295,-0.206496,0.01592,-0.23795,0.0473,-0.149957,-0.199633
39067,0.017956,-0.057571,-0.14106,0.039784,-0.027789,-0.17104,-0.122987,-0.241572,-0.210817,0.037648,-0.229904,0.037384,-0.082812,-0.230305
39069,-0.001241,-0.101708,-0.130329,0.004278,-0.003565,-0.238883,-0.025117,-0.27038,-0.215397,0.023098,-0.221136,0.063577,-0.218847,-0.161921
39071,-0.013037,-0.02643,-0.111257,0.067754,-0.063227,-0.114041,-0.11527,-0.38591,-0.183709,0.0581,-0.176188,-0.014969,-0.102903,-0.226361
39073,-0.009257,-0.034275,-0.08426,0.038406,-0.056188,-0.130415,-0.123121,-0.469052,-0.189867,0.043358,-0.144636,-0.008088,-0.058582,-0.223924
39075,0.016527,-0.053262,-0.142875,0.056802,-0.042834,-0.181284,-0.108032,-0.230211,-0.197594,0.008741,-0.254764,0.031023,-0.081067,-0.237345
39077,0.016527,-0.053262,-0.142875,0.056802,-0.042834,-0.181284,-0.108032,-0.230211,-0.197594,0.008741,-0.254764,0.031023,-0.081067,-0.237345
39079,-0.009257,-0.034275,-0.08426,0.038406,-0.056188,-0.130415,-0.123121,-0.469052,-0.189867,0.043358,-0.144636,-0.008088,-0.058582,-0.223924
39081,0.019386,-0.06188,-0.139246,0.022767,-0.012743,-0.160796,-0.137941,-0.252933,-0.224039,0.066555,-0.205043,0.043746,-0.084558,-0.223265
39083,0.016527,-0.053262,-0.142875,0.056802,-0.042834,-0.181284,-0.108032,-0.230211,-0.197594,0.008741,-0.254764,0.031023,-0.081067,-0.237345
39085,0.027385,-0.068102,-0.138339,0.030586,-0.026527,-0.17728,-0.136668,-0.238502,-0.220527,0.035303,-0.239376,0.033631,-0.091512,-0.217367
39087,-0.009257,-0.034275,-0.08426,0.038406,-0.056188,-0.130415,-0.123121,-0.469052,-0.189867,0.043358,-0.144636,-0.008088,-0.058582,-0.223924
39089,0.016527,-0.053262,-0.142875,0.056802,-0.042834,-0.181284,-0.108032,-0.230211,-0.197594,0.008741,-0.254764,0.031023,-0.081067,-0.237345
39091,0.007643,-0.077485,-0.136602,0.03054,-0.023199,-0.210084,-0.066575,-0.250295,-0.206496,0.01592,-0.23795,0.0473,-0.149957,-0.199633
39093,0.016527,-0.053262,-0.142875,0.056802,-0.042834,-0.181284,-0.108032,-0.230211,-0.197594,0.008741,-0.254764,0.031023,-0.081067,-0.237345
39095,0.01084,-0.088763,-0.160866,-0.00199,-0.044392,-0.238647,-0.124626,-0.263207,-0.266826,-0.017468,-0.25696,0.022944,-0.158353,-0.218771
39097,0.003635,-0.043769,-0.113567,0.047604,-0.049511,-0.15585,-0.115576,-0.349631,-0.193731,0.026049,-0.1997,0.011468,-0.069824,-0.230635
39099,0.019386,-0.06188,-0.139246,0.022767,-0.012743,-0.160796,-0.137941,-0.252933,-0.224039,0.066555,-0.205043,0.043746,-0.084558,-0.223265
39101,0.016527,-0.053262,-0.142875,0.056802,-0.042834,-0.181284,-0.108032,-0.230211,-0.197594,0.008741,-0.254764,0.031023,-0.081067,-0.237345
39103,0.016527,-0.053262,-0.142875,0.056802,-0.042834,-0.181284,-0.108032,-0.230211,-0.197594,0.008741,-0.254764,0.031023,-0.081067,-0.237345
39105,-0.009257,-0.034275,-0.08426,0.038406,-0.056188,-0.130415,-0.123121,-0.469052,-0.189867,0.043358,-0.144636,-0.008088,-0.058582,-0.223924
39107,-0.001241,-0.101708,-0.130329,0.004278,-0.003565,-0.238883,-0.025117,-0.27038,-0.215397,0.023098,-0.221136,0.063577,-0.218847,-0.161921
39109,-0.001241,-0.101708,-0.130329,0.004278,-0.003565,-0.238883,-0.025117,-0.27038,-0.215397,0.023098,-0.221136,0.063577,-0.218847,-0.161921
39111,0.00296,-0.04485,-0.115652,0.035567,-0.034972,-0.150069,-0.123447,-0.307976,-0.234694,0.048994,-0.188119,0.017387,-0.065921,-0.222057
39113,-0.009029,-0.060147,-0.134292,0.05069,-0.036915,-0.168275,-0.066268,-0.286574,-0.196474,0.04797,-0.214438,0.020863,-0.183036,-0.195359
39115,-0.009257,-0.034275,-0.08426,0.038406,-0.056188,-0.130415,-0.123121,-0.469052,-0.189867,0.043358,-0.144636,-0.008088,-0.058582,-0.223924
39117,0.016527,-0.053262,-0.142875,0.056802,-0.042834,-0.181284,-0.108032,-0.230211,-0.197594,0.008741,-0.254764,0.031023,-0.081067,-0.237345
39119,0.003635,-0.043769,-0.113567,0.047604,-0.049511,-0.15585,-0.115576,-0.349631,-0.193731,0.026049,-0.1997,0.011468,-0.069824,-0.230635
39121,0.008885,-0.049806,-0.122127,0.039325,-0.037255,-0.157498,-0.123031,-0.317398,-0.203834,0.039551,-0.201481,0.022227,-0.074736,-0.228178
39123,0.023897,-0.063572,-0.143014,0.037899,-0.033955,-0.187183,-0.128696,-0.227119,-0.2163,0.011581,-0.26411,0.021856,-0.092726,-0.226794
39125,-0.001241,-0.101708,-0.130329,0.004278,-0.003565,-0.238883,-0.025117,-0.27038,-0.215397,0.023098,-0.221136,0.063577,-0.218847,-0.161921
39127,0.003635,-0.043769,-0.113567,0.047604,-0.049511,-0.15585,-0.115576,-0.349631,-0.193731,0.026049,-0.1997,0.011468,-0.069824,-0.230635
39129,0.003635,-0.043769,-0.113567,0.047604,-0.049511,-0.15585,-0.115576,-0.349631,-0.193731,0.026049,-0.1997,0.011468,-0.069824,-0.230635
39131,-0.009257,-0.034275,-0.08426,0.038406,-0.056188,-0.130415,-0.123121,-0.469052,-0.189867,0.043358,-0.144636,-0.008088,-0.058582,-0.223924
39133,0.017956,-0.057571,-0.14106,0.039784,-0.027789,-0.17104,-0.122987,-0.241572,-0.210817,0.037648,-0.229904,0.037384,-0.082812,-0.230305
39135,-0.009029,-0.060147,-0.134292,0.05069,-0.036915,-0.168275,-0.066268,-0.286574,-0.196474,0.04797,-0.214438,0.020863,-0.183036,-0.195359
39137,-0.001241,-0.101708,-0.130329,0.004278,-0.003565,-0.238883,-0.025117,-0.27038,-0.215397,0.023098,-0.221136,0.063577,-0.218847,-0.161921
39139,0.016527,-0.053262,-0.142875,0.056802,-0.042834,-0.181284,-0.108032,-0.230211,-0.197594,0.008741,-0.254764,0.031023,-0.081067,-0.237345
39141,-0.009257,-0.034275,-0.08426,0.038406,-0.056188,-0.130415,-0.123121,-0.469052,-0.189867,0.043358,-0.144636,-0.008088,-0.058582,-0.223924
39143,0.016527,-0.053262,-0.142875,0.056802,-0.042834,-0.181284,-0.108032,-0.230211,-0.197594,0.008741,-0.254764,0.031023,-0.081067,-0.237345
39145,-0.009257,-0.034275,-0.08426,0.038406,-0.056188,-0.130415,-0.123121,-0.469052,-0.189867,0.043358,-0.144636,-0.008088,-0.058582,-0.223924
39147,0.016527,-0.053262,-0.142875,0.056802,-0.042834,-0.181284,-0.108032,-0.230211,-0.197594,0.008741,-0.254764,0.031023,-0.081067,-0.237345
39149,-0.001241,-0.101708,-0.130329,0.004278,-0.003565,-0.238883,-0.025117,-0.27038,-0.215397,0.023098,-0.221136,0.063577,-0.218847,-0.161921
39151,0.017956,-0.057571,-0.14106,0.039784,-0.027789,-0.17104,-0.122987,-0.241572,-0.210817,0.037648,-0.229904,0.037384,-0.082812,-0.230305
39153,0.016527,-0.053262,-0.142875,0.056802,-0.042834,-0.181284,-0.108032,-0.230211,-0.197594,0.008741,-0.254764,0.031023,-0.081067,-0.237345
39155,0.019386,-0.06188,-0.139246,0.022767,-0.012743,-0.160796,-0.137941,-0.252933,-0.224039,0.066555,-0.205043,0.043746,-0.084558,-0.223265
39157,0.016527,-0.053262,-0.142875,0.056802,-0.042834,-0.181284,-0.108032,-0.230211,-0.197594,0.008741,-0.254764,0.031023,-0.081067,-0.237345
39159,0.016527,-0.053262,-0.142875,0.056802,-0.042834,-0.181284,-0.108032,-0.230211,-0.197594,0.008741,-0.254764,0.031023,-0.081067,-0.237345
39161,-0.001241,-0.101708,-0.130329,0.004278,-0.003565,-0.238883,-0.025117,-0.27038,-0.215397,0.023098,-0.221136,0.063577,-0.218847,-0.161921
39163,-0.009257,-0.034275,-0.08426,0.038406,-0.056188,-0.130415,-0.123121,-0.469052,-0.189867,0.043358,-0.144636,-0.008088,-0.058582,-0.223924
39165,-0.016817,-0.018585,-0.138255,0.097102,-0.070266,-0.097667,-0.107419,-0.302768,-0.17755,0.072843,-0.20774,-0.021851,-0.147224,-0.228797
39167,-0.012036,-0.032129,-0.090243,0.03135,-0.042155,-0.129097,-0.123907,-0.374381,-0.258572,0.06034,-0.146334,-0.002611,-0.04903,-0.213808
39169,0.016527,-0.053262,-0.142875,0.056802,-0.042834,-0.181284,-0.108032,-0.230211,-0.197594,0.008741,-0.254764,0.031023,-0.081067,-0.237345
39171,-0.002217,-0.113955,-0.178719,-0.041878,-0.054828,-0.290111,-0.120556,-0.299295,-0.317352,-0.046517,-0.249809,0.024033,-0.22398,-0.210747
39173,0.007643,-0.077485,-0.136602,0.03054,-0.023199,-0.210084,-0.066575,-0.250295,-0.206496,0.01592,-0.23795,0.0473,-0.149957,-0.199633
39175,0.016527,-0.053262,-0.142875,0.056802,-0.042834,-0.181284,-0.108032,-0.230211,-0.197594,0.008741,-0.254764,0.031023,-0.081067,-0.237345
40001,-0.147541,-0.154613,-0.047754,-0.170414,-0.31143,-0.348292,-0.065678,-0.197291,-0.336405,-0.369595,-0.439783,0.123237,-0.317784,-0.853922
40003,-0.079185,-0.030399,-0.021014,-0.083037,-0.105977,-0.326553,0.003558,-0.069757,-0.328813,-0.303498,-0.352274,0.135635,-0.270457,-0.258637
40005,-0.22206,-0.208855,-0.110047,-0.303752,-0.378073,-0.480536,-0.035243,-0.190259,-0.381051,-0.495928,-0.543417,-0.013814,-0.444906,-0.956923
40007,-0.102098,-0.050002,0.056448,-0.055761,-0.166536,-0.310029,0.159263,0.001674,-0.147634,-0.214495,-0.289238,0.169026,-0.177553,-0.157143
40009,-0.206991,-0.339236,-0.022896,-0.274939,-0.323404,-0.497755,0.061032,-0.027943,-0.335896,-0.503833,-0.349882,-0.082119,-0.379955,-0.456527
04001,0.067658,-0.182875,0.002757,-0.023425,-0.03306,-0.103599,0.176168,0.198649,0.101059,-0.34957,-0.095433,-0.141049,-0.189098,0.046561
40011,-0.134699,-0.108494,-0.05184,-0.201013,-0.234818,-0.409016,0.009074,-0.107861,-0.37307,-0.425785,-0.455328,0.051814,-0.348465,-0.451005
40013,-0.235144,-0.300114,-0.155494,-0.37869,-0.433803,-0.475047,-0.06485,-0.170442,-0.334665,-0.5849,-0.55582,-0.083711,-0.522742,-0.964909
40015,-0.190213,-0.18659,-0.082667,-0.318988,-0.363658,-0.491479,0.014589,-0.145966,-0.417328,-0.548071,-0.558382,-0.032008,-0.426474,-0.643372
40017,-0.190213,-0.18659,-0.082667,-0.318988,-0.363658,-0.491479,0.014589,-0.145966,-0.417328,-0.548071,-0.558382,-0.032008,-0.426474,-0.643372
40019,-0.199681,-0.292959,-0.142209,-0.38844,-0.422379,-0.499189,-0.012414,-0.152271,-0.348735,-0.611396,-0.550536,-0.10217,-0.508373,-0.635364
40021,-0.147541,-0.154613,-0.047754,-0.170414,-0.31143,-0.348292,-0.065678,-0.197291,-0.336405,-0.369595,-0.439783,0.123237,-0.317784,-0.853922
40023,-0.270608,-0.30727,-0.168778,-0.36894,-0.445226,-0.450904,-0.117286,-0.188612,-0.320594,-0.558403,-0.561104,-0.065253,-0.53711,-1.294455
40025,0.018327,-0.01053,0.069499,0.024226,-0.028405,-0.131318,-0.011773,0.030923,-0.044821,-0.150919,-0.097333,-0.008676,-0.080572,-0.108573
40027,-0.190213,-0.18659,-0.082667,-0.318988,-0.363658,-0.491479,0.014589,-0.145966,-0.417328,-0.548071,-0.558382,-0.032008,-0.426474,-0.643372
40029,-0.22206,-0.208855,-0.110047,-0.303752,-0.378073,-0.480536,-0.035243,-0.190259,-0.381051,-0.495928,-0.543417,-0.013814,-0.444906,-0.956923
04003,0.004197,-0.108063,-0.021097,0.032027,-0.107698,-0.168657,0.195782,0.183256,0.088363,-0.354482,-0.05902,-0.153177,-0.243066,-0.072304
40031,-0.198602,-0.262913,-0.052782,-0.296963,-0.343531,-0.494617,0.037811,-0.086955,-0.376612,-0.525952,-0.454132,-0.057063,-0.403214,-0.54995
40033,-0.199681,-0.292959,-0.142209,-0.38844,-0.422379,-0.499189,-0.012414,-0.152271,-0.348735,-0.611396,-0.550536,-0.10217,-0.508373,-0.635364
40035,-0.041174,-0.078106,0.041919,-0.052312,-0.230372,-0.22699,-0.046279,-0.160031,-0.328036,-0.295406,-0.351113,0.242095,-0.17223,-0.43737
40037,-0.14112,-0.131554,-0.049797,-0.185713,-0.273124,-0.378654,-0.028302,-0.152576,-0.354738,-0.39769,-0.447555,0.087525,-0.333125,-0.652463
40039,-0.198602,-0.262913,-0.052782,-0.296963,-0.343531,-0.494617,0.037811,-0.086955,-0.376612,-0.525952,-0.454132,-0.057063,-0.403214,-0.54995
40041,-0.041174,-0.078106,0.041919,-0.052312,-0.230372,-0.22699,-0.046279,-0.160031,-0.328036,-0.295406,-0.351113,0.242095,-0.17223,-0.43737
40043,-0.144622,-0.151557,-0.017532,-0.183181,-0.239894,-0.406454,0.059611,-0.060498,-0.307418,-0.392475,-0.387444,0.047634,-0.31361,-0.37892
40045,-0.154545,-0.194619,0.016776,-0.16535,-0.24497,-0.403892,0.110148,-0.013134,-0.241765,-0.359164,-0.31956,0.043453,-0.278754,-0.306835
40047,-0.079185,-0.030399,-0.021014,-0.083037,-0.105977,-0.326553,0.003558,-0.069757,-0.328813,-0.303498,-0.352274,0.135635,-0.270457,-0.258637
40049,-0.190213,-0.18659,-0.082667,-0.318988,-0.363658,-0.491479,0.014589,-0.145966,-0.417328,-0.548071,-0.558382,-0.032008,-0.426474,-0.643372
04005,0.113138,-0.126835,-0.009653,-0.008972,-0.003627,-0.087772,0.146921,0.228194,0.107775,-0.297962,-0.068486,-0.089859,-0.150673,0.081
40051,-0.190213,-0.18659,-0.082667,-0.318988,-0.363658,-0.491479,0.014589,-0.145966,-0.417328,-0.548071,-0.558382,-0.032008,-0.426474,-0.643372
40053,-0.079185,-0.030399,-0.021014,-0.083037,-0.105977,-0.326553,0.003558,-0.069757,-0.328813,-0.303498,-0.352274,0.135635,-0.270457,-0.258637
40055,-0.206991,-0.339236,-0.022896,-0.274939,-0.323404,-0.497755,0.061032,-0.027943,-0.335896,-0.503833,-0.349882,-0.082119,-0.379955,-0.456527
40057,-0.206991,-0.339236,-0.022896,-0.274939,-0.323404,-0.497755,0.061032,-0.027943,-0.335896,-0.503833,-0.349882,-0.082119,-0.379955,-0.456527
40059,-0.102098,-0.050002,0.056448,-0.055761,-0.166536,-0.310029,0.159263,0.001674,-0.147634,-0.214495,-0.289238,0.169026,-0.177553,-0.157143
40061,-0.253908,-0.231121,-0.137427,-0.288515,-0.392488,-0.469593,-0.085076,-0.234551,-0.344773,-0.443784,-0.528452,0.004379,-0.463339,-1.270473
40063,-0.22206,-0.208855,-0.110047,-0.303752,-0.378073,-0.480536,-0.035243,-0.190259,-0.381051,-0.495928,-0.543417,-0.013814,-0.444906,-0.956923
40065,-0.206991,-0.339236,-0.022896,-0.274939,-0.323404,-0.497755,0.061032,-0.027943,-0.335896,-0.503833,-0.349882,-0.082119,-0.379955,-0.456527
40067,-0.199681,-0.292959,-0.142209,-0.38844,-0.422379,-0.499189,-0.012414,-0.152271,-0.348735,-0.611396,-0.550536,-0.10217,-0.508373,-0.635364
40069,-0.190213,-0.18659,-0.082667,-0.318988,-0.363658,-0.491479,0.014589,-0.145966,-0.417328,-0.548071,-0.558382,-0.032008,-0.426474,-0.643372
04007,0.090935,-0.17679,-0.021497,0.032461,-0.042359,-0.037298,0.139636,0.226335,0.120128,-0.296334,-0.070414,-0.117856,-0.157037,0.072371
40071,-0.079185,-0.030399,-0.021014,-0.083037,-0.105977,-0.326553,0.003558,-0.069757,-0.328813,-0.303498,-0.352274,0.135635,-0.270457,-0.258637
40073,-0.134699,-0.108494,-0.05184,-0.201013,-0.234818,-0.409016,0.009074,-0.107861,-0.37307,-0.425785,-0.455328,0.051814,-0.348465,-0.451005
40075,-0.198602,-0.262913,-0.052782,-0.296963,-0.343531,-0.494617,0.037811,-0.086955,-0.376612,-0.525952,-0.454132,-0.057063,-0.403214,-0.54995
40077,-0.253908,-0.231121,-0.137427,-0.288515,-0.392488,-0.469593,-0.085076,-0.234551,-0.344773,-0.443784,-0.528452,0.004379,-0.463339,-1.270473
40079,-0.253908,-0.231121,-0.137427,-0.288515,-0.392488,-0.469593,-0.085076,-0.234551,-0.344773,-0.443784,-0.528452,0.004379,-0.463339,-1.270473
40081,-0.190213,-0.18659,-0.082667,-0.318988,-0.363658,-0.491479,0.014589,-0.145966,-0.417328,-0.548071,-0.558382,-0.032008,-0.426474,-0.643372
40083,-0.134699,-0.108494,-0.05184,-0.201013,-0.234818,-0.409016,0.009074,-0.107861,-0.37307,-0.425785,-0.455328,0.051814,-0.348465,-0.451005
40085,-0.209149,-0.399329,-0.201751,-0.457892,-0.4811,-0.5069,-0.039417,-0.158577,-0.280143,-0.674722,-0.54269,-0.172332,-0.590272,-0.627357
40087,-0.190213,-0.18659,-0.082667,-0.318988,-0.363658,-0.491479,0.014589,-0.145966,-0.417328,-0.548071,-0.558382,-0.032008,-0.426474,-0.643372
40089,-0.270608,-0.30727,-0.168778,-0.36894,-0.445226,-0.450904,-0.117286,-0.188612,-0.320594,-0.558403,-0.561104,-0.065253,-0.53711,-1.294455
04009,0.016696,-0.138152,-0.048193,-0.014692,-0.077781,-0.180569,0.194811,0.181302,0.089409,-0.370719,-0.069091,-0.182667,-0.237202,-0.021056
40091,-0.253908,-0.231121,-0.137427,-0.288515,-0.392488,-0.469593,-0.085076,-0.234551,-0.344773,-0.443784,-0.528452,0.004379,-0.463339,-1.270473
40093,-0.090641,-0.0402,0.017717,-0.069399,-0.136256,-0.318291,0.08141,-0.034041,-0.238224,-0.258997,-0.320756,0.152331,-0.224005,-0.20789
40095,-0.199681,-0.292959,-0.142209,-0.38844,-0.422379,-0.499189,-0.012414,-0.152271,-0.348735,-0.611396,-0.550536,-0.10217,-0.508373,-0.635364
40097,-0.041174,-0.078106,0.041919,-0.052312,-0.230372,-0.22699,-0.046279,-0.160031,-0.328036,-0.295406,-0.351113,0.242095,-0.17223,-0.43737
40099,-0.190213,-0.18659,-0.082667,-0.318988,-0.363658,-0.491479,0.014589,-0.145966,-0.417328,-0.548071,-0.558382,-0.032008,-0.426474,-0.643372
40101,-0.253908,-0.231121,-0.137427,-0.288515,-0.392488,-0.469593,-0.085076,-0.234551,-0.344773,-0.443784,-0.528452,0.004379,-0.463339,-1.270473
40103,-0.079185,-0.030399,-0.021014,-0.083037,-0.105977,-0.326553,0.003558,-0.069757,-0.328813,-0.303498,-0.352274,0.135635,-0.270457,-0.258637
40105,-0.041174,-0.078106,0.041919,-0.052312,-0.230372,-0.22699,-0.046279,-0.160031,-0.328036,-0.295406,-0.351113,0.242095,-0.17223,-0.43737
40107,-0.22206,-0.208855,-0.110047,-0.303752,-0.378073,-0.480536,-0.035243,-0.190259,-0.381051,-0.495928,-0.543417,-0.013814,-0.444906,-0.956923
40109,-0.190213,-0.18659,-0.082667,-0.318988,-0.363658,-0.491479,0.014589,-0.145966,-0.417328,-0.548071,-0.558382,-0.032008,-0.426474,-0.643372
04011,0.016696,-0.138152,-0.048193,-0.014692,-0.077781,-0.180569,0.194811,0.181302,0.089409,-0.370719,-0.069091,-0.182667,-0.237202,-0.021056
40111,-0.253908,-0.231121,-0.137427,-0.288515,-0.392488,-0.469593,-0.085076,-0.234551,-0.344773,-0.443784,-0.528452,0.004379,-0.463339,-1.270473
40113,-0.060179,-0.054252,0.010453,-0.067675,-0.168174,-0.276771,-0.021361,-0.114894,-0.328424,-0.299452,-0.351694,0.188865,-0.221343,-0.348004
40115,-0.041174,-0.078106,0.041919,-0.052312,-0.230372,-0.22699,-0.046279,-0.160031,-0.328036,-0.295406,-0.351113,0.242095,-0.17223,-0.43737
40117,-0.060179,-0.054252,0.010453,-0.067675,-0.168174,-0.276771,-0.021361,-0.114894,-0.328424,-0.299452,-0.351694,0.188865,-0.221343,-0.348004
40119,-0.134699,-0.108494,-0.05184,-0.201013,-0.234818,-0.409016,0.009074,-0.107861,-0.37307,-0.425785,-0.455328,0.051814,-0.348465,-0.451005
04012,0.089139,-0.077504,-0.093158,0.043257,0.05408,0.026669,0.068656,0.238787,0.107144,-0.15082,-0.002603,-0.022642,-0.076155,0.058076
40121,-0.253908,-0.231121,-0.137427,-0.288515,-0.392488,-0.469593,-0.085076,-0.234551,-0.344773,-0.443784,-0.528452,0.004379,-0.463339,-1.270473
40123,-0.190213,-0.18659,-0.082667,-0.318988,-0.363658,-0.491479,0.014589,-0.145966,-0.417328,-0.548071,-0.558382,-0.032008,-0.426474,-0.643372
40125,-0.190213,-0.18659,-0.082667,-0.318988,-0.363658,-0.491479,0.014589,-0.145966,-0.417328,-0.548071,-0.558382,-0.032008,-0.426474,-0.643372
40127,-0.253908,-0.231121,-0.137427,-0.288515,-0.392488,-0.469593,-0.085076,-0.234551,-0.344773,-0.443784,-0.528452,0.004379,-0.463339,-1.270473
40129,-0.154545,-0.194619,0.016776,-0.16535,-0.24497,-0.403892,0.110148,-0.013134,-0.241765,-0.359164,-0.31956,0.043453,-0.278754,-0.306835
04013,0.049538,-0.107614,-0.070676,0.054506,-0.072487,-0.013085,0.107512,0.192437,0.102886,-0.289691,-0.055015,-0.138194,-0.156731,0.025086
40131,-0.041174,-0.078106,0.041919,-0.052312,-0.230372,-0.22699,-0.046279,-0.160031,-0.328036,-0.295406,-0.351113,0.242095,-0.17223,-0.43737
40133,-0.190213,-0.18659,-0.082667,-0.318988,-0.363658,-0.491479,0.014589,-0.145966,-0.417328,-0.548071,-0.558382,-0.032008,-0.426474,-0.643372
40135,-0.253908,-0.231121,-0.137427,-0.288515,-0.392488,-0.469593,-0.085076,-0.234551,-0.344773,-0.443784,-0.528452,0.004379,-0.463339,-1.270473
40137,-0.190213,-0.18659,-0.082667,-0.318988,-0.363658,-0.491479,0.014589,-0.145966,-0.417328,-0.548071,-0.558382,-0.032008,-0.426474,-0.643372
40139,-0.041886,-0.030266,0.062974,-0.015767,-0.09747,-0.220674,0.073745,0.016298,-0.096228,-0.182707,-0.193286,0.080175,-0.129063,-0.132858
40141,-0.198602,-0.262913,-0.052782,-0.296963,-0.343531,-0.494617,0.037811,-0.086955,-0.376612,-0.525952,-0.454132,-0.057063,-0.403214,-0.54995
40143,-0.124755,-0.113209,-0.03884,-0.141288,-0.242946,-0.341045,-0.042599,-0.15478,-0.333874,-0.347563,-0.410613,0.12737,-0.302008,-0.655494
40145,-0.147541,-0.154613,-0.047754,-0.170414,-0.31143,-0.348292,-0.065678,-0.197291,-0.336405,-0.369595,-0.439783,0.123237,-0.317784,-0.853922
40147,-0.041174,-0.078106,0.041919,-0.052312,-0.230372,-0.22699,-0.046279,-0.160031,-0.328036,-0.295406,-0.351113,0.242095,-0.17223,-0.43737
40149,-0.198602,-0.262913,-0.052782,-0.296963,-0.343531,-0.494617,0.037811,-0.086955,-0.376612,-0.525952,-0.454132,-0.057063,-0.403214,-0.54995
04015,0.122217,-0.030144,-0.067149,0.020229,0.082873,-0.068633,0.099433,0.259986,0.0913,-0.168262,0.020375,0.006816,-0.081614,0.090638
40151,-0.090641,-0.0402,0.017717,-0.069399,-0.136256,-0.318291,0.08141,-0.034041,-0.238224,-0.258997,-0.320756,0.152331,-0.224005,-0.20789
40153,-0.102098,-0.050002,0.056448,-0.055761,-0.166536,-0.310029,0.159263,0.001674,-0.147634,-0.214495,-0.289238,0.169026,-0.177553,-0.157143
04017,0.067658,-0.182875,0.002757,-0.023425,-0.03306,-0.103599,0.176168,0.198649,0.101059,-0.34957,-0.095433,-0.141049,-0.189098,0.046561
04019,0.010808,-0.090736,-0.068133,0.028249,-0.094126,-0.050164,0.098728,0.167918,0.074579,-0.271854,-0.049216,-0.126036,-0.170271,-0.035632
04021,0.049538,-0.107614,-0.070676,0.054506,-0.072487,-0.013085,0.107512,0.192437,0.102886,-0.289691,-0.055015,-0.138194,-0.156731,0.025086
04023,-0.027923,-0.073858,-0.065589,0.001992,-0.115765,-0.087243,0.089944,0.143398,0.046272,-0.254018,-0.043417,-0.113878,-0.183812,-0.096349
04025,0.136838,-0.14407,-0.044054,0.084742,-0.033015,0.025011,0.092204,0.242144,0.141103,-0.237241,-0.03367,-0.08151,-0.112783,0.095944
04027,-0.018851,-0.053455,-0.155578,-0.025896,0.000738,0.065804,0.011337,0.152729,0.0483,-0.118914,-0.0206,-0.045002,-0.084228,-0.027736
41001,0.100997,0.336498,-0.025179,0.098601,0.500956,0.260832,0.278771,0.54587,0.014254,0.280568,0.353172,0.382075,0.098892,0.428028
41003,0.050364,0.182979,-0.040694,0.358626,0.422366,0.367951,-0.068867,0.173764,0.171246,0.193365,0.214453,0.056026,0.181594,0.149514
41005,0.114465,0.228965,0.028018,0.574341,0.525001,0.329213,-0.0504,0.305807,0.208499,0.184991,0.270212,0.102694,0.18633,0.194588
41007,0.028453,0.159151,0.018396,0.292196,0.367185,0.393856,-0.072089,0.152797,0.20521,0.168668,0.190756,0.041352,0.184925,0.107049
41009,0.067331,0.167808,0.070203,0.420518,0.388609,0.375067,-0.066971,0.237353,0.24144,0.136527,0.214378,0.068409,0.175258,0.113307
41011,0.019987,0.171748,-0.099077,0.192018,0.386265,0.365982,-0.065531,0.138581,0.127943,0.223335,0.216919,0.072877,0.184889,0.155254
41013,0.149088,0.372077,0.039228,0.534179,0.530456,0.265511,0.13141,0.477855,0.245217,0.230074,0.362732,0.222384,0.201684,0.391444
41015,0.036849,0.189125,-0.093911,0.216572,0.419532,0.345629,-0.05463,0.187012,0.124918,0.234133,0.246032,0.104637,0.188904,0.180661
41017,0.131776,0.300521,0.033623,0.55426,0.527728,0.297362,0.040505,0.391831,0.226858,0.207533,0.316472,0.162539,0.194007,0.293016
41019,0.043607,0.186052,-0.067303,0.287599,0.420949,0.35679,-0.061748,0.180388,0.148082,0.213749,0.230242,0.080331,0.185249,0.165087
41021,0.21473,0.361142,0.074891,0.452569,0.529127,0.322615,0.110677,0.484775,0.255211,0.218314,0.344495,0.203065,0.217227,0.336252
41023,0.125043,0.354287,0.007025,0.31639,0.515706,0.263171,0.205091,0.511863,0.129735,0.255321,0.357952,0.30223,0.150288,0.409736
41025,0.08584,0.333075,-0.020535,0.281925,0.460054,0.172203,0.150594,0.471965,0.070733,0.218923,0.316584,0.307931,0.099499,0.336283
41027,0.090898,0.198386,0.049111,0.497429,0.456805,0.35214,-0.058686,0.27158,0.22497,0.160759,0.242295,0.085552,0.180794,0.153947
41029,0.07777,0.243554,-0.060417,0.312901,0.571637,0.267486,-0.027549,0.333141,0.124077,0.247604,0.317978,0.171563,0.179232,0.24441
41031,0.131776,0.300521,0.033623,0.55426,0.527728,0.297362,0.040505,0.391831,0.226858,0.207533,0.316472,0.162539,0.194007,0.293016
41033,0.036849,0.189125,-0.093911,0.216572,0.419532,0.345629,-0.05463,0.187012,0.124918,0.234133,0.246032,0.104637,0.188904,0.180661
41035,0.062023,0.235775,-0.04326,0.41617,0.505688,0.232485,-0.021851,0.334036,0.116431,0.195329,0.272581,0.154053,0.136074,0.218219
41037,0.083789,0.269851,-0.022638,0.445672,0.51188,0.240741,0.016465,0.369991,0.148627,0.204016,0.295119,0.171136,0.152477,0.261525
41039,0.059499,0.203171,-0.047269,0.343384,0.472123,0.334462,-0.055094,0.226889,0.155523,0.211445,0.248961,0.094538,0.180807,0.181146
41041,0.050364,0.182979,-0.040694,0.358626,0.422366,0.367951,-0.068867,0.173764,0.171246,0.193365,0.214453,0.056026,0.181594,0.149514
41043,0.114465,0.228965,0.028018,0.574341,0.525001,0.329213,-0.0504,0.305807,0.208499,0.184991,0.270212,0.102694,0.18633,0.194588
41045,0.100219,0.362708,-0.011994,0.116126,0.444666,0.161272,0.229284,0.523422,0.0105,0.246113,0.337024,0.41072,0.076825,0.369013
41047,0.114465,0.228965,0.028018,0.574341,0.525001,0.329213,-0.0504,0.305807,0.208499,0.184991,0.270212,0.102694,0.18633,0.194588
41049,0.21473,0.361142,0.074891,0.452569,0.529127,0.322615,0.110677,0.484775,0.255211,0.218314,0.344495,0.203065,0.217227,0.336252
41051,0.090898,0.198386,0.049111,0.497429,0.456805,0.35214,-0.058686,0.27158,0.22497,0.160759,0.242295,0.085552,0.180794,0.153947
41053,0.114465,0.228965,0.028018,0.574341,0.525001,0.329213,-0.0504,0.305807,0.208499,0.184991,0.270212,0.102694,0.18633,0.194588
41055,0.21473,0.361142,0.074891,0.452569,0.529127,0.322615,0.110677,0.484775,0.255211,0.218314,0.344495,0.203065,0.217227,0.336252
41057,0.039408,0.171065,-0.011149,0.325411,0.394776,0.380903,-0.070478,0.16328,0.188228,0.181017,0.202604,0.048689,0.18326,0.128281
41059,0.213717,0.331664,0.016929,0.285849,0.478415,0.264934,0.121234,0.468717,0.149475,0.224402,0.294746,0.232106,0.141648,0.327886
41061,0.212703,0.302187,-0.041033,0.119128,0.427703,0.207252,0.131791,0.452658,0.043739,0.23049,0.244997,0.261148,0.066069,0.319519
41063,0.212703,0.302187,-0.041033,0.119128,0.427703,0.207252,0.131791,0.452658,0.043739,0.23049,0.244997,0.261148,0.066069,0.319519
41065,0.152814,0.279764,0.062001,0.474999,0.492966,0.337378,0.025996,0.378178,0.24009,0.189537,0.293395,0.144308,0.199011,0.2451
41067,0.090898,0.198386,0.049111,0.497429,0.456805,0.35214,-0.058686,0.27158,0.22497,0.160759,0.242295,0.085552,0.180794,0.153947
41069,0.149088,0.372077,0.039228,0.534179,0.530456,0.265511,0.13141,0.477855,0.245217,0.230074,0.362732,0.222384,0.201684,0.391444
41071,0.050364,0.182979,-0.040694,0.358626,0.422366,0.367951,-0.068867,0.173764,0.171246,0.193365,0.214453,0.056026,0.181594,0.149514
42001,-0.04948,-0.050277,-0.158587,0.040474,0.004343,-0.156865,-0.131086,-0.285941,-0.299393,0.066982,-0.148826,0.043305,-0.081296,-0.187872
42003,-0.034444,-0.055695,-0.158077,0.01642,0.017063,-0.198157,-0.093717,-0.19982,-0.212706,0.059746,-0.169616,0.062538,-0.085129,-0.213256
42005,-0.034444,-0.055695,-0.158077,0.01642,0.017063,-0.198157,-0.093717,-0.19982,-0.212706,0.059746,-0.169616,0.062538,-0.085129,-0.213256
42007,-0.034444,-0.055695,-0.158077,0.01642,0.017063,-0.198157,-0.093717,-0.19982,-0.212706,0.059746,-0.169616,0.062538,-0.085129,-0.213256
42009,-0.048888,-0.046231,-0.148105,0.029016,0.005901,-0.168438,-0.111365,-0.260393,-0.270455,0.063772,-0.1472,0.041921,-0.074222,-0.199316
42011,-0.006355,-0.079841,-0.163682,0.036585,-0.010567,-0.1771,-0.130124,-0.278542,-0.237529,0.078483,-0.156062,0.082974,-0.08454,-0.179194
42013,-0.025063,-0.059223,-0.188765,0.040169,-0.006834,-0.171244,-0.120627,-0.273058,-0.281245,0.060296,-0.15995,0.077162,-0.07856,-0.212047
42015,-0.005682,-0.067797,-0.159146,0.039987,-0.004208,-0.189023,-0.128511,-0.239055,-0.209535,0.064422,-0.148513,0.101106,-0.086035,-0.181482
42017,0.012353,-0.100458,-0.138599,0.033001,-0.014299,-0.182955,-0.139621,-0.284026,-0.193813,0.09667,-0.152174,0.088786,-0.090519,-0.146341
42019,-0.034444,-0.055695,-0.158077,0.01642,0.017063,-0.198157,-0.093717,-0.19982,-0.212706,0.059746,-0.169616,0.062538,-0.085129,-0.213256
42021,-0.029754,-0.057459,-0.173421,0.028294,0.005114,-0.184701,-0.107172,-0.236439,-0.246975,0.060021,-0.164783,0.06985,-0.081845,-0.212651
42023,-0.025063,-0.059223,-0.188765,0.040169,-0.006834,-0.171244,-0.120627,-0.273058,-0.281245,0.060296,-0.15995,0.077162,-0.07856,-0.212047
42025,0.012353,-0.100458,-0.138599,0.033001,-0.014299,-0.182955,-0.139621,-0.284026,-0.193813,0.09667,-0.152174,0.088786,-0.090519,-0.146341
42027,-0.025063,-0.059223,-0.188765,0.040169,-0.006834,-0.171244,-0.120627,-0.273058,-0.281245,0.060296,-0.15995,0.077162,-0.07856,-0.212047
42029,-0.00459,-0.046973,-0.120932,0.046541,-0.004851,-0.139207,-0.141281,-0.277996,-0.171316,0.106372,-0.13099,0.063885,-0.06968,-0.118018
42031,-0.034444,-0.055695,-0.158077,0.01642,0.017063,-0.198157,-0.093717,-0.19982,-0.212706,0.059746,-0.169616,0.062538,-0.085129,-0.213256
42033,-0.029754,-0.057459,-0.173421,0.028294,0.005114,-0.184701,-0.107172,-0.236439,-0.246975,0.060021,-0.164783,0.06985,-0.081845,-0.212651
42035,-0.025063,-0.059223,-0.188765,0.040169,-0.006834,-0.171244,-0.120627,-0.273058,-0.281245,0.060296,-0.15995,0.077162,-0.07856,-0.212047
42037,-0.006355,-0.079841,-0.163682,0.036585,-0.010567,-0.1771,-0.130124,-0.278542,-0.237529,0.078483,-0.156062,0.082974,-0.08454,-0.179194
42039,-0.017692,-0.068209,-0.144921,0.023449,0.010762,-0.202833,-0.092128,-0.204978,-0.211458,0.05654,-0.170999,0.066731,-0.08986,-0.190603
42041,-0.025063,-0.059223,-0.188765,0.040169,-0.006834,-0.171244,-0.120627,-0.273058,-0.281245,0.060296,-0.15995,0.077162,-0.07856,-0.212047
42043,-0.025063,-0.059223,-0.188765,0.040169,-0.006834,-0.171244,-0.120627,-0.273058,-0.281245,0.060296,-0.15995,0.077162,-0.07856,-0.212047
42045,0.012353,-0.100458,-0.138599,0.033001,-0.014299,-0.182955,-0.139621,-0.284026,-0.193813,0.09667,-0.152174,0.088786,-0.090519,-0.146341
42047,-0.029754,-0.057459,-0.173421,0.028294,0.005114,-0.184701,-0.107172,-0.236439,-0.246975,0.060021,-0.164783,0.06985,-0.081845,-0.212651
42049,-0.000939,-0.080724,-0.131765,0.030479,0.004461,-0.207508,-0.090538,-0.210137,-0.210209,0.053333,-0.172382,0.070924,-0.094591,-0.16795
42051,-0.048296,-0.042186,-0.137623,0.017558,0.00746,-0.180012,-0.091645,-0.234845,-0.241517,0.060561,-0.145574,0.040536,-0.067147,-0.210759
42053,-0.034444,-0.055695,-0.158077,0.01642,0.017063,-0.198157,-0.093717,-0.19982,-0.212706,0.059746,-0.169616,0.062538,-0.085129,-0.213256
42055,-0.04948,-0.050277,-0.158587,0.040474,0.004343,-0.156865,-0.131086,-0.285941,-0.299393,0.066982,-0.148826,0.043305,-0.081296,-0.187872
42057,-0.04948,-0.050277,-0.158587,0.040474,0.004343,-0.156865,-0.131086,-0.285941,-0.299393,0.066982,-0.148826,0.043305,-0.081296,-0.187872
42059,-0.048296,-0.042186,-0.137623,0.017558,0.00746,-0.180012,-0.091645,-0.234845,-0.241517,0.060561,-0.145574,0.040536,-0.067147,-0.210759
42061,-0.025063,-0.059223,-0.188765,0.040169,-0.006834,-0.171244,-0.120627,-0.273058,-0.281245,0.060296,-0.15995,0.077162,-0.07856,-0.212047
42063,-0.034444,-0.055695,-0.158077,0.01642,0.017063,-0.198157,-0.093717,-0.19982,-0.212706,0.059746,-0.169616,0.062538,-0.085129,-0.213256
42065,-0.029754,-0.057459,-0.173421,0.028294,0.005114,-0.184701,-0.107172,-0.236439,-0.246975,0.060021,-0.164783,0.06985,-0.081845,-0.212651
42067,-0.025063,-0.059223,-0.188765,0.040169,-0.006834,-0.171244,-0.120627,-0.273058,-0.281245,0.060296,-0.15995,0.077162,-0.07856,-0.212047
42069,0.012353,-0.100458,-0.138599,0.033001,-0.014299,-0.182955,-0.139621,-0.284026,-0.193813,0.09667,-0.152174,0.088786,-0.090519,-0.146341
42071,-0.027035,-0.048625,-0.139759,0.043507,-0.000254,-0.148036,-0.136183,-0.281968,-0.235355,0.086677,-0.139908,0.053595,-0.075488,-0.152945
42073,-0.034444,-0.055695,-0.158077,0.01642,0.017063,-0.198157,-0.093717,-0.19982,-0.212706,0.059746,-0.169616,0.062538,-0.085129,-0.213256
42075,-0.006355,-0.079841,-0.163682,0.036585,-0.010567,-0.1771,-0.130124,-0.278542,-0.237529,0.078483,-0.156062,0.082974,-0.08454,-0.179194
42077,0.012353,-0.100458,-0.138599,0.033001,-0.014299,-0.182955,-0.139621,-0.284026,-0.193813,0.09667,-0.152174,0.088786,-0.090519,-0.146341
42079,-0.006355,-0.079841,-0.163682,0.036585,-0.010567,-0.1771,-0.130124,-0.278542,-0.237529,0.078483,-0.156062,0.082974,-0.08454,-0.179194
42081,-0.025063,-0.059223,-0.188765,0.040169,-0.006834,-0.171244,-0.120627,-0.273058,-0.281245,0.060296,-0.15995,0.077162,-0.07856,-0.212047
42083,-0.019382,-0.068202,-0.161849,0.02987,-3.6e-05,-0.200025,-0.111596,-0.224711,-0.228357,0.05038,-0.165821,0.073342,-0.096252,-0.205734
42085,-0.034444,-0.055695,-0.158077,0.01642,0.017063,-0.198157,-0.093717,-0.19982,-0.212706,0.059746,-0.169616,0.062538,-0.085129,-0.213256
42087,-0.025063,-0.059223,-0.188765,0.040169,-0.006834,-0.171244,-0.120627,-0.273058,-0.281245,0.060296,-0.15995,0.077162,-0.07856,-0.212047
42089,0.012353,-0.100458,-0.138599,0.033001,-0.014299,-0.182955,-0.139621,-0.284026,-0.193813,0.09667,-0.152174,0.088786,-0.090519,-0.146341
42091,0.012353,-0.100458,-0.138599,0.033001,-0.014299,-0.182955,-0.139621,-0.284026,-0.193813,0.09667,-0.152174,0.088786,-0.090519,-0.146341
42093,-0.025063,-0.059223,-0.188765,0.040169,-0.006834,-0.171244,-0.120627,-0.273058,-0.281245,0.060296,-0.15995,0.077162,-0.07856,-0.212047
42095,0.012353,-0.100458,-0.138599,0.033001,-0.014299,-0.182955,-0.139621,-0.284026,-0.193813,0.09667,-0.152174,0.088786,-0.090519,-0.146341
42097,-0.025063,-0.059223,-0.188765,0.040169,-0.006834,-0.171244,-0.120627,-0.273058,-0.281245,0.060296,-0.15995,0.077162,-0.07856,-0.212047
42099,-0.025063,-0.059223,-0.188765,0.040169,-0.006834,-0.171244,-0.120627,-0.273058,-0.281245,0.060296,-0.15995,0.077162,-0.07856,-0.212047
42101,0.012353,-0.100458,-0.138599,0.033001,-0.014299,-0.182955,-0.139621,-0.284026,-0.193813,0.09667,-0.152174,0.088786,-0.090519,-0.146341
42103,0.012353,-0.100458,-0.138599,0.033001,-0.014299,-0.182955,-0.139621,-0.284026,-0.193813,0.09667,-0.152174,0.088786,-0.090519,-0.146341
42105,-0.021073,-0.068195,-0.178777,0.036291,-0.010835,-0.197217,-0.131065,-0.244444,-0.245256,0.044221,-0.160643,0.079952,-0.102645,-0.220865
42107,-0.006355,-0.079841,-0.163682,0.036585,-0.010567,-0.1771,-0.130124,-0.278542,-0.237529,0.078483,-0.156062,0.082974,-0.08454,-0.179194
42109,-0.025063,-0.059223,-0.188765,0.040169,-0.006834,-0.171244,-0.120627,-0.273058,-0.281245,0.060296,-0.15995,0.077162,-0.07856,-0.212047
42111,-0.040552,-0.047865,-0.15467,0.025095,0.002695,-0.177089,-0.101305,-0.247583,-0.25476,0.060473,-0.150366,0.052745,-0.070951,-0.211188
42113,-0.006355,-0.079841,-0.163682,0.036585,-0.010567,-0.1771,-0.130124,-0.278542,-0.237529,0.078483,-0.156062,0.082974,-0.08454,-0.179194
42115,0.009708,-0.067399,-0.139515,0.043683,0.00242,-0.180829,-0.125957,-0.233667,-0.173815,0.084623,-0.136384,0.122259,-0.069424,-0.1421
42117,-0.021073,-0.068195,-0.178777,0.036291,-0.010835,-0.197217,-0.131065,-0.244444,-0.245256,0.044221,-0.160643,0.079952,-0.102645,-0.220865
42119,-0.025063,-0.059223,-0.188765,0.040169,-0.006834,-0.171244,-0.120627,-0.273058,-0.281245,0.060296,-0.15995,0.077162,-0.07856,-0.212047
42121,-0.034444,-0.055695,-0.158077,0.01642,0.017063,-0.198157,-0.093717,-0.19982,-0.212706,0.059746,-0.169616,0.062538,-0.085129,-0.213256
42123,-0.017692,-0.068209,-0.144921,0.023449,0.010762,-0.202833,-0.092128,-0.204978,-0.211458,0.05654,-0.170999,0.066731,-0.08986,-0.190603
42125,-0.034444,-0.055695,-0.158077,0.01642,0.017063,-0.198157,-0.093717,-0.19982,-0.212706,0.059746,-0.169616,0.062538,-0.085129,-0.213256
42127,0.009708,-0.067399,-0.139515,0.043683,0.00242,-0.180829,-0.125957,-0.233667,-0.173815,0.084623,-0.136384,0.122259,-0.069424,-0.1421
42129,-0.034444,-0.055695,-0.158077,0.01642,0.017063,-0.198157,-0.093717,-0.19982,-0.212706,0.059746,-0.169616,0.062538,-0.085129,-0.213256
42131,-0.006355,-0.079841,-0.163682,0.036585,-0.010567,-0.1771,-0.130124,-0.278542,-0.237529,0.078483,-0.156062,0.082974,-0.08454,-0.179194
42133,-0.040164,-0.031348,-0.140146,0.047009,0.004428,-0.136396,-0.135037,-0.281282,-0.249202,0.083346,-0.135819,0.041865,-0.070478,-0.155146
44001,-0.021438,0.002659,-0.092505,0.06088,0.022983,-0.095111,-0.130644,-0.260135,-0.091485,0.170553,-0.09894,0.085003,-0.035033,-0.038808
44003,-0.009671,-0.022759,-0.088054,0.052899,0.02659,-0.114257,-0.127413,-0.289621,-0.108193,0.15543,-0.107401,0.098577,-0.035883,-0.055428
44005,-0.018359,0.02034,-0.088762,0.068655,0.01268,-0.078912,-0.146466,-0.23305,-0.083223,0.179311,-0.100553,0.074398,-0.038934,-0.029026
44007,-0.004633,-0.04714,-0.084394,0.044029,0.046731,-0.129632,-0.103387,-0.317096,-0.111978,0.14301,-0.091738,0.125104,-0.023199,-0.065299
44009,-0.014708,0.001622,-0.091715,0.061769,0.006449,-0.098881,-0.151439,-0.262145,-0.104407,0.16785,-0.123065,0.072051,-0.048566,-0.045556
45001,-0.020107,0.154736,-0.025085,0.097371,0.064547,0.114695,0.018775,-0.087047,-0.256287,-0.215874,-0.047741,-0.000933,-0.106315,-0.053741
45003,-0.046912,0.160299,-0.050603,0.110166,0.075426,0.11583,-0.017908,-0.079107,-0.071905,-0.229433,-0.022876,-0.025357,-0.103004,-0.019073
45005,-0.046912,0.160299,-0.050603,0.110166,0.075426,0.11583,-0.017908,-0.079107,-0.071905,-0.229433,-0.022876,-0.025357,-0.103004,-0.019073
45007,-0.006318,0.153102,-0.003956,0.100467,0.0544,0.094168,0.030415,-0.092087,-0.437115,-0.048264,-0.068061,0.009432,-0.113787,-0.084837
45009,-0.059927,0.164228,-0.054991,0.126056,0.076158,0.096436,-0.042952,-0.076209,-0.068351,-0.075381,-0.018331,-0.039415,-0.107165,-0.015502
45011,-0.046912,0.160299,-0.050603,0.110166,0.075426,0.11583,-0.017908,-0.079107,-0.071905,-0.229433,-0.022876,-0.025357,-0.103004,-0.019073
45013,-0.062121,0.14701,-0.05819,0.115748,0.073695,0.085303,-0.055678,-0.062358,-0.062177,-0.083998,-0.003138,-0.047726,-0.111572,-0.00944
45015,-0.059927,0.164228,-0.054991,0.126056,0.076158,0.096436,-0.042952,-0.076209,-0.068351,-0.075381,-0.018331,-0.039415,-0.107165,-0.015502
45017,-0.059927,0.164228,-0.054991,0.126056,0.076158,0.096436,-0.042952,-0.076209,-0.068351,-0.075381,-0.018331,-0.039415,-0.107165,-0.015502
45019,-0.059927,0.164228,-0.054991,0.126056,0.076158,0.096436,-0.042952,-0.076209,-0.068351,-0.075381,-0.018331,-0.039415,-0.107165,-0.015502
45021,-0.006318,0.153102,-0.003956,0.100467,0.0544,0.094168,0.030415,-0.092087,-0.437115,-0.048264,-0.068061,0.009432,-0.113787,-0.084837
45023,-0.013343,0.155086,-0.003705,0.110142,0.05487,0.083051,0.017343,-0.09672,-0.360747,-0.027902,-0.053162,-0.010064,-0.109363,-0.05733
45025,-0.020369,0.157069,-0.003455,0.119816,0.05534,0.071935,0.004272,-0.101353,-0.284379,-0.007541,-0.038263,-0.029559,-0.104939,-0.029823
45027,-0.059927,0.164228,-0.054991,0.126056,0.076158,0.096436,-0.042952,-0.076209,-0.068351,-0.075381,-0.018331,-0.039415,-0.107165,-0.015502
45029,-0.059927,0.164228,-0.054991,0.126056,0.076158,0.096436,-0.042952,-0.076209,-0.068351,-0.075381,-0.018331,-0.039415,-0.107165,-0.015502
45031,-0.040148,0.160648,-0.029223,0.122936,0.065749,0.084186,-0.01934,-0.088781,-0.176365,-0.041461,-0.028297,-0.034487,-0.106052,-0.022662
45033,-0.020369,0.157069,-0.003455,0.119816,0.05534,0.071935,0.004272,-0.101353,-0.284379,-0.007541,-0.038263,-0.029559,-0.104939,-0.029823
45035,-0.059927,0.164228,-0.054991,0.126056,0.076158,0.096436,-0.042952,-0.076209,-0.068351,-0.075381,-0.018331,-0.039415,-0.107165,-0.015502
45037,-0.033897,0.156371,-0.046214,0.094275,0.074694,0.135223,0.007136,-0.082006,-0.075458,-0.383484,-0.027421,-0.011298,-0.098843,-0.022645
45039,-0.013343,0.155086,-0.003705,0.110142,0.05487,0.083051,0.017343,-0.09672,-0.360747,-0.027902,-0.053162,-0.010064,-0.109363,-0.05733
45041,-0.040148,0.160648,-0.029223,0.122936,0.065749,0.084186,-0.01934,-0.088781,-0.176365,-0.041461,-0.028297,-0.034487,-0.106052,-0.022662
45043,-0.059927,0.164228,-0.054991,0.126056,0.076158,0.096436,-0.042952,-0.076209,-0.068351,-0.075381,-0.018331,-0.039415,-0.107165,-0.015502
45045,-0.006318,0.153102,-0.003956,0.100467,0.0544,0.094168,0.030415,-0.092087,-0.437115,-0.048264,-0.068061,0.009432,-0.113787,-0.084837
45047,-0.020107,0.154736,-0.025085,0.097371,0.064547,0.114695,0.018775,-0.087047,-0.256287,-0.215874,-0.047741,-0.000933,-0.106315,-0.053741
45049,-0.046912,0.160299,-0.050603,0.110166,0.075426,0.11583,-0.017908,-0.079107,-0.071905,-0.229433,-0.022876,-0.025357,-0.103004,-0.019073
45051,-0.047044,0.157836,-0.044208,0.124051,0.064485,0.079428,-0.041212,-0.083285,-0.13137,-0.049196,-0.026508,-0.039591,-0.11473,-0.015543
45053,-0.052713,0.15013,-0.054198,0.10859,0.074028,0.101943,-0.03474,-0.068907,-0.066604,-0.183826,-0.011233,-0.035583,-0.107329,-0.013842
45055,-0.040148,0.160648,-0.029223,0.122936,0.065749,0.084186,-0.01934,-0.088781,-0.176365,-0.041461,-0.028297,-0.034487,-0.106052,-0.022662
45057,-0.020369,0.157069,-0.003455,0.119816,0.05534,0.071935,0.004272,-0.101353,-0.284379,-0.007541,-0.038263,-0.029559,-0.104939,-0.029823
45059,-0.006318,0.153102,-0.003956,0.100467,0.0544,0.094168,0.030415,-0.092087,-0.437115,-0.048264,-0.068061,0.009432,-0.113787,-0.084837
45061,-0.040148,0.160648,-0.029223,0.122936,0.065749,0.084186,-0.01934,-0.088781,-0.176365,-0.041461,-0.028297,-0.034487,-0.106052,-0.022662
45063,-0.033381,0.1579,-0.035054,0.106933,0.068417,0.108609,-0.0018,-0.083434,-0.193642,-0.169043,-0.037938,-0.01376,-0.106598,-0.040995
45065,-0.033897,0.156371,-0.046214,0.094275,0.074694,0.135223,0.007136,-0.082006,-0.075458,-0.383484,-0.027421,-0.011298,-0.098843,-0.022645
45067,-0.040148,0.160648,-0.029223,0.122936,0.065749,0.084186,-0.01934,-0.088781,-0.176365,-0.041461,-0.028297,-0.034487,-0.106052,-0.022662
45069,-0.020369,0.157069,-0.003455,0.119816,0.05534,0.071935,0.004272,-0.101353,-0.284379,-0.007541,-0.038263,-0.029559,-0.104939,-0.029823
45071,-0.020107,0.154736,-0.025085,0.097371,0.064547,0.114695,0.018775,-0.087047,-0.256287,-0.215874,-0.047741,-0.000933,-0.106315,-0.053741
45073,-0.006318,0.153102,-0.003956,0.100467,0.0544,0.094168,0.030415,-0.092087,-0.437115,-0.048264,-0.068061,0.009432,-0.113787,-0.084837
45075,-0.046912,0.160299,-0.050603,0.110166,0.075426,0.11583,-0.017908,-0.079107,-0.071905,-0.229433,-0.022876,-0.025357,-0.103004,-0.019073
45077,-0.006318,0.153102,-0.003956,0.100467,0.0544,0.094168,0.030415,-0.092087,-0.437115,-0.048264,-0.068061,0.009432,-0.113787,-0.084837
45079,-0.030128,0.157692,-0.027154,0.110154,0.065148,0.09944,-0.000282,-0.087914,-0.216326,-0.128667,-0.038019,-0.01771,-0.106183,-0.038202
45081,-0.020107,0.154736,-0.025085,0.097371,0.064547,0.114695,0.018775,-0.087047,-0.256287,-0.215874,-0.047741,-0.000933,-0.106315,-0.053741
45083,-0.006318,0.153102,-0.003956,0.100467,0.0544,0.094168,0.030415,-0.092087,-0.437115,-0.048264,-0.068061,0.009432,-0.113787,-0.084837
45085,-0.040148,0.160648,-0.029223,0.122936,0.065749,0.084186,-0.01934,-0.088781,-0.176365,-0.041461,-0.028297,-0.034487,-0.106052,-0.022662
45087,-0.006318,0.153102,-0.003956,0.100467,0.0544,0.094168,0.030415,-0.092087,-0.437115,-0.048264,-0.068061,0.009432,-0.113787,-0.084837
45089,-0.059927,0.164228,-0.054991,0.126056,0.076158,0.096436,-0.042952,-0.076209,-0.068351,-0.075381,-0.018331,-0.039415,-0.107165,-0.015502
45091,-0.013343,0.155086,-0.003705,0.110142,0.05487,0.083051,0.017343,-0.09672,-0.360747,-0.027902,-0.053162,-0.010064,-0.109363,-0.05733
46003,-0.167462,-0.217631,-0.308207,-0.143539,-0.156529,-0.419274,-0.019482,-0.112979,-0.46061,0.100871,-0.40422,-0.167958,-0.428551,-0.257184
46005,-0.199013,-0.15664,-0.407994,-0.181128,-0.296414,-0.416363,-0.09864,-0.146087,-0.556059,-0.263674,-0.473108,-0.241827,-0.645222,-0.344102
46007,-0.114444,-0.154042,-0.103983,-0.070224,-0.003425,-0.302538,-0.084716,-0.030637,-0.339858,0.146732,-0.241922,-0.068974,-0.218494,-0.147383
46009,-0.154533,-0.148043,-0.252735,-0.097427,-0.084831,-0.378014,-0.083636,-0.150877,-0.334838,-0.110158,-0.375779,-0.143981,-0.280157,-0.198569
46011,-0.199013,-0.15664,-0.407994,-0.181128,-0.296414,-0.416363,-0.09864,-0.146087,-0.556059,-0.263674,-0.473108,-0.241827,-0.645222,-0.344102
46013,-0.189631,-0.169824,-0.385404,-0.149724,-0.261557,-0.480813,-0.06853,-0.15187,-0.496288,-0.248781,-0.477629,-0.236686,-0.522565,-0.32695
46015,-0.15815,-0.282921,-0.28605,-0.147801,-0.122435,-0.441359,0.052174,-0.077475,-0.475772,0.388657,-0.383996,-0.143011,-0.394412,-0.243032
46017,-0.231252,-0.344971,-0.511876,-0.233776,-0.196584,-0.507428,0.173301,-0.100212,-0.531531,0.341007,-0.454144,-0.228475,-0.497155,-0.370313
46019,-0.126666,-0.095731,-0.276373,-0.035539,0.048971,-0.258852,-0.078577,0.002024,-0.2884,-0.02483,-0.200243,-0.12807,-0.222267,-0.181592
46021,-0.315863,-0.223026,-0.70152,-0.079332,-0.419097,-0.462721,-0.127063,-0.053702,-0.48012,-0.246373,-0.651167,-0.207263,-0.355602,-0.321946
46023,-0.119791,-0.184457,-0.15648,-0.079627,-0.066558,-0.376652,-0.076295,-0.102808,-0.377426,0.163074,-0.344814,-0.100764,-0.285913,-0.15716
46025,-0.199013,-0.15664,-0.407994,-0.181128,-0.296414,-0.416363,-0.09864,-0.146087,-0.556059,-0.263674,-0.473108,-0.241827,-0.645222,-0.344102
46027,-0.154533,-0.148043,-0.252735,-0.097427,-0.084831,-0.378014,-0.083636,-0.150877,-0.334838,-0.110158,-0.375779,-0.143981,-0.280157,-0.198569
46029,-0.199013,-0.15664,-0.407994,-0.181128,-0.296414,-0.416363,-0.09864,-0.146087,-0.556059,-0.263674,-0.473108,-0.241827,-0.645222,-0.344102
46031,-0.216828,-0.214918,-0.519327,-0.117751,-0.204534,-0.458262,-0.034763,-0.027702,-0.436973,0.014847,-0.457586,-0.216517,-0.393768,-0.29834
46033,-0.159008,-0.092577,-0.217506,-0.073575,0.038824,-0.239841,-0.083713,-0.003295,-0.267634,-0.107166,-0.184837,-0.109818,-0.18703,-0.172301
46035,-0.176773,-0.152341,-0.330364,-0.139278,-0.190622,-0.397188,-0.091138,-0.148482,-0.445448,-0.186916,-0.424443,-0.192904,-0.46269,-0.271336
46037,-0.189631,-0.169824,-0.385404,-0.149724,-0.261557,-0.480813,-0.06853,-0.15187,-0.496288,-0.248781,-0.477629,-0.236686,-0.522565,-0.32695
46039,-0.199013,-0.15664,-0.407994,-0.181128,-0.296414,-0.416363,-0.09864,-0.146087,-0.556059,-0.263674,-0.473108,-0.241827,-0.645222,-0.344102
46041,-0.177212,-0.238685,-0.417928,-0.154569,-0.110408,-0.416837,0.054789,-0.069527,-0.435187,0.18491,-0.347679,-0.194238,-0.383785,-0.30438
46043,-0.154533,-0.148043,-0.252735,-0.097427,-0.084831,-0.378014,-0.083636,-0.150877,-0.334838,-0.110158,-0.375779,-0.143981,-0.280157,-0.198569
46045,-0.231594,-0.226911,-0.496051,-0.153139,-0.284699,-0.482944,-0.022705,-0.114414,-0.501057,-0.100732,-0.515142,-0.227278,-0.474472,-0.33654
46047,-0.191351,-0.089423,-0.158639,-0.111611,0.028677,-0.22083,-0.088849,-0.008614,-0.246869,-0.189503,-0.169431,-0.091567,-0.151793,-0.16301
46049,-0.215133,-0.250806,-0.459935,-0.207452,-0.246499,-0.461895,0.037331,-0.12315,-0.543795,0.038667,-0.463626,-0.235151,-0.571189,-0.357207
46051,-0.199013,-0.15664,-0.407994,-0.181128,-0.296414,-0.416363,-0.09864,-0.146087,-0.556059,-0.263674,-0.473108,-0.241827,-0.645222,-0.344102
46053,-0.119791,-0.184457,-0.15648,-0.079627,-0.066558,-0.376652,-0.076295,-0.102808,-0.377426,0.163074,-0.344814,-0.100764,-0.285913,-0.15716
46055,-0.177212,-0.238685,-0.417928,-0.154569,-0.110408,-0.416837,0.054789,-0.069527,-0.435187,0.18491,-0.347679,-0.194238,-0.383785,-0.30438
46057,-0.199013,-0.15664,-0.407994,-0.181128,-0.296414,-0.416363,-0.09864,-0.146087,-0.556059,-0.263674,-0.473108,-0.241827,-0.645222,-0.344102
46059,-0.215133,-0.250806,-0.459935,-0.207452,-0.246499,-0.461895,0.037331,-0.12315,-0.543795,0.038667,-0.463626,-0.235151,-0.571189,-0.357207
46061,-0.176773,-0.152341,-0.330364,-0.139278,-0.190622,-0.397188,-0.091138,-0.148482,-0.445448,-0.186916,-0.424443,-0.192904,-0.46269,-0.271336
46063,-0.13878,-0.110154,-0.350375,-0.025665,-0.000505,-0.326806,-0.092385,0.039744,-0.309584,-0.02883,-0.281031,-0.170673,-0.277227,-0.197557
46065,-0.231252,-0.344971,-0.511876,-0.233776,-0.196584,-0.507428,0.173301,-0.100212,-0.531531,0.341007,-0.454144,-0.228475,-0.497155,-0.370313
46067,-0.154533,-0.148043,-0.252735,-0.097427,-0.084831,-0.378014,-0.083636,-0.150877,-0.334838,-0.110158,-0.375779,-0.143981,-0.280157,-0.198569
46069,-0.231252,-0.344971,-0.511876,-0.233776,-0.196584,-0.507428,0.173301,-0.100212,-0.531531,0.341007,-0.454144,-0.228475,-0.497155,-0.370313
46071,-0.145828,-0.196363,-0.260955,-0.112396,-0.056916,-0.359688,-0.014963,-0.050082,-0.387522,0.165821,-0.2948,-0.131606,-0.30114,-0.225882
46073,-0.215133,-0.250806,-0.459935,-0.207452,-0.246499,-0.461895,0.037331,-0.12315,-0.543795,0.038667,-0.463626,-0.235151,-0.571189,-0.357207
46075,-0.231252,-0.344971,-0.511876,-0.233776,-0.196584,-0.507428,0.173301,-0.100212,-0.531531,0.341007,-0.454144,-0.228475,-0.497155,-0.370313
46077,-0.199013,-0.15664,-0.407994,-0.181128,-0.296414,-0.416363,-0.09864,-0.146087,-0.556059,-0.263674,-0.473108,-0.241827,-0.645222,-0.344102
46079,-0.199013,-0.15664,-0.407994,-0.181128,-0.296414,-0.416363,-0.09864,-0.146087,-0.556059,-0.263674,-0.473108,-0.241827,-0.645222,-0.344102
46081,-0.126666,-0.095731,-0.276373,-0.035539,0.048971,-0.258852,-0.078577,0.002024,-0.2884,-0.02483,-0.200243,-0.12807,-0.222267,-0.181592
46083,-0.154533,-0.148043,-0.252735,-0.097427,-0.084831,-0.378014,-0.083636,-0.150877,-0.334838,-0.110158,-0.375779,-0.143981,-0.280157,-0.198569
46085,-0.15815,-0.282921,-0.28605,-0.147801,-0.122435,-0.441359,0.052174,-0.077475,-0.475772,0.388657,-0.383996,-0.143011,-0.394412,-0.243032
46087,-0.176773,-0.152341,-0.330364,-0.139278,-0.190622,-0.397188,-0.091138,-0.148482,-0.445448,-0.186916,-0.424443,-0.192904,-0.46269,-0.271336
46089,-0.248056,-0.203017,-0.532167,-0.098826,-0.322899,-0.503992,-0.082742,-0.105677,-0.458319,-0.24013,-0.566659,-0.219405,-0.377755,-0.315872
46091,-0.180249,-0.183009,-0.362814,-0.11832,-0.2267,-0.545263,-0.038421,-0.157653,-0.436517,-0.233888,-0.482151,-0.231546,-0.399907,-0.309797
46093,-0.123172,-0.132398,-0.32398,-0.075361,-0.024232,-0.326246,-0.063723,-0.038842,-0.338844,0.028814,-0.241214,-0.160001,-0.270416,-0.238448
46095,-0.15815,-0.282921,-0.28605,-0.147801,-0.122435,-0.441359,0.052174,-0.077475,-0.475772,0.388657,-0.383996,-0.143011,-0.394412,-0.243032
46097,-0.199013,-0.15664,-0.407994,-0.181128,-0.296414,-0.416363,-0.09864,-0.146087,-0.556059,-0.263674,-0.473108,-0.241827,-0.645222,-0.344102
46099,-0.176773,-0.152341,-0.330364,-0.139278,-0.190622,-0.397188,-0.091138,-0.148482,-0.445448,-0.186916,-0.424443,-0.192904,-0.46269,-0.271336
46101,-0.199013,-0.15664,-0.407994,-0.181128,-0.296414,-0.416363,-0.09864,-0.146087,-0.556059,-0.263674,-0.473108,-0.241827,-0.645222,-0.344102
46102,-0.133506,-0.109806,-0.23586,-0.076991,0.008602,-0.278016,-0.0821,-0.02269,-0.299273,-0.057014,-0.205605,-0.1202,-0.207868,-0.208732
46103,-0.126666,-0.095731,-0.276373,-0.035539,0.048971,-0.258852,-0.078577,0.002024,-0.2884,-0.02483,-0.200243,-0.12807,-0.222267,-0.181592
46105,-0.160097,-0.145838,-0.431956,-0.078948,-0.101228,-0.431449,-0.092645,0.021553,-0.368121,-0.017622,-0.362517,-0.215166,-0.361158,-0.25055
46107,-0.231252,-0.344971,-0.511876,-0.233776,-0.196584,-0.507428,0.173301,-0.100212,-0.531531,0.341007,-0.454144,-0.228475,-0.497155,-0.370313
46109,-0.189631,-0.169824,-0.385404,-0.149724,-0.261557,-0.480813,-0.06853,-0.15187,-0.496288,-0.248781,-0.477629,-0.236686,-0.522565,-0.32695
46111,-0.199013,-0.15664,-0.407994,-0.181128,-0.296414,-0.416363,-0.09864,-0.146087,-0.556059,-0.263674,-0.473108,-0.241827,-0.645222,-0.344102
46115,-0.199013,-0.15664,-0.407994,-0.181128,-0.296414,-0.416363,-0.09864,-0.146087,-0.556059,-0.263674,-0.473108,-0.241827,-0.645222,-0.344102
46117,-0.231252,-0.344971,-0.511876,-0.233776,-0.196584,-0.507428,0.173301,-0.100212,-0.531531,0.341007,-0.454144,-0.228475,-0.497155,-0.370313
46119,-0.231252,-0.344971,-0.511876,-0.233776,-0.196584,-0.507428,0.173301,-0.100212,-0.531531,0.341007,-0.454144,-0.228475,-0.497155,-0.370313
46121,-0.085048,-0.220871,-0.060225,-0.061827,-0.048285,-0.37529,-0.068954,-0.054738,-0.420013,0.436307,-0.313849,-0.057548,-0.291669,-0.11575
46123,-0.15815,-0.282921,-0.28605,-0.147801,-0.122435,-0.441359,0.052174,-0.077475,-0.475772,0.388657,-0.383996,-0.143011,-0.394412,-0.243032
46125,-0.154533,-0.148043,-0.252735,-0.097427,-0.084831,-0.378014,-0.083636,-0.150877,-0.334838,-0.110158,-0.375779,-0.143981,-0.280157,-0.198569
46127,-0.154533,-0.148043,-0.252735,-0.097427,-0.084831,-0.378014,-0.083636,-0.150877,-0.334838,-0.110158,-0.375779,-0.143981,-0.280157,-0.198569
46129,-0.273558,-0.283998,-0.606698,-0.156554,-0.307841,-0.485075,0.023119,-0.076957,-0.505826,0.047317,-0.552655,-0.217869,-0.426378,-0.346129
46135,-0.154533,-0.148043,-0.252735,-0.097427,-0.084831,-0.378014,-0.083636,-0.150877,-0.334838,-0.110158,-0.375779,-0.143981,-0.280157,-0.198569
46137,-0.177212,-0.238685,-0.417928,-0.154569,-0.110408,-0.416837,0.054789,-0.069527,-0.435187,0.18491,-0.347679,-0.194238,-0.383785,-0.30438
47001,-0.017325,0.038302,0.036979,0.085444,-0.021303,-0.010891,-0.051982,-0.129173,-0.120117,-0.011573,-0.155655,0.029298,-0.36012,-0.1813
47003,-0.010312,0.02575,0.012982,0.014701,-0.038039,-0.002189,-0.027679,-0.119269,-0.14262,-0.077722,-0.136531,0.034405,-0.242202,-0.308655
47005,0.012919,-0.00507,0.020509,0.072461,-0.084946,-0.044532,-0.027148,-0.118641,-0.144963,-0.087803,-0.175569,0.058541,-0.201464,-0.348266
47007,-0.006761,0.062717,0.024567,0.040867,0.005457,0.016457,-0.028855,-0.104956,-0.117612,-0.034222,-0.116727,0.034429,-0.358759,-0.152222
47009,-0.007586,0.079718,0.027981,0.061638,0.011978,0.018913,-0.028123,-0.10682,-0.265641,-0.005673,-0.101701,0.034024,-0.205125,-0.13283
47011,-0.006761,0.062717,0.024567,0.040867,0.005457,0.016457,-0.028855,-0.104956,-0.117612,-0.034222,-0.116727,0.034429,-0.358759,-0.152222
47013,-0.027889,0.013887,0.049391,0.130021,-0.048063,-0.03824,-0.075109,-0.15339,-0.122622,0.011075,-0.194583,0.024166,-0.361481,-0.210378
47015,-0.006761,0.062717,0.024567,0.040867,0.005457,0.016457,-0.028855,-0.104956,-0.117612,-0.034222,-0.116727,0.034429,-0.358759,-0.152222
47017,0.012919,-0.00507,0.020509,0.072461,-0.084946,-0.044532,-0.027148,-0.118641,-0.144963,-0.087803,-0.175569,0.058541,-0.201464,-0.348266
47019,0.002994,0.087294,0.072461,0.139756,0.006119,0.001289,-0.040132,-0.135291,-0.092163,0.041781,-0.123788,0.044695,-0.374538,-0.139908
47021,0.0397,0.001076,0.039619,0.156388,-0.088356,-0.068229,-0.027793,-0.103699,-0.122299,-0.054384,-0.194803,0.082702,-0.277284,-0.231445
47023,-0.023508,-0.108107,-0.039024,-0.093655,-0.155658,-0.108611,0.036653,-0.18397,-0.230398,-0.192655,-0.208852,0.112762,-0.089091,-0.50658
47025,-0.012448,0.050591,0.060926,0.134889,-0.020972,-0.018476,-0.05762,-0.144341,-0.107392,0.026428,-0.159186,0.03443,-0.368009,-0.175143
47027,-0.027889,0.013887,0.049391,0.130021,-0.048063,-0.03824,-0.075109,-0.15339,-0.122622,0.011075,-0.194583,0.024166,-0.361481,-0.210378
47029,-0.002709,0.092006,0.051928,0.111083,0.012309,0.011329,-0.033762,-0.121988,-0.252917,0.032328,-0.105232,0.039157,-0.213014,-0.126673
47031,-0.010312,0.02575,0.012982,0.014701,-0.038039,-0.002189,-0.027679,-0.119269,-0.14262,-0.077722,-0.136531,0.034405,-0.242202,-0.308655
47033,-0.066988,-0.220223,-0.128517,-0.155381,-0.263569,-0.260821,0.069244,-0.280889,-0.338357,-0.262846,-0.335458,0.072478,-0.096746,-0.586677
47035,-0.017325,0.038302,0.036979,0.085444,-0.021303,-0.010891,-0.051982,-0.129173,-0.120117,-0.011573,-0.155655,0.029298,-0.36012,-0.1813
47037,0.012919,-0.00507,0.020509,0.072461,-0.084946,-0.044532,-0.027148,-0.118641,-0.144963,-0.087803,-0.175569,0.058541,-0.201464,-0.348266
47039,-0.013863,-0.011217,0.001398,-0.011466,-0.081535,-0.020836,-0.026503,-0.133582,-0.167628,-0.121222,-0.156336,0.034381,-0.125645,-0.465087
47041,-0.017325,0.038302,0.036979,0.085444,-0.021303,-0.010891,-0.051982,-0.129173,-0.120117,-0.011573,-0.155655,0.029298,-0.36012,-0.1813
47043,0.012919,-0.00507,0.020509,0.072461,-0.084946,-0.044532,-0.027148,-0.118641,-0.144963,-0.087803,-0.175569,0.058541,-0.201464,-0.348266
47045,-0.066988,-0.220223,-0.128517,-0.155381,-0.263569,-0.260821,0.069244,-0.280889,-0.338357,-0.262846,-0.335458,0.072478,-0.096746,-0.586677
47047,-0.033153,-0.204996,-0.079446,-0.175845,-0.229781,-0.196387,0.099809,-0.234359,-0.293168,-0.264087,-0.261369,0.191142,-0.052537,-0.548072
47049,-0.027889,0.013887,0.049391,0.130021,-0.048063,-0.03824,-0.075109,-0.15339,-0.122622,0.011075,-0.194583,0.024166,-0.361481,-0.210378
47051,-0.010312,0.02575,0.012982,0.014701,-0.038039,-0.002189,-0.027679,-0.119269,-0.14262,-0.077722,-0.136531,0.034405,-0.242202,-0.308655
47053,-0.027034,-0.112647,-0.054004,-0.04146,-0.174257,-0.152677,0.021048,-0.199765,-0.24166,-0.175324,-0.255514,0.06551,-0.149105,-0.467472
47055,-0.013863,-0.011217,0.001398,-0.011466,-0.081535,-0.020836,-0.026503,-0.133582,-0.167628,-0.121222,-0.156336,0.034381,-0.125645,-0.465087
47057,0.002994,0.087294,0.072461,0.139756,0.006119,0.001289,-0.040132,-0.135291,-0.092163,0.041781,-0.123788,0.044695,-0.374538,-0.139908
47059,-0.002709,0.092006,0.051928,0.111083,0.012309,0.011329,-0.033762,-0.121988,-0.252917,0.032328,-0.105232,0.039157,-0.213014,-0.126673
47061,-0.006761,0.062717,0.024567,0.040867,0.005457,0.016457,-0.028855,-0.104956,-0.117612,-0.034222,-0.116727,0.034429,-0.358759,-0.152222
47063,0.002994,0.087294,0.072461,0.139756,0.006119,0.001289,-0.040132,-0.135291,-0.092163,0.041781,-0.123788,0.044695,-0.374538,-0.139908
47065,-0.006761,0.062717,0.024567,0.040867,0.005457,0.016457,-0.028855,-0.104956,-0.117612,-0.034222,-0.116727,0.034429,-0.358759,-0.152222
47067,0.002994,0.087294,0.072461,0.139756,0.006119,0.001289,-0.040132,-0.135291,-0.092163,0.041781,-0.123788,0.044695,-0.374538,-0.139908
47069,-0.033153,-0.204996,-0.079446,-0.175845,-0.229781,-0.196387,0.099809,-0.234359,-0.293168,-0.264087,-0.261369,0.191142,-0.052537,-0.548072
47071,-0.013863,-0.011217,0.001398,-0.011466,-0.081535,-0.020836,-0.026503,-0.133582,-0.167628,-0.121222,-0.156336,0.034381,-0.125645,-0.465087
47073,0.002994,0.087294,0.072461,0.139756,0.006119,0.001289,-0.040132,-0.135291,-0.092163,0.041781,-0.123788,0.044695,-0.374538,-0.139908
47075,-0.033153,-0.204996,-0.079446,-0.175845,-0.229781,-0.196387,0.099809,-0.234359,-0.293168,-0.264087,-0.261369,0.191142,-0.052537,-0.548072
47077,-0.013863,-0.011217,0.001398,-0.011466,-0.081535,-0.020836,-0.026503,-0.133582,-0.167628,-0.121222,-0.156336,0.034381,-0.125645,-0.465087
47079,0.0397,0.001076,0.039619,0.156388,-0.088356,-0.068229,-0.027793,-0.103699,-0.122299,-0.054384,-0.194803,0.082702,-0.277284,-0.231445
47081,-0.013863,-0.011217,0.001398,-0.011466,-0.081535,-0.020836,-0.026503,-0.133582,-0.167628,-0.121222,-0.156336,0.034381,-0.125645,-0.465087
47083,0.0397,0.001076,0.039619,0.156388,-0.088356,-0.068229,-0.027793,-0.103699,-0.122299,-0.054384,-0.194803,0.082702,-0.277284,-0.231445
47085,0.012919,-0.00507,0.020509,0.072461,-0.084946,-0.044532,-0.027148,-0.118641,-0.144963,-0.087803,-0.175569,0.058541,-0.201464,-0.348266
47087,-0.027889,0.013887,0.049391,0.130021,-0.048063,-0.03824,-0.075109,-0.15339,-0.122622,0.011075,-0.194583,0.024166,-0.361481,-0.210378
47089,-0.002709,0.092006,0.051928,0.111083,0.012309,0.011329,-0.033762,-0.121988,-0.252917,0.032328,-0.105232,0.039157,-0.213014,-0.126673
47091,0.002994,0.087294,0.072461,0.139756,0.006119,0.001289,-0.040132,-0.135291,-0.092163,0.041781,-0.123788,0.044695,-0.374538,-0.139908
47093,-0.010017,0.065154,0.044453,0.098263,-0.004497,0.000219,-0.042872,-0.12558,-0.186517,0.010377,-0.130443,0.034227,-0.286567,-0.153987
47095,-0.100822,-0.23545,-0.177587,-0.134916,-0.297356,-0.325255,0.038679,-0.327419,-0.383546,-0.261604,-0.409548,-0.046187,-0.140954,-0.625283
47097,-0.033153,-0.204996,-0.079446,-0.175845,-0.229781,-0.196387,0.099809,-0.234359,-0.293168,-0.264087,-0.261369,0.191142,-0.052537,-0.548072
47099,-0.013863,-0.011217,0.001398,-0.011466,-0.081535,-0.020836,-0.026503,-0.133582,-0.167628,-0.121222,-0.156336,0.034381,-0.125645,-0.465087
47101,-0.013863,-0.011217,0.001398,-0.011466,-0.081535,-0.020836,-0.026503,-0.133582,-0.167628,-0.121222,-0.156336,0.034381,-0.125645,-0.465087
47103,-0.013863,-0.011217,0.001398,-0.011466,-0.081535,-0.020836,-0.026503,-0.133582,-0.167628,-0.121222,-0.156336,0.034381,-0.125645,-0.465087
47105,-0.006761,0.062717,0.024567,0.040867,0.005457,0.016457,-0.028855,-0.104956,-0.117612,-0.034222,-0.116727,0.034429,-0.358759,-0.152222
47107,-0.006761,0.062717,0.024567,0.040867,0.005457,0.016457,-0.028855,-0.104956,-0.117612,-0.034222,-0.116727,0.034429,-0.358759,-0.152222
47109,-0.023508,-0.108107,-0.039024,-0.093655,-0.155658,-0.108611,0.036653,-0.18397,-0.230398,-0.192655,-0.208852,0.112762,-0.089091,-0.50658
47111,-0.027889,0.013887,0.049391,0.130021,-0.048063,-0.03824,-0.075109,-0.15339,-0.122622,0.011075,-0.194583,0.024166,-0.361481,-0.210378
47113,-0.023508,-0.108107,-0.039024,-0.093655,-0.155658,-0.108611,0.036653,-0.18397,-0.230398,-0.192655,-0.208852,0.112762,-0.089091,-0.50658
47115,-0.006761,0.062717,0.024567,0.040867,0.005457,0.016457,-0.028855,-0.104956,-0.117612,-0.034222,-0.116727,0.034429,-0.358759,-0.152222
47117,-0.013863,-0.011217,0.001398,-0.011466,-0.081535,-0.020836,-0.026503,-0.133582,-0.167628,-0.121222,-0.156336,0.034381,-0.125645,-0.465087
47119,-0.013863,-0.011217,0.001398,-0.011466,-0.081535,-0.020836,-0.026503,-0.133582,-0.167628,-0.121222,-0.156336,0.034381,-0.125645,-0.465087
47121,-0.006761,0.062717,0.024567,0.040867,0.005457,0.016457,-0.028855,-0.104956,-0.117612,-0.034222,-0.116727,0.034429,-0.358759,-0.152222
47123,-0.006761,0.062717,0.024567,0.040867,0.005457,0.016457,-0.028855,-0.104956,-0.117612,-0.034222,-0.116727,0.034429,-0.358759,-0.152222
47125,0.0397,0.001076,0.039619,0.156388,-0.088356,-0.068229,-0.027793,-0.103699,-0.122299,-0.054384,-0.194803,0.082702,-0.277284,-0.231445
47127,-0.010312,0.02575,0.012982,0.014701,-0.038039,-0.002189,-0.027679,-0.119269,-0.14262,-0.077722,-0.136531,0.034405,-0.242202,-0.308655
47129,-0.017325,0.038302,0.036979,0.085444,-0.021303,-0.010891,-0.051982,-0.129173,-0.120117,-0.011573,-0.155655,0.029298,-0.36012,-0.1813
47131,-0.100822,-0.23545,-0.177587,-0.134916,-0.297356,-0.325255,0.038679,-0.327419,-0.383546,-0.261604,-0.409548,-0.046187,-0.140954,-0.625283
47133,-0.027889,0.013887,0.049391,0.130021,-0.048063,-0.03824,-0.075109,-0.15339,-0.122622,0.011075,-0.194583,0.024166,-0.361481,-0.210378
47135,-0.013863,-0.011217,0.001398,-0.011466,-0.081535,-0.020836,-0.026503,-0.133582,-0.167628,-0.121222,-0.156336,0.034381,-0.125645,-0.465087
47137,-0.027889,0.013887,0.049391,0.130021,-0.048063,-0.03824,-0.075109,-0.15339,-0.122622,0.011075,-0.194583,0.024166,-0.361481,-0.210378
47139,-0.006761,0.062717,0.024567,0.040867,0.005457,0.016457,-0.028855,-0.104956,-0.117612,-0.034222,-0.116727,0.034429,-0.358759,-0.152222
47141,-0.017325,0.038302,0.036979,0.085444,-0.021303,-0.010891,-0.051982,-0.129173,-0.120117,-0.011573,-0.155655,0.029298,-0.36012,-0.1813
47143,-0.006761,0.062717,0.024567,0.040867,0.005457,0.016457,-0.028855,-0.104956,-0.117612,-0.034222,-0.116727,0.034429,-0.358759,-0.152222
47145,-0.017325,0.038302,0.036979,0.085444,-0.021303,-0.010891,-0.051982,-0.129173,-0.120117,-0.011573,-0.155655,0.029298,-0.36012,-0.1813
47147,0.0397,0.001076,0.039619,0.156388,-0.088356,-0.068229,-0.027793,-0.103699,-0.122299,-0.054384,-0.194803,0.082702,-0.277284,-0.231445
47149,0.006359,0.017525,0.021861,0.06193,-0.054811,-0.024203,-0.027717,-0.114079,-0.135846,-0.069943,-0.155955,0.050504,-0.253896,-0.282918
47151,-0.027889,0.013887,0.049391,0.130021,-0.048063,-0.03824,-0.075109,-0.15339,-0.122622,0.011075,-0.194583,0.024166,-0.361481,-0.210378
47153,-0.006761,0.062717,0.024567,0.040867,0.005457,0.016457,-0.028855,-0.104956,-0.117612,-0.034222,-0.116727,0.034429,-0.358759,-0.152222
47155,-0.00406,0.082243,0.042808,0.087678,0.010025,0.013038,-0.032126,-0.11631,-0.207815,0.010145,-0.109064,0.037581,-0.261596,-0.13519
47157,-0.033153,-0.204996,-0.079446,-0.175845,-0.229781,-0.196387,0.099809,-0.234359,-0.293168,-0.264087,-0.261369,0.191142,-0.052537,-0.548072
47159,-0.027889,0.013887,0.049391,0.130021,-0.048063,-0.03824,-0.075109,-0.15339,-0.122622,0.011075,-0.194583,0.024166,-0.361481,-0.210378
47161,0.0397,0.001076,0.039619,0.156388,-0.088356,-0.068229,-0.027793,-0.103699,-0.122299,-0.054384,-0.194803,0.082702,-0.277284,-0.231445
47163,0.002994,0.087294,0.072461,0.139756,0.006119,0.001289,-0.040132,-0.135291,-0.092163,0.041781,-0.123788,0.044695,-0.374538,-0.139908
47165,0.005906,0.007482,0.044505,0.143204,-0.068209,-0.053234,-0.051451,-0.128545,-0.122461,-0.021654,-0.194693,0.053434,-0.319383,-0.220912
47167,-0.033153,-0.204996,-0.079446,-0.175845,-0.229781,-0.196387,0.099809,-0.234359,-0.293168,-0.264087,-0.261369,0.191142,-0.052537,-0.548072
47169,0.005906,0.007482,0.044505,0.143204,-0.068209,-0.053234,-0.051451,-0.128545,-0.122461,-0.021654,-0.194693,0.053434,-0.319383,-0.220912
47171,-0.002709,0.092006,0.051928,0.111083,0.012309,0.011329,-0.033762,-0.121988,-0.252917,0.032328,-0.105232,0.039157,-0.213014,-0.126673
47173,-0.012448,0.050591,0.060926,0.134889,-0.020972,-0.018476,-0.05762,-0.144341,-0.107392,0.026428,-0.159186,0.03443,-0.368009,-0.175143
47175,-0.006761,0.062717,0.024567,0.040867,0.005457,0.016457,-0.028855,-0.104956,-0.117612,-0.034222,-0.116727,0.034429,-0.358759,-0.152222
47177,-0.006761,0.062717,0.024567,0.040867,0.005457,0.016457,-0.028855,-0.104956,-0.117612,-0.034222,-0.116727,0.034429,-0.358759,-0.152222
47179,0.002994,0.087294,0.072461,0.139756,0.006119,0.001289,-0.040132,-0.135291,-0.092163,0.041781,-0.123788,0.044695,-0.374538,-0.139908
47181,-0.013863,-0.011217,0.001398,-0.011466,-0.081535,-0.020836,-0.026503,-0.133582,-0.167628,-0.121222,-0.156336,0.034381,-0.125645,-0.465087
47183,-0.030561,-0.117187,-0.068984,0.010736,-0.192856,-0.196742,0.005443,-0.215559,-0.252923,-0.157994,-0.302175,0.018258,-0.209119,-0.428364
47185,-0.017325,0.038302,0.036979,0.085444,-0.021303,-0.010891,-0.051982,-0.129173,-0.120117,-0.011573,-0.155655,0.029298,-0.36012,-0.1813
47187,0.012919,-0.00507,0.020509,0.072461,-0.084946,-0.044532,-0.027148,-0.118641,-0.144963,-0.087803,-0.175569,0.058541,-0.201464,-0.348266
47189,-0.002203,0.016616,0.028744,0.078953,-0.053124,-0.027712,-0.039565,-0.123907,-0.13254,-0.049688,-0.165612,0.04392,-0.280792,-0.264783
48001,-0.126386,-0.18966,-0.135423,-0.172832,-0.193003,-0.104085,-0.004225,-0.012095,-0.1531,-0.438003,-0.274247,-0.080429,-0.319996,-1.065535
48003,-0.106072,-0.170257,0.026312,-0.144415,-0.22481,-0.178041,0.047218,0.038977,0.008208,-0.357528,-0.140512,-0.173923,-0.231125,-0.243957
48005,-0.126386,-0.18966,-0.135423,-0.172832,-0.193003,-0.104085,-0.004225,-0.012095,-0.1531,-0.438003,-0.274247,-0.080429,-0.319996,-1.065535
48007,0.016443,0.017983,-0.011908,0.025757,0.025926,0.082745,0.010935,0.07161,-0.006482,-0.159646,0.020144,0.021499,-0.136635,0.014659
48009,-0.1785,-0.264149,-0.143089,-0.39109,-0.389102,-0.438842,0.022907,-0.06668,-0.228953,-0.57425,-0.393082,-0.154371,-0.463963,-0.517273
48011,-0.029684,-0.14153,0.00481,-0.09809,-0.122071,-0.277101,0.10151,0.038024,-0.096729,-0.311431,-0.152348,-0.027602,-0.193881,-0.239098
48013,-0.039544,-0.084249,0.009857,-0.17847,-0.136847,-0.063935,0.093236,0.049864,-0.038808,-0.414134,-0.164169,-0.050201,-0.283927,-0.161751
48015,0.010515,-0.029038,-0.026548,-0.069326,-0.026355,0.016127,0.070532,0.072305,-0.039541,-0.333551,-0.065153,0.014784,-0.191881,-0.076686
48017,-0.019932,-0.111416,0.059999,-0.062033,-0.149156,-0.163529,0.064778,0.075291,0.026044,-0.288068,-0.116886,-0.095964,-0.12414,-0.172794
48019,-0.131437,-0.096046,0.024908,-0.274314,-0.190727,-0.130963,0.061382,-9e-06,-0.073617,-0.32664,-0.221958,-0.112197,-0.320474,-0.223582
48021,0.013744,-0.144435,-0.061618,-0.15339,-0.196977,-0.117053,0.110461,0.059387,-0.058531,-0.543377,-0.215211,-0.014359,-0.360049,-0.25636
48023,-0.201827,-0.193023,-0.051615,-0.382229,-0.370066,-0.398325,0.046592,-0.009889,-0.239459,-0.523336,-0.332599,-0.186485,-0.367978,-0.443046
48025,0.034396,-0.027234,-0.008551,-0.028434,-0.02852,0.042919,0.068012,0.085673,-0.00524,-0.330637,-0.043118,0.016647,-0.192007,-0.042631
48027,-0.02486,-0.216419,-0.118043,-0.224156,-0.310987,-0.2372,0.095832,0.019036,-0.113064,-0.585127,-0.324041,-0.040513,-0.472718,-0.412799
48029,-0.039544,-0.084249,0.009857,-0.17847,-0.136847,-0.063935,0.093236,0.049864,-0.038808,-0.414134,-0.164169,-0.050201,-0.283927,-0.161751
48031,0.013744,-0.144435,-0.061618,-0.15339,-0.196977,-0.117053,0.110461,0.059387,-0.058531,-0.543377,-0.215211,-0.014359,-0.360049,-0.25636
48033,-0.15409,-0.204157,-0.000931,-0.269832,-0.33692,-0.3077,0.047045,0.031704,-0.12469,-0.461364,-0.258314,-0.183095,-0.292653,-0.364016
48035,-0.02486,-0.216419,-0.118043,-0.224156,-0.310987,-0.2372,0.095832,0.019036,-0.113064,-0.585127,-0.324041,-0.040513,-0.472718,-0.412799
48037,-0.25221,-0.317363,-0.235017,-0.384517,-0.426142,-0.413186,-0.121817,-0.120397,-0.253546,-0.626873,-0.512148,-0.106278,-0.59172,-1.300518
48039,-0.031319,0.014376,-0.047902,-0.056027,0.030257,0.02916,0.015975,0.044872,-0.075084,-0.165476,-0.023926,0.017773,-0.136384,-0.053451
48041,-0.075623,-0.203039,-0.126733,-0.198494,-0.251995,-0.170642,0.045803,0.003471,-0.133082,-0.511565,-0.299144,-0.060471,-0.396357,-0.739167
48043,-0.102208,-0.130428,-0.027184,-0.178243,-0.194478,-0.123619,0.04441,0.028524,0.066217,-0.323817,-0.088941,-0.235682,-0.259581,-0.222798
48045,-0.029684,-0.14153,0.00481,-0.09809,-0.122071,-0.277101,0.10151,0.038024,-0.096729,-0.311431,-0.152348,-0.027602,-0.193881,-0.239098
48047,0.016443,0.017983,-0.011908,0.025757,0.025926,0.082745,0.010935,0.07161,-0.006482,-0.159646,0.020144,0.021499,-0.136635,0.014659
48049,-0.088143,-0.261119,-0.114827,-0.305453,-0.32582,-0.294579,0.102402,0.00819,-0.14113,-0.573837,-0.305637,-0.094141,-0.486183,-0.436629
48051,0.013744,-0.144435,-0.061618,-0.15339,-0.196977,-0.117053,0.110461,0.059387,-0.058531,-0.543377,-0.215211,-0.014359,-0.360049,-0.25636
48053,-0.02486,-0.216419,-0.118043,-0.224156,-0.310987,-0.2372,0.095832,0.019036,-0.113064,-0.585127,-0.324041,-0.040513,-0.472718,-0.412799
48055,0.052349,-0.072451,-0.005194,-0.082625,-0.082966,0.003093,0.125089,0.099737,-0.003998,-0.501627,-0.106381,0.011795,-0.247379,-0.099921
48057,0.034396,-0.027234,-0.008551,-0.028434,-0.02852,0.042919,0.068012,0.085673,-0.00524,-0.330637,-0.043118,0.016647,-0.192007,-0.042631
48059,-0.176626,-0.249421,-0.081613,-0.38449,-0.355359,-0.375142,0.077782,-0.006272,-0.204328,-0.542941,-0.309916,-0.167128,-0.433813,-0.451752
48061,-0.025675,0.067236,0.035112,0.063733,0.043057,0.119236,-0.022001,0.102483,0.028937,-0.107999,0.074138,-0.04183,-0.09897,0.025435
48063,-0.25221,-0.317363,-0.235017,-0.384517,-0.426142,-0.413186,-0.121817,-0.120397,-0.253546,-0.626873,-0.512148,-0.106278,-0.59172,-1.300518
48065,-0.029684,-0.14153,0.00481,-0.09809,-0.122071,-0.277101,0.10151,0.038024,-0.096729,-0.311431,-0.152348,-0.027602,-0.193881,-0.239098
48067,-0.25221,-0.317363,-0.235017,-0.384517,-0.426142,-0.413186,-0.121817,-0.120397,-0.253546,-0.626873,-0.512148,-0.106278,-0.59172,-1.300518
48069,0.066491,-0.007543,0.070245,0.033369,0.005462,-0.109983,0.082059,0.077285,0.062007,-0.176742,-0.049742,-0.012223,-0.030952,-0.060602
48071,-0.031319,0.014376,-0.047902,-0.056027,0.030257,0.02916,0.015975,0.044872,-0.075084,-0.165476,-0.023926,0.017773,-0.136384,-0.053451
48073,-0.126386,-0.18966,-0.135423,-0.172832,-0.193003,-0.104085,-0.004225,-0.012095,-0.1531,-0.438003,-0.274247,-0.080429,-0.319996,-1.065535
48075,-0.125859,-0.275516,-0.060624,-0.229548,-0.249603,-0.444219,0.120961,-0.001238,-0.255464,-0.446121,-0.254954,-0.042981,-0.356811,-0.417594
48077,-0.149085,-0.231855,-0.180886,-0.33882,-0.349766,-0.470692,0.031149,-0.121488,-0.283337,-0.564697,-0.461883,-0.061868,-0.496221,-0.616043
48079,-0.106354,-0.21529,0.049753,-0.157435,-0.303774,-0.217075,0.047497,0.073297,-0.00992,-0.399393,-0.18403,-0.179705,-0.217329,-0.284987
48081,-0.151425,-0.305819,-0.111612,-0.386751,-0.340652,-0.351958,0.108972,-0.002655,-0.169196,-0.562546,-0.287232,-0.14777,-0.499648,-0.460458
48083,-0.151425,-0.305819,-0.111612,-0.386751,-0.340652,-0.351958,0.108972,-0.002655,-0.169196,-0.562546,-0.287232,-0.14777,-0.499648,-0.460458
48085,-0.155173,-0.335274,-0.234564,-0.39995,-0.408138,-0.479358,-0.000777,-0.123471,-0.218446,-0.625165,-0.453564,-0.122258,-0.559948,-0.591501
48087,-0.125859,-0.275516,-0.060624,-0.229548,-0.249603,-0.444219,0.120961,-0.001238,-0.255464,-0.446121,-0.254954,-0.042981,-0.356811,-0.417594
48089,0.010515,-0.029038,-0.026548,-0.069326,-0.026355,0.016127,0.070532,0.072305,-0.039541,-0.333551,-0.065153,0.014784,-0.191881,-0.076686
48091,0.052349,-0.072451,-0.005194,-0.082625,-0.082966,0.003093,0.125089,0.099737,-0.003998,-0.501627,-0.106381,0.011795,-0.247379,-0.099921
48093,-0.110486,-0.285837,-0.154739,-0.336952,-0.353259,-0.356172,0.068009,-0.035697,-0.166902,-0.590946,-0.354946,-0.103514,-0.510771,-0.488253
48095,-0.151425,-0.305819,-0.111612,-0.386751,-0.340652,-0.351958,0.108972,-0.002655,-0.169196,-0.562546,-0.287232,-0.14777,-0.499648,-0.460458
48097,-0.155173,-0.335274,-0.234564,-0.39995,-0.408138,-0.479358,-0.000777,-0.123471,-0.218446,-0.625165,-0.453564,-0.122258,-0.559948,-0.591501
48099,-0.02486,-0.216419,-0.118043,-0.224156,-0.310987,-0.2372,0.095832,0.019036,-0.113064,-0.585127,-0.324041,-0.040513,-0.472718,-0.412799
48101,-0.163843,-0.23427,-0.056119,-0.305889,-0.309835,-0.421272,0.083776,-0.005563,-0.247462,-0.484728,-0.293777,-0.114733,-0.362394,-0.43032
48103,-0.10579,-0.125223,0.00287,-0.131394,-0.145846,-0.139008,0.046938,0.004657,0.026336,-0.315662,-0.096994,-0.168141,-0.244922,-0.202927
48105,-0.123517,-0.161217,-0.021751,-0.237454,-0.211486,-0.179245,0.057155,0.003786,-0.038413,-0.363101,-0.172942,-0.151589,-0.325679,-0.267033
48107,-0.15409,-0.204157,-0.000931,-0.269832,-0.33692,-0.3077,0.047045,0.031704,-0.12469,-0.461364,-0.258314,-0.183095,-0.292653,-0.364016
48109,-0.058656,-0.188387,-0.008465,-0.19819,-0.248063,-0.16611,0.060887,0.056272,0.126567,-0.398378,-0.074247,-0.266927,-0.284235,-0.22873
48111,0.074173,0.034552,0.030591,0.051469,0.02297,-0.087145,0.058972,0.04831,0.000578,-0.105072,-0.052582,0.03254,-0.078398,-0.078674
48113,-0.155173,-0.335274,-0.234564,-0.39995,-0.408138,-0.479358,-0.000777,-0.123471,-0.218446,-0.625165,-0.453564,-0.122258,-0.559948,-0.591501
48115,-0.106354,-0.21529,0.049753,-0.157435,-0.303774,-0.217075,0.047497,0.073297,-0.00992,-0.399393,-0.18403,-0.179705,-0.217329,-0.284987
48117,0.066491,-0.007543,0.070245,0.033369,0.005462,-0.109983,0.082059,0.077285,0.062007,-0.176742,-0.049742,-0.012223,-0.030952,-0.060602
48119,-0.25221,-0.317363,-0.235017,-0.384517,-0.426142,-0.413186,-0.121817,-0.120397,-0.253546,-0.626873,-0.512148,-0.106278,-0.59172,-1.300518
48121,-0.155173,-0.335274,-0.234564,-0.39995,-0.408138,-0.479358,-0.000777,-0.123471,-0.218446,-0.625165,-0.453564,-0.122258,-0.559948,-0.591501
48123,0.052349,-0.072451,-0.005194,-0.082625,-0.082966,0.003093,0.125089,0.099737,-0.003998,-0.501627,-0.106381,0.011795,-0.247379,-0.099921
48125,-0.201827,-0.193023,-0.051615,-0.382229,-0.370066,-0.398325,0.046592,-0.009889,-0.239459,-0.523336,-0.332599,-0.186485,-0.367978,-0.443046
48127,-0.229011,-0.101813,0.054432,-0.266718,-0.153352,-0.235409,0.030401,-0.110551,-0.109844,-0.333664,-0.31529,-0.094229,-0.321346,-0.18244
48129,-0.125859,-0.275516,-0.060624,-0.229548,-0.249603,-0.444219,0.120961,-0.001238,-0.255464,-0.446121,-0.254954,-0.042981,-0.356811,-0.417594
48131,-0.155071,-0.044799,0.036025,-0.116683,-0.045025,-0.128555,0.005178,-0.074742,-0.076276,-0.250167,-0.19424,-0.027381,-0.229426,-0.063319
48133,-0.133321,-0.262634,-0.128958,-0.348272,-0.357461,-0.36671,0.062655,-0.029245,-0.185042,-0.574043,-0.349359,-0.124256,-0.475073,-0.476951
48135,-0.10579,-0.125223,0.00287,-0.131394,-0.145846,-0.139008,0.046938,0.004657,0.026336,-0.315662,-0.096994,-0.168141,-0.244922,-0.202927
48137,-0.131437,-0.096046,0.024908,-0.274314,-0.190727,-0.130963,0.061382,-9e-06,-0.073617,-0.32664,-0.221958,-0.112197,-0.320474,-0.223582
48139,-0.090016,-0.275847,-0.176303,-0.312053,-0.359562,-0.358279,0.047527,-0.052218,-0.165755,-0.605146,-0.388802,-0.081385,-0.516333,-0.50215
48141,-0.077454,-0.190414,-0.048672,-0.173978,-0.19623,-0.168052,0.029947,0.048488,0.074332,-0.359558,-0.102816,-0.286172,-0.244365,-0.207711
48143,-0.090016,-0.275847,-0.176303,-0.312053,-0.359562,-0.358279,0.047527,-0.052218,-0.165755,-0.605146,-0.388802,-0.081385,-0.516333,-0.50215
48145,-0.02486,-0.216419,-0.118043,-0.224156,-0.310987,-0.2372,0.095832,0.019036,-0.113064,-0.585127,-0.324041,-0.040513,-0.472718,-0.412799
48147,-0.203691,-0.326318,-0.23479,-0.392234,-0.41714,-0.446272,-0.061297,-0.121934,-0.235996,-0.626019,-0.482856,-0.114268,-0.575834,-0.946009
48149,0.052349,-0.072451,-0.005194,-0.082625,-0.082966,0.003093,0.125089,0.099737,-0.003998,-0.501627,-0.106381,0.011795,-0.247379,-0.099921
48151,-0.201827,-0.193023,-0.051615,-0.382229,-0.370066,-0.398325,0.046592,-0.009889,-0.239459,-0.523336,-0.332599,-0.186485,-0.367978,-0.443046
48153,-0.091887,-0.172843,0.00194,-0.183961,-0.229495,-0.292401,0.074277,0.034864,-0.110709,-0.386398,-0.205331,-0.105349,-0.243267,-0.301557
48155,-0.163843,-0.23427,-0.056119,-0.305889,-0.309835,-0.421272,0.083776,-0.005563,-0.247462,-0.484728,-0.293777,-0.114733,-0.362394,-0.43032
48157,-0.031319,0.014376,-0.047902,-0.056027,0.030257,0.02916,0.015975,0.044872,-0.075084,-0.165476,-0.023926,0.017773,-0.136384,-0.053451
48159,-0.25221,-0.317363,-0.235017,-0.384517,-0.426142,-0.413186,-0.121817,-0.120397,-0.253546,-0.626873,-0.512148,-0.106278,-0.59172,-1.300518
48161,-0.075623,-0.203039,-0.126733,-0.198494,-0.251995,-0.170642,0.045803,0.003471,-0.133082,-0.511565,-0.299144,-0.060471,-0.396357,-0.739167
48163,-0.131437,-0.096046,0.024908,-0.274314,-0.190727,-0.130963,0.061382,-9e-06,-0.073617,-0.32664,-0.221958,-0.112197,-0.320474,-0.223582
48165,-0.106354,-0.21529,0.049753,-0.157435,-0.303774,-0.217075,0.047497,0.073297,-0.00992,-0.399393,-0.18403,-0.179705,-0.217329,-0.284987
48167,-0.031319,0.014376,-0.047902,-0.056027,0.030257,0.02916,0.015975,0.044872,-0.075084,-0.165476,-0.023926,0.017773,-0.136384,-0.053451
48169,-0.15409,-0.204157,-0.000931,-0.269832,-0.33692,-0.3077,0.047045,0.031704,-0.12469,-0.461364,-0.258314,-0.183095,-0.292653,-0.364016
48171,-0.063843,-0.172684,-0.052485,-0.241961,-0.231333,-0.179257,0.097819,0.029027,-0.089969,-0.493985,-0.234903,-0.072171,-0.385055,-0.29919
48173,-0.10579,-0.125223,0.00287,-0.131394,-0.145846,-0.139008,0.046938,0.004657,0.026336,-0.315662,-0.096994,-0.168141,-0.244922,-0.202927
48175,0.034396,-0.027234,-0.008551,-0.028434,-0.02852,0.042919,0.068012,0.085673,-0.00524,-0.330637,-0.043118,0.016647,-0.192007,-0.042631
48177,0.052349,-0.072451,-0.005194,-0.082625,-0.082966,0.003093,0.125089,0.099737,-0.003998,-0.501627,-0.106381,0.011795,-0.247379,-0.099921
48179,-0.125859,-0.275516,-0.060624,-0.229548,-0.249603,-0.444219,0.120961,-0.001238,-0.255464,-0.446121,-0.254954,-0.042981,-0.356811,-0.417594
48181,-0.155173,-0.335274,-0.234564,-0.39995,-0.408138,-0.479358,-0.000777,-0.123471,-0.218446,-0.625165,-0.453564,-0.122258,-0.559948,-0.591501
48183,-0.25221,-0.317363,-0.235017,-0.384517,-0.426142,-0.413186,-0.121817,-0.120397,-0.253546,-0.626873,-0.512148,-0.106278,-0.59172,-1.300518
48185,-0.078852,-0.087642,-0.091663,-0.11443,-0.081373,-0.037463,0.005875,0.016389,-0.114092,-0.301739,-0.149086,-0.031328,-0.22819,-0.559493
48187,0.052349,-0.072451,-0.005194,-0.082625,-0.082966,0.003093,0.125089,0.099737,-0.003998,-0.501627,-0.106381,0.011795,-0.247379,-0.099921
48189,-0.019932,-0.111416,0.059999,-0.062033,-0.149156,-0.163529,0.064778,0.075291,0.026044,-0.288068,-0.116886,-0.095964,-0.12414,-0.172794
48191,-0.125859,-0.275516,-0.060624,-0.229548,-0.249603,-0.444219,0.120961,-0.001238,-0.255464,-0.446121,-0.254954,-0.042981,-0.356811,-0.417594
48193,-0.02486,-0.216419,-0.118043,-0.224156,-0.310987,-0.2372,0.095832,0.019036,-0.113064,-0.585127,-0.324041,-0.040513,-0.472718,-0.412799
48195,0.014672,0.014698,0.014431,0.010472,-0.038349,-0.183558,0.134046,0.02461,-0.046558,-0.145447,-0.134804,0.10523,-0.140204,-0.111039
48197,-0.163843,-0.23427,-0.056119,-0.305889,-0.309835,-0.421272,0.083776,-0.005563,-0.247462,-0.484728,-0.293777,-0.114733,-0.362394,-0.43032
48199,-0.078852,-0.087642,-0.091663,-0.11443,-0.081373,-0.037463,0.005875,0.016389,-0.114092,-0.301739,-0.149086,-0.031328,-0.22819,-0.559493
48201,-0.031319,0.014376,-0.047902,-0.056027,0.030257,0.02916,0.015975,0.044872,-0.075084,-0.165476,-0.023926,0.017773,-0.136384,-0.053451
48203,-0.25221,-0.317363,-0.235017,-0.384517,-0.426142,-0.413186,-0.121817,-0.120397,-0.253546,-0.626873,-0.512148,-0.106278,-0.59172,-1.300518
48205,0.070332,0.013504,0.050418,0.042419,0.014216,-0.098564,0.070515,0.062798,0.031293,-0.140907,-0.051162,0.010159,-0.054675,-0.069638
48207,-0.201827,-0.193023,-0.051615,-0.382229,-0.370066,-0.398325,0.046592,-0.009889,-0.239459,-0.523336,-0.332599,-0.186485,-0.367978,-0.443046
48209,0.013744,-0.144435,-0.061618,-0.15339,-0.196977,-0.117053,0.110461,0.059387,-0.058531,-0.543377,-0.215211,-0.014359,-0.360049,-0.25636
48211,-0.085344,-0.140336,-0.031177,-0.130037,-0.174636,-0.362095,0.16504,-0.000164,-0.174579,-0.315972,-0.23599,0.067469,-0.27941,-0.280499
48213,-0.177923,-0.280765,-0.201668,-0.3191,-0.342428,-0.332209,-0.042273,-0.085321,-0.208364,-0.563347,-0.41332,-0.102988,-0.490555,-0.985851
48215,-0.004616,0.042609,0.011602,0.044745,0.034491,0.10099,-0.005533,0.087046,0.011228,-0.133822,0.047141,-0.010166,-0.117802,0.020047
48217,-0.090016,-0.275847,-0.176303,-0.312053,-0.359562,-0.358279,0.047527,-0.052218,-0.165755,-0.605146,-0.388802,-0.081385,-0.516333,-0.50215
48219,-0.106354,-0.21529,0.049753,-0.157435,-0.303774,-0.217075,0.047497,0.073297,-0.00992,-0.399393,-0.18403,-0.179705,-0.217329,-0.284987
48221,-0.155173,-0.335274,-0.234564,-0.39995,-0.408138,-0.479358,-0.000777,-0.123471,-0.218446,-0.625165,-0.453564,-0.122258,-0.559948,-0.591501
48223,-0.25221,-0.317363,-0.235017,-0.384517,-0.426142,-0.413186,-0.121817,-0.120397,-0.253546,-0.626873,-0.512148,-0.106278,-0.59172,-1.300518
48225,-0.126386,-0.18966,-0.135423,-0.172832,-0.193003,-0.104085,-0.004225,-0.012095,-0.1531,-0.438003,-0.274247,-0.080429,-0.319996,-1.065535
48227,-0.141349,-0.209839,-0.027651,-0.264452,-0.290084,-0.276592,0.0625,0.016352,-0.09806,-0.450234,-0.225214,-0.170525,-0.332469,-0.347854
48229,-0.058656,-0.188387,-0.008465,-0.19819,-0.248063,-0.16611,0.060887,0.056272,0.126567,-0.398378,-0.074247,-0.266927,-0.284235,-0.22873
48231,-0.203691,-0.326318,-0.23479,-0.392234,-0.41714,-0.446272,-0.061297,-0.121934,-0.235996,-0.626019,-0.482856,-0.114268,-0.575834,-0.946009
48233,-0.007506,-0.063416,0.009621,-0.043809,-0.08021,-0.230329,0.117778,0.031317,-0.071643,-0.228439,-0.143576,0.038814,-0.167042,-0.175068
48235,-0.128607,-0.215521,-0.054371,-0.259073,-0.243249,-0.245483,0.077955,0.001001,-0.07143,-0.439104,-0.192113,-0.157956,-0.372285,-0.331693
48237,-0.155173,-0.335274,-0.234564,-0.39995,-0.408138,-0.479358,-0.000777,-0.123471,-0.218446,-0.625165,-0.453564,-0.122258,-0.559948,-0.591501
48239,0.052349,-0.072451,-0.005194,-0.082625,-0.082966,0.003093,0.125089,0.099737,-0.003998,-0.501627,-0.106381,0.011795,-0.247379,-0.099921
48241,-0.078852,-0.087642,-0.091663,-0.11443,-0.081373,-0.037463,0.005875,0.016389,-0.114092,-0.301739,-0.149086,-0.031328,-0.22819,-0.559493
48243,-0.082223,-0.156805,-0.002798,-0.164792,-0.196954,-0.152559,0.053913,0.030464,0.076452,-0.35702,-0.085621,-0.217534,-0.264578,-0.215828
48245,-0.031319,0.014376,-0.047902,-0.056027,0.030257,0.02916,0.015975,0.044872,-0.075084,-0.165476,-0.023926,0.017773,-0.136384,-0.053451
48247,-0.155071,-0.044799,0.036025,-0.116683,-0.045025,-0.128555,0.005178,-0.074742,-0.076276,-0.250167,-0.19424,-0.027381,-0.229426,-0.063319
48249,0.016443,0.017983,-0.011908,0.025757,0.025926,0.082745,0.010935,0.07161,-0.006482,-0.159646,0.020144,0.021499,-0.136635,0.014659
48251,-0.090016,-0.275847,-0.176303,-0.312053,-0.359562,-0.358279,0.047527,-0.052218,-0.165755,-0.605146,-0.388802,-0.081385,-0.516333,-0.50215
48253,-0.201827,-0.193023,-0.051615,-0.382229,-0.370066,-0.398325,0.046592,-0.009889,-0.239459,-0.523336,-0.332599,-0.186485,-0.367978,-0.443046
48255,0.052349,-0.072451,-0.005194,-0.082625,-0.082966,0.003093,0.125089,0.099737,-0.003998,-0.501627,-0.106381,0.011795,-0.247379,-0.099921
48257,-0.203691,-0.326318,-0.23479,-0.392234,-0.41714,-0.446272,-0.061297,-0.121934,-0.235996,-0.626019,-0.482856,-0.114268,-0.575834,-0.946009
48259,-0.039544,-0.084249,0.009857,-0.17847,-0.136847,-0.063935,0.093236,0.049864,-0.038808,-0.414134,-0.164169,-0.050201,-0.283927,-0.161751
48261,0.016443,0.017983,-0.011908,0.025757,0.025926,0.082745,0.010935,0.07161,-0.006482,-0.159646,0.020144,0.021499,-0.136635,0.014659
48263,-0.201827,-0.193023,-0.051615,-0.382229,-0.370066,-0.398325,0.046592,-0.009889,-0.239459,-0.523336,-0.332599,-0.186485,-0.367978,-0.443046
48265,-0.131437,-0.096046,0.024908,-0.274314,-0.190727,-0.130963,0.061382,-9e-06,-0.073617,-0.32664,-0.221958,-0.112197,-0.320474,-0.223582
48267,-0.141431,-0.200932,-0.043352,-0.330533,-0.26569,-0.241461,0.085177,-0.001332,-0.121407,-0.444593,-0.254595,-0.129984,-0.410061,-0.34202
48269,-0.201827,-0.193023,-0.051615,-0.382229,-0.370066,-0.398325,0.046592,-0.009889,-0.239459,-0.523336,-0.332599,-0.186485,-0.367978,-0.443046
48271,-0.131437,-0.096046,0.024908,-0.274314,-0.190727,-0.130963,0.061382,-9e-06,-0.073617,-0.32664,-0.221958,-0.112197,-0.320474,-0.223582
48273,0.016443,0.017983,-0.011908,0.025757,0.025926,0.082745,0.010935,0.07161,-0.006482,-0.159646,0.020144,0.021499,-0.136635,0.014659
48275,-0.201827,-0.193023,-0.051615,-0.382229,-0.370066,-0.398325,0.046592,-0.009889,-0.239459,-0.523336,-0.332599,-0.186485,-0.367978,-0.443046
48277,-0.25221,-0.317363,-0.235017,-0.384517,-0.426142,-0.413186,-0.121817,-0.120397,-0.253546,-0.626873,-0.512148,-0.106278,-0.59172,-1.300518
48279,-0.019932,-0.111416,0.059999,-0.062033,-0.149156,-0.163529,0.064778,0.075291,0.026044,-0.288068,-0.116886,-0.095964,-0.12414,-0.172794
48281,-0.02486,-0.216419,-0.118043,-0.224156,-0.310987,-0.2372,0.095832,0.019036,-0.113064,-0.585127,-0.324041,-0.040513,-0.472718,-0.412799
48283,-0.229011,-0.101813,0.054432,-0.266718,-0.153352,-0.235409,0.030401,-0.110551,-0.109844,-0.333664,-0.31529,-0.094229,-0.321346,-0.18244
48285,0.052349,-0.072451,-0.005194,-0.082625,-0.082966,0.003093,0.125089,0.099737,-0.003998,-0.501627,-0.106381,0.011795,-0.247379,-0.099921
48287,0.013744,-0.144435,-0.061618,-0.15339,-0.196977,-0.117053,0.110461,0.059387,-0.058531,-0.543377,-0.215211,-0.014359,-0.360049,-0.25636
48289,-0.075623,-0.203039,-0.126733,-0.198494,-0.251995,-0.170642,0.045803,0.003471,-0.133082,-0.511565,-0.299144,-0.060471,-0.396357,-0.739167
48291,-0.078852,-0.087642,-0.091663,-0.11443,-0.081373,-0.037463,0.005875,0.016389,-0.114092,-0.301739,-0.149086,-0.031328,-0.22819,-0.559493
48293,-0.075623,-0.203039,-0.126733,-0.198494,-0.251995,-0.170642,0.045803,0.003471,-0.133082,-0.511565,-0.299144,-0.060471,-0.396357,-0.739167
48295,-0.044829,-0.005156,-0.001729,-0.030525,-0.099668,-0.279971,0.209119,0.000909,-0.093694,-0.185822,-0.217025,0.177919,-0.202009,-0.143405
48297,0.034396,-0.027234,-0.008551,-0.028434,-0.02852,0.042919,0.068012,0.085673,-0.00524,-0.330637,-0.043118,0.016647,-0.192007,-0.042631
48299,-0.088143,-0.261119,-0.114827,-0.305453,-0.32582,-0.294579,0.102402,0.00819,-0.14113,-0.573837,-0.305637,-0.094141,-0.486183,-0.436629
48301,-0.082223,-0.156805,-0.002798,-0.164792,-0.196954,-0.152559,0.053913,0.030464,0.076452,-0.35702,-0.085621,-0.217534,-0.264578,-0.215828
48303,-0.106354,-0.21529,0.049753,-0.157435,-0.303774,-0.217075,0.047497,0.073297,-0.00992,-0.399393,-0.18403,-0.179705,-0.217329,-0.284987
48305,-0.106354,-0.21529,0.049753,-0.157435,-0.303774,-0.217075,0.047497,0.073297,-0.00992,-0.399393,-0.18403,-0.179705,-0.217329,-0.284987
48307,-0.151425,-0.305819,-0.111612,-0.386751,-0.340652,-0.351958,0.108972,-0.002655,-0.169196,-0.562546,-0.287232,-0.14777,-0.499648,-0.460458
48309,-0.02486,-0.216419,-0.118043,-0.224156,-0.310987,-0.2372,0.095832,0.019036,-0.113064,-0.585127,-0.324041,-0.040513,-0.472718,-0.412799
48311,-0.097308,-0.064524,0.022941,-0.147576,-0.090936,-0.096245,0.049207,-0.012439,-0.057542,-0.33215,-0.179204,-0.038791,-0.256676,-0.112535
48313,-0.126386,-0.18966,-0.135423,-0.172832,-0.193003,-0.104085,-0.004225,-0.012095,-0.1531,-0.438003,-0.274247,-0.080429,-0.319996,-1.065535
48315,-0.25221,-0.317363,-0.235017,-0.384517,-0.426142,-0.413186,-0.121817,-0.120397,-0.253546,-0.626873,-0.512148,-0.106278,-0.59172,-1.300518
48317,-0.106072,-0.170257,0.026312,-0.144415,-0.22481,-0.178041,0.047218,0.038977,0.008208,-0.357528,-0.140512,-0.173923,-0.231125,-0.243957
48319,-0.151425,-0.305819,-0.111612,-0.386751,-0.340652,-0.351958,0.108972,-0.002655,-0.169196,-0.562546,-0.287232,-0.14777,-0.499648,-0.460458
48321,0.012491,-0.013364,-0.021668,-0.037632,-0.008928,0.038333,0.050666,0.072073,-0.028521,-0.275583,-0.036721,0.017022,-0.173466,-0.046238
48323,-0.229011,-0.101813,0.054432,-0.266718,-0.153352,-0.235409,0.030401,-0.110551,-0.109844,-0.333664,-0.31529,-0.094229,-0.321346,-0.18244
48325,-0.131437,-0.096046,0.024908,-0.274314,-0.190727,-0.130963,0.061382,-9e-06,-0.073617,-0.32664,-0.221958,-0.112197,-0.320474,-0.223582
48327,-0.151425,-0.305819,-0.111612,-0.386751,-0.340652,-0.351958,0.108972,-0.002655,-0.169196,-0.562546,-0.287232,-0.14777,-0.499648,-0.460458
48329,-0.10579,-0.125223,0.00287,-0.131394,-0.145846,-0.139008,0.046938,0.004657,0.026336,-0.315662,-0.096994,-0.168141,-0.244922,-0.202927
48331,-0.02486,-0.216419,-0.118043,-0.224156,-0.310987,-0.2372,0.095832,0.019036,-0.113064,-0.585127,-0.324041,-0.040513,-0.472718,-0.412799
48333,-0.088143,-0.261119,-0.114827,-0.305453,-0.32582,-0.294579,0.102402,0.00819,-0.14113,-0.573837,-0.305637,-0.094141,-0.486183,-0.436629
48335,-0.176626,-0.249421,-0.081613,-0.38449,-0.355359,-0.375142,0.077782,-0.006272,-0.204328,-0.542941,-0.309916,-0.167128,-0.433813,-0.451752
48337,-0.155173,-0.335274,-0.234564,-0.39995,-0.408138,-0.479358,-0.000777,-0.123471,-0.218446,-0.625165,-0.453564,-0.122258,-0.559948,-0.591501
48339,-0.078852,-0.087642,-0.091663,-0.11443,-0.081373,-0.037463,0.005875,0.016389,-0.114092,-0.301739,-0.149086,-0.031328,-0.22819,-0.559493
48341,0.070332,0.013504,0.050418,0.042419,0.014216,-0.098564,0.070515,0.062798,0.031293,-0.140907,-0.051162,0.010159,-0.054675,-0.069638
48343,-0.25221,-0.317363,-0.235017,-0.384517,-0.426142,-0.413186,-0.121817,-0.120397,-0.253546,-0.626873,-0.512148,-0.106278,-0.59172,-1.300518
48345,-0.163843,-0.23427,-0.056119,-0.305889,-0.309835,-0.421272,0.083776,-0.005563,-0.247462,-0.484728,-0.293777,-0.114733,-0.362394,-0.43032
48347,-0.126386,-0.18966,-0.135423,-0.172832,-0.193003,-0.104085,-0.004225,-0.012095,-0.1531,-0.438003,-0.274247,-0.080429,-0.319996,-1.065535
48349,-0.139657,-0.264679,-0.180761,-0.295364,-0.334568,-0.308457,-0.007747,-0.059232,-0.184539,-0.568792,-0.391,-0.087369,-0.486096,-0.842588
48351,-0.087196,-0.067689,-0.098125,-0.100558,-0.075952,-0.034283,-0.013467,-0.018242,-0.115431,-0.486159,-0.133687,-0.024473,-0.223758,-0.353813
48353,-0.176626,-0.249421,-0.081613,-0.38449,-0.355359,-0.375142,0.077782,-0.006272,-0.204328,-0.542941,-0.309916,-0.167128,-0.433813,-0.451752
48355,0.016443,0.017983,-0.011908,0.025757,0.025926,0.082745,0.010935,0.07161,-0.006482,-0.159646,0.020144,0.021499,-0.136635,0.014659
48357,-0.044829,-0.005156,-0.001729,-0.030525,-0.099668,-0.279971,0.209119,0.000909,-0.093694,-0.185822,-0.217025,0.177919,-0.202009,-0.143405
48359,0.066491,-0.007543,0.070245,0.033369,0.005462,-0.109983,0.082059,0.077285,0.062007,-0.176742,-0.049742,-0.012223,-0.030952,-0.060602
48361,-0.036393,0.034174,-0.062751,-0.005062,0.039878,0.044973,0.003302,0.03327,-0.056346,-0.143845,-0.007959,0.03294,-0.129129,-0.051982
48363,-0.155173,-0.335274,-0.234564,-0.39995,-0.408138,-0.479358,-0.000777,-0.123471,-0.218446,-0.625165,-0.453564,-0.122258,-0.559948,-0.591501
48365,-0.189298,-0.253511,-0.18522,-0.278675,-0.309573,-0.258635,-0.063021,-0.066246,-0.203323,-0.532438,-0.393197,-0.093353,-0.455858,-1.183026
48367,-0.155173,-0.335274,-0.234564,-0.39995,-0.408138,-0.479358,-0.000777,-0.123471,-0.218446,-0.625165,-0.453564,-0.122258,-0.559948,-0.591501
48369,0.066491,-0.007543,0.070245,0.033369,0.005462,-0.109983,0.082059,0.077285,0.062007,-0.176742,-0.049742,-0.012223,-0.030952,-0.060602
48371,-0.105603,-0.121501,-0.00015,-0.144376,-0.157281,-0.117029,0.029132,0.008904,0.044581,-0.281609,-0.091288,-0.173194,-0.241296,-0.192046
48373,-0.126386,-0.18966,-0.135423,-0.172832,-0.193003,-0.104085,-0.004225,-0.012095,-0.1531,-0.438003,-0.274247,-0.080429,-0.319996,-1.065535
48375,0.066491,-0.007543,0.070245,0.033369,0.005462,-0.109983,0.082059,0.077285,0.062007,-0.176742,-0.049742,-0.012223,-0.030952,-0.060602
48377,-0.098812,-0.139355,-0.054219,-0.212111,-0.231675,-0.130208,0.059689,0.048144,0.087853,-0.366026,-0.086595,-0.298171,-0.277866,-0.25355
48379,-0.25221,-0.317363,-0.235017,-0.384517,-0.426142,-0.413186,-0.121817,-0.120397,-0.253546,-0.626873,-0.512148,-0.106278,-0.59172,-1.300518
48381,0.066491,-0.007543,0.070245,0.033369,0.005462,-0.109983,0.082059,0.077285,0.062007,-0.176742,-0.049742,-0.012223,-0.030952,-0.060602
48383,-0.10579,-0.125223,0.00287,-0.131394,-0.145846,-0.139008,0.046938,0.004657,0.026336,-0.315662,-0.096994,-0.168141,-0.244922,-0.202927
48385,-0.131437,-0.096046,0.024908,-0.274314,-0.190727,-0.130963,0.061382,-9e-06,-0.073617,-0.32664,-0.221958,-0.112197,-0.320474,-0.223582
48387,-0.25221,-0.317363,-0.235017,-0.384517,-0.426142,-0.413186,-0.121817,-0.120397,-0.253546,-0.626873,-0.512148,-0.106278,-0.59172,-1.300518
48389,-0.082223,-0.156805,-0.002798,-0.164792,-0.196954,-0.152559,0.053913,0.030464,0.076452,-0.35702,-0.085621,-0.217534,-0.264578,-0.215828
48391,0.034396,-0.027234,-0.008551,-0.028434,-0.02852,0.042919,0.068012,0.085673,-0.00524,-0.330637,-0.043118,0.016647,-0.192007,-0.042631
48393,-0.085344,-0.140336,-0.031177,-0.130037,-0.174636,-0.362095,0.16504,-0.000164,-0.174579,-0.315972,-0.23599,0.067469,-0.27941,-0.280499
48395,-0.075623,-0.203039,-0.126733,-0.198494,-0.251995,-0.170642,0.045803,0.003471,-0.133082,-0.511565,-0.299144,-0.060471,-0.396357,-0.739167
48397,-0.155173,-0.335274,-0.234564,-0.39995,-0.408138,-0.479358,-0.000777,-0.123471,-0.218446,-0.625165,-0.453564,-0.122258,-0.559948,-0.591501
48399,-0.151425,-0.305819,-0.111612,-0.386751,-0.340652,-0.351958,0.108972,-0.002655,-0.169196,-0.562546,-0.287232,-0.14777,-0.499648,-0.460458
48401,-0.189298,-0.253511,-0.18522,-0.278675,-0.309573,-0.258635,-0.063021,-0.066246,-0.203323,-0.532438,-0.393197,-0.093353,-0.455858,-1.183026
48403,-0.137999,-0.169552,-0.133499,-0.196054,-0.191781,-0.113538,-0.030236,-0.069754,-0.174516,-0.828472,-0.259415,-0.081886,-0.318386,-0.655645
48405,-0.126386,-0.18966,-0.135423,-0.172832,-0.193003,-0.104085,-0.004225,-0.012095,-0.1531,-0.438003,-0.274247,-0.080429,-0.319996,-1.065535
48407,-0.126386,-0.18966,-0.135423,-0.172832,-0.193003,-0.104085,-0.004225,-0.012095,-0.1531,-0.438003,-0.274247,-0.080429,-0.319996,-1.065535
48409,0.016443,0.017983,-0.011908,0.025757,0.025926,0.082745,0.010935,0.07161,-0.006482,-0.159646,0.020144,0.021499,-0.136635,0.014659
48411,-0.088143,-0.261119,-0.114827,-0.305453,-0.32582,-0.294579,0.102402,0.00819,-0.14113,-0.573837,-0.305637,-0.094141,-0.486183,-0.436629
48413,-0.151425,-0.305819,-0.111612,-0.386751,-0.340652,-0.351958,0.108972,-0.002655,-0.169196,-0.562546,-0.287232,-0.14777,-0.499648,-0.460458
48415,-0.201827,-0.193023,-0.051615,-0.382229,-0.370066,-0.398325,0.046592,-0.009889,-0.239459,-0.523336,-0.332599,-0.186485,-0.367978,-0.443046
48417,-0.201827,-0.193023,-0.051615,-0.382229,-0.370066,-0.398325,0.046592,-0.009889,-0.239459,-0.523336,-0.332599,-0.186485,-0.367978,-0.443046
48419,-0.126386,-0.18966,-0.135423,-0.172832,-0.193003,-0.104085,-0.004225,-0.012095,-0.1531,-0.438003,-0.274247,-0.080429,-0.319996,-1.065535
48421,0.074173,0.034552,0.030591,0.051469,0.02297,-0.087145,0.058972,0.04831,0.000578,-0.105072,-0.052582,0.03254,-0.078398,-0.078674
48423,-0.189298,-0.253511,-0.18522,-0.278675,-0.309573,-0.258635,-0.063021,-0.066246,-0.203323,-0.532438,-0.393197,-0.093353,-0.455858,-1.183026
48425,-0.090016,-0.275847,-0.176303,-0.312053,-0.359562,-0.358279,0.047527,-0.052218,-0.165755,-0.605146,-0.388802,-0.081385,-0.516333,-0.50215
48427,-0.105519,-0.025705,0.059164,-0.103418,-0.045895,-0.03044,-0.021172,0.00876,-0.062976,-0.199421,-0.096949,-0.049128,-0.181424,-0.041682
48429,-0.1785,-0.264149,-0.143089,-0.39109,-0.389102,-0.438842,0.022907,-0.06668,-0.228953,-0.57425,-0.393082,-0.154371,-0.463963,-0.517273
48431,-0.128607,-0.215521,-0.054371,-0.259073,-0.243249,-0.245483,0.077955,0.001001,-0.07143,-0.439104,-0.192113,-0.157956,-0.372285,-0.331693
48433,-0.201827,-0.193023,-0.051615,-0.382229,-0.370066,-0.398325,0.046592,-0.009889,-0.239459,-0.523336,-0.332599,-0.186485,-0.367978,-0.443046
48435,-0.141431,-0.200932,-0.043352,-0.330533,-0.26569,-0.241461,0.085177,-0.001332,-0.121407,-0.444593,-0.254595,-0.129984,-0.410061,-0.34202
48437,0.066491,-0.007543,0.070245,0.033369,0.005462,-0.109983,0.082059,0.077285,0.062007,-0.176742,-0.049742,-0.012223,-0.030952,-0.060602
48439,-0.155173,-0.335274,-0.234564,-0.39995,-0.408138,-0.479358,-0.000777,-0.123471,-0.218446,-0.625165,-0.453564,-0.122258,-0.559948,-0.591501
48441,-0.176626,-0.249421,-0.081613,-0.38449,-0.355359,-0.375142,0.077782,-0.006272,-0.204328,-0.542941,-0.309916,-0.167128,-0.433813,-0.451752
48443,-0.105603,-0.121501,-0.00015,-0.144376,-0.157281,-0.117029,0.029132,0.008904,0.044581,-0.281609,-0.091288,-0.173194,-0.241296,-0.192046
48445,-0.106354,-0.21529,0.049753,-0.157435,-0.303774,-0.217075,0.047497,0.073297,-0.00992,-0.399393,-0.18403,-0.179705,-0.217329,-0.284987
48447,-0.201827,-0.193023,-0.051615,-0.382229,-0.370066,-0.398325,0.046592,-0.009889,-0.239459,-0.523336,-0.332599,-0.186485,-0.367978,-0.443046
48449,-0.25221,-0.317363,-0.235017,-0.384517,-0.426142,-0.413186,-0.121817,-0.120397,-0.253546,-0.626873,-0.512148,-0.106278,-0.59172,-1.300518
48451,-0.128607,-0.215521,-0.054371,-0.259073,-0.243249,-0.245483,0.077955,0.001001,-0.07143,-0.439104,-0.192113,-0.157956,-0.372285,-0.331693
48453,0.013744,-0.144435,-0.061618,-0.15339,-0.196977,-0.117053,0.110461,0.059387,-0.058531,-0.543377,-0.215211,-0.014359,-0.360049,-0.25636
48455,-0.126386,-0.18966,-0.135423,-0.172832,-0.193003,-0.104085,-0.004225,-0.012095,-0.1531,-0.438003,-0.274247,-0.080429,-0.319996,-1.065535
48457,-0.126386,-0.18966,-0.135423,-0.172832,-0.193003,-0.104085,-0.004225,-0.012095,-0.1531,-0.438003,-0.274247,-0.080429,-0.319996,-1.065535
48459,-0.25221,-0.317363,-0.235017,-0.384517,-0.426142,-0.413186,-0.121817,-0.120397,-0.253546,-0.626873,-0.512148,-0.106278,-0.59172,-1.300518
48461,-0.10579,-0.125223,0.00287,-0.131394,-0.145846,-0.139008,0.046938,0.004657,0.026336,-0.315662,-0.096994,-0.168141,-0.244922,-0.202927
48463,-0.131437,-0.096046,0.024908,-0.274314,-0.190727,-0.130963,0.061382,-9e-06,-0.073617,-0.32664,-0.221958,-0.112197,-0.320474,-0.223582
48465,-0.118427,-0.106913,0.01087,-0.215836,-0.179722,-0.113007,0.036354,0.006571,-0.005396,-0.287098,-0.15377,-0.145222,-0.279072,-0.202374
48467,-0.25221,-0.317363,-0.235017,-0.384517,-0.426142,-0.413186,-0.121817,-0.120397,-0.253546,-0.626873,-0.512148,-0.106278,-0.59172,-1.300518
48469,0.052349,-0.072451,-0.005194,-0.082625,-0.082966,0.003093,0.125089,0.099737,-0.003998,-0.501627,-0.106381,0.011795,-0.247379,-0.099921
48471,-0.126386,-0.18966,-0.135423,-0.172832,-0.193003,-0.104085,-0.004225,-0.012095,-0.1531,-0.438003,-0.274247,-0.080429,-0.319996,-1.065535
48473,-0.031319,0.014376,-0.047902,-0.056027,0.030257,0.02916,0.015975,0.044872,-0.075084,-0.165476,-0.023926,0.017773,-0.136384,-0.053451
48475,-0.10579,-0.125223,0.00287,-0.131394,-0.145846,-0.139008,0.046938,0.004657,0.026336,-0.315662,-0.096994,-0.168141,-0.244922,-0.202927
48477,-0.032554,-0.116039,-0.07664,-0.13391,-0.139175,-0.077258,0.058168,0.037888,-0.086311,-0.422558,-0.182149,-0.022843,-0.294119,-0.407926
48479,-0.326586,-0.10758,0.083957,-0.259123,-0.115977,-0.339855,-0.000579,-0.221093,-0.14607,-0.340688,-0.408623,-0.076262,-0.322217,-0.141297
48481,0.010515,-0.029038,-0.026548,-0.069326,-0.026355,0.016127,0.070532,0.072305,-0.039541,-0.333551,-0.065153,0.014784,-0.191881,-0.076686
48483,-0.125859,-0.275516,-0.060624,-0.229548,-0.249603,-0.444219,0.120961,-0.001238,-0.255464,-0.446121,-0.254954,-0.042981,-0.356811,-0.417594
48485,-0.156464,-0.233062,-0.118503,-0.322355,-0.3298,-0.445982,0.057462,-0.063526,-0.265399,-0.524713,-0.37783,-0.0883,-0.429308,-0.523181
48487,-0.163843,-0.23427,-0.056119,-0.305889,-0.309835,-0.421272,0.083776,-0.005563,-0.247462,-0.484728,-0.293777,-0.114733,-0.362394,-0.43032
48489,-0.004616,0.042609,0.011602,0.044745,0.034491,0.10099,-0.005533,0.087046,0.011228,-0.133822,0.047141,-0.010166,-0.117802,0.020047
48491,-0.02486,-0.216419,-0.118043,-0.224156,-0.310987,-0.2372,0.095832,0.019036,-0.113064,-0.585127,-0.324041,-0.040513,-0.472718,-0.412799
48493,0.052349,-0.072451,-0.005194,-0.082625,-0.082966,0.003093,0.125089,0.099737,-0.003998,-0.501627,-0.106381,0.011795,-0.247379,-0.099921
48495,-0.10579,-0.125223,0.00287,-0.131394,-0.145846,-0.139008,0.046938,0.004657,0.026336,-0.315662,-0.096994,-0.168141,-0.244922,-0.202927
48497,-0.155173,-0.335274,-0.234564,-0.39995,-0.408138,-0.479358,-0.000777,-0.123471,-0.218446,-0.625165,-0.453564,-0.122258,-0.559948,-0.591501
48499,-0.25221,-0.317363,-0.235017,-0.384517,-0.426142,-0.413186,-0.121817,-0.120397,-0.253546,-0.626873,-0.512148,-0.106278,-0.59172,-1.300518
48501,-0.106354,-0.21529,0.049753,-0.157435,-0.303774,-0.217075,0.047497,0.073297,-0.00992,-0.399393,-0.18403,-0.179705,-0.217329,-0.284987
48503,-0.1785,-0.264149,-0.143089,-0.39109,-0.389102,-0.438842,0.022907,-0.06668,-0.228953,-0.57425,-0.393082,-0.154371,-0.463963,-0.517273
48505,-0.326586,-0.10758,0.083957,-0.259123,-0.115977,-0.339855,-0.000579,-0.221093,-0.14607,-0.340688,-0.408623,-0.076262,-0.322217,-0.141297
48507,-0.131437,-0.096046,0.024908,-0.274314,-0.190727,-0.130963,0.061382,-9e-06,-0.073617,-0.32664,-0.221958,-0.112197,-0.320474,-0.223582
49001,0.025047,-0.011823,-0.100233,0.019477,0.093938,-0.117124,0.087746,0.220461,-0.015441,-0.093617,0.006663,0.022657,-0.103017,0.052427
49003,-0.02939,0.05812,-0.121234,0.037093,0.105551,-0.128778,0.213255,0.281525,-0.117636,-0.077923,0.083825,0.157754,-0.069767,0.093254
49005,-0.040302,0.01467,-0.129829,0.022786,0.023674,-0.196914,0.139804,0.211765,-0.133356,-0.167267,0.011935,0.119417,-0.13058,0.017821
49007,0.056497,-0.000553,-0.035948,-0.07759,-0.062557,-0.12324,0.256568,0.217808,0.01829,-0.271252,-0.080146,0.089305,-0.223104,-0.008267
49009,0.018049,0.08069,-0.108618,-0.128542,-0.077894,-0.124525,0.274537,0.156802,-0.082216,-0.262864,-0.103965,0.082465,-0.213679,-0.071235
49011,0.042923,0.009722,-0.133643,-0.027786,0.052856,-0.173736,0.157375,0.220397,-0.048388,-0.214745,-0.020286,0.12734,-0.126651,0.02565
49013,0.018049,0.08069,-0.108618,-0.128542,-0.077894,-0.124525,0.274537,0.156802,-0.082216,-0.262864,-0.103965,0.082465,-0.213679,-0.071235
49015,0.059768,-0.080056,-0.030517,-0.059306,-0.006098,-0.139484,0.171142,0.241777,0.056328,-0.218494,-0.045346,0.044008,-0.198851,0.034189
49017,0.046202,-0.023274,-0.016428,-0.057249,-0.024301,-0.136561,0.144049,0.214013,0.06599,-0.240932,-0.065521,-0.035077,-0.183764,0.046255
49019,0.094946,-0.081797,0.036721,-0.026639,-0.047221,-0.121954,0.238599,0.278814,0.118795,-0.279639,-0.056327,0.096145,-0.232529,0.054702
49021,0.044076,0.052248,-0.068147,0.014509,0.068093,-0.100384,0.084524,0.237617,0.025271,-0.105948,0.010574,0.013151,-0.100492,0.081769
49023,0.028193,0.008206,-0.107704,0.009258,0.10437,-0.127607,0.186087,0.256002,-0.034844,-0.095863,0.036135,0.099436,-0.08137,0.064064
49025,0.032636,0.033508,-0.002339,-0.055192,-0.042504,-0.133637,0.116955,0.186249,0.075652,-0.26337,-0.085696,-0.114161,-0.168678,0.058321
49027,0.025047,-0.011823,-0.100233,0.019477,0.093938,-0.117124,0.087746,0.220461,-0.015441,-0.093617,0.006663,0.022657,-0.103017,0.052427
49029,0.030486,0.045206,-0.121131,-0.078164,-0.012519,-0.149131,0.215956,0.1886,-0.065302,-0.238805,-0.062126,0.104902,-0.170165,-0.022792
49031,0.02459,-0.078315,-0.097755,-0.091974,0.035024,-0.157015,0.103685,0.20474,-0.006139,-0.157348,-0.034366,-0.008129,-0.165172,0.013676
49033,-0.068909,-0.028491,-0.134985,-0.058203,-0.083723,-0.194279,0.133393,0.165948,-0.220916,-0.210829,-0.101113,0.078985,-0.185015,-0.070261
49035,0.042923,0.009722,-0.133643,-0.027786,0.052856,-0.173736,0.157375,0.220397,-0.048388,-0.214745,-0.020286,0.12734,-0.126651,0.02565
49037,0.053406,-0.004927,0.010681,-0.045674,-0.044076,-0.129743,0.157503,0.217104,0.090033,-0.268793,-0.075907,-0.044059,-0.189962,0.057115
49039,0.045127,-0.017425,-0.075824,-0.068735,-0.009308,-0.144307,0.193549,0.215188,-0.004487,-0.228649,-0.053736,0.074455,-0.184508,0.005698
49041,0.02459,-0.078315,-0.097755,-0.091974,0.035024,-0.157015,0.103685,0.20474,-0.006139,-0.157348,-0.034366,-0.008129,-0.165172,0.013676
49043,0.030486,0.045206,-0.121131,-0.078164,-0.012519,-0.149131,0.215956,0.1886,-0.065302,-0.238805,-0.062126,0.104902,-0.170165,-0.022792
49045,0.03134,0.028236,-0.115174,-0.000961,0.114802,-0.138091,0.284428,0.291544,-0.054246,-0.098108,0.065608,0.176215,-0.059723,0.075702
49047,0.056497,-0.000553,-0.035948,-0.07759,-0.062557,-0.12324,0.256568,0.217808,0.01829,-0.271252,-0.080146,0.089305,-0.223104,-0.008267
49049,0.028521,0.004032,-0.113339,-0.082767,0.003329,-0.151759,0.178532,0.19398,-0.045581,-0.211653,-0.052873,0.067225,-0.168501,-0.010636
49051,0.030486,0.045206,-0.121131,-0.078164,-0.012519,-0.149131,0.215956,0.1886,-0.065302,-0.238805,-0.062126,0.104902,-0.170165,-0.022792
49053,0.063106,0.11632,-0.036061,0.009541,0.042247,-0.083643,0.081302,0.254772,0.065982,-0.118279,0.014485,0.003644,-0.097968,0.111111
49055,0.059768,-0.080056,-0.030517,-0.059306,-0.006098,-0.139484,0.171142,0.241777,0.056328,-0.218494,-0.045346,0.044008,-0.198851,0.034189
49057,0.042923,0.009722,-0.133643,-0.027786,0.052856,-0.173736,0.157375,0.220397,-0.048388,-0.214745,-0.020286,0.12734,-0.126651,0.02565
50001,-0.046611,-0.100826,-0.133505,0.001721,0.014234,-0.129261,-0.117109,-0.273882,-0.141094,0.10915,-0.118497,0.076829,-0.039091,-0.066691
50003,-0.004633,-0.04714,-0.084394,0.044029,0.046731,-0.129632,-0.103387,-0.317096,-0.111978,0.14301,-0.091738,0.125104,-0.023199,-0.065299
50005,-0.046611,-0.100826,-0.133505,0.001721,0.014234,-0.129261,-0.117109,-0.273882,-0.141094,0.10915,-0.118497,0.076829,-0.039091,-0.066691
50007,-0.046611,-0.100826,-0.133505,0.001721,0.014234,-0.129261,-0.117109,-0.273882,-0.141094,0.10915,-0.118497,0.076829,-0.039091,-0.066691
50009,-0.046611,-0.100826,-0.133505,0.001721,0.014234,-0.129261,-0.117109,-0.273882,-0.141094,0.10915,-0.118497,0.076829,-0.039091,-0.066691
05001,-0.099657,-0.138002,-0.099784,-0.210712,-0.233965,-0.133276,0.040527,-0.213235,-0.211195,-0.337286,-0.233439,0.03806,-0.226303,-1.164989
50011,-0.046611,-0.100826,-0.133505,0.001721,0.014234,-0.129261,-0.117109,-0.273882,-0.141094,0.10915,-0.118497,0.076829,-0.039091,-0.066691
50013,-0.046611,-0.100826,-0.133505,0.001721,0.014234,-0.129261,-0.117109,-0.273882,-0.141094,0.10915,-0.118497,0.076829,-0.039091,-0.066691
50015,-0.046611,-0.100826,-0.133505,0.001721,0.014234,-0.129261,-0.117109,-0.273882,-0.141094,0.10915,-0.118497,0.076829,-0.039091,-0.066691
50017,-0.046611,-0.100826,-0.133505,0.001721,0.014234,-0.129261,-0.117109,-0.273882,-0.141094,0.10915,-0.118497,0.076829,-0.039091,-0.066691
50019,-0.046611,-0.100826,-0.133505,0.001721,0.014234,-0.129261,-0.117109,-0.273882,-0.141094,0.10915,-0.118497,0.076829,-0.039091,-0.066691
50021,-0.025622,-0.073983,-0.10895,0.022875,0.030482,-0.129447,-0.110248,-0.295489,-0.126536,0.12608,-0.105118,0.100966,-0.031145,-0.065995
50023,-0.046611,-0.100826,-0.133505,0.001721,0.014234,-0.129261,-0.117109,-0.273882,-0.141094,0.10915,-0.118497,0.076829,-0.039091,-0.066691
50025,-0.004633,-0.04714,-0.084394,0.044029,0.046731,-0.129632,-0.103387,-0.317096,-0.111978,0.14301,-0.091738,0.125104,-0.023199,-0.065299
50027,-0.025622,-0.073983,-0.10895,0.022875,0.030482,-0.129447,-0.110248,-0.295489,-0.126536,0.12608,-0.105118,0.100966,-0.031145,-0.065995
05003,-0.164126,-0.150374,-0.139009,-0.226149,-0.275651,-0.160841,-0.041548,-0.127411,-0.173249,-0.427423,-0.274744,-0.065683,-0.326846,-1.718649
05005,-0.01115,-0.224705,0.01716,-0.231563,-0.365533,-0.154494,0.059378,-0.314056,-0.37962,-0.395059,-0.380633,0.072518,-0.235383,-1.0925
05007,-0.002724,-0.065912,0.06361,-0.033941,-0.207715,-0.168414,0.009358,-0.148542,-0.280024,-0.285072,-0.29539,0.246835,-0.19266,-0.418281
05009,0.143451,-0.290522,0.148881,-0.230211,-0.417891,-0.040987,0.128394,-0.404693,-0.476507,-0.423982,-0.458494,0.109677,-0.110883,-0.821884
05011,-0.164126,-0.150374,-0.139009,-0.226149,-0.275651,-0.160841,-0.041548,-0.127411,-0.173249,-0.427423,-0.274744,-0.065683,-0.326846,-1.718649
05013,-0.164126,-0.150374,-0.139009,-0.226149,-0.275651,-0.160841,-0.041548,-0.127411,-0.173249,-0.427423,-0.274744,-0.065683,-0.326846,-1.718649
05015,0.070364,-0.178217,0.106245,-0.132076,-0.312803,-0.104701,0.068876,-0.276617,-0.378266,-0.354527,-0.376942,0.178256,-0.151771,-0.620082
05017,-0.120433,-0.131317,-0.123763,-0.224201,-0.223131,-0.083566,-0.005832,-0.210111,-0.170855,-0.369712,-0.225195,-0.038129,-0.244845,-1.387352
05019,-0.164939,-0.154631,-0.126784,-0.229532,-0.294413,-0.214421,-0.025592,-0.175415,-0.227991,-0.396779,-0.288758,-0.015162,-0.343364,-1.540882
05021,-0.061886,-0.175558,-0.141266,-0.134287,-0.245282,-0.235532,0.107116,-0.316646,-0.306828,-0.253269,-0.332717,-0.053581,-0.160526,-0.605676
05023,-0.165752,-0.158888,-0.11456,-0.232915,-0.313174,-0.268001,-0.009637,-0.22342,-0.282733,-0.366135,-0.302772,0.035359,-0.359883,-1.363116
05025,-0.164126,-0.150374,-0.139009,-0.226149,-0.275651,-0.160841,-0.041548,-0.127411,-0.173249,-0.427423,-0.274744,-0.065683,-0.326846,-1.718649
05027,-0.164126,-0.150374,-0.139009,-0.226149,-0.275651,-0.160841,-0.041548,-0.127411,-0.173249,-0.427423,-0.274744,-0.065683,-0.326846,-1.718649
05029,-0.165752,-0.158888,-0.11456,-0.232915,-0.313174,-0.268001,-0.009637,-0.22342,-0.282733,-0.366135,-0.302772,0.035359,-0.359883,-1.363116
05031,0.007989,-0.130486,-0.037048,-0.161533,-0.176425,-0.097973,0.183409,-0.2093,-0.220337,-0.243585,-0.180594,0.193138,-0.055638,-0.522135
05033,-0.222407,-0.193979,-0.109749,-0.266472,-0.365962,-0.416792,-0.028825,-0.209192,-0.291451,-0.421488,-0.474848,0.009418,-0.472312,-1.244469
05035,0.007989,-0.130486,-0.037048,-0.161533,-0.176425,-0.097973,0.183409,-0.2093,-0.220337,-0.243585,-0.180594,0.193138,-0.055638,-0.522135
05037,0.007989,-0.130486,-0.037048,-0.161533,-0.176425,-0.097973,0.183409,-0.2093,-0.220337,-0.243585,-0.180594,0.193138,-0.055638,-0.522135
05039,-0.164939,-0.154631,-0.126784,-0.229532,-0.294413,-0.214421,-0.025592,-0.175415,-0.227991,-0.396779,-0.288758,-0.015162,-0.343364,-1.540882
05041,-0.077626,-0.13104,-0.094858,-0.203311,-0.207563,-0.088368,0.057248,-0.20984,-0.187349,-0.32767,-0.210328,0.03896,-0.181776,-1.098946
05043,-0.164126,-0.150374,-0.139009,-0.226149,-0.275651,-0.160841,-0.041548,-0.127411,-0.173249,-0.427423,-0.274744,-0.065683,-0.326846,-1.718649
05045,-0.165752,-0.158888,-0.11456,-0.232915,-0.313174,-0.268001,-0.009637,-0.22342,-0.282733,-0.366135,-0.302772,0.035359,-0.359883,-1.363116
05047,-0.19408,-0.176434,-0.112154,-0.249693,-0.339568,-0.342397,-0.019231,-0.216306,-0.287092,-0.393812,-0.38881,0.022388,-0.416098,-1.303792
05049,0.143451,-0.290522,0.148881,-0.230211,-0.417891,-0.040987,0.128394,-0.404693,-0.476507,-0.423982,-0.458494,0.109677,-0.110883,-0.821884
05051,-0.165752,-0.158888,-0.11456,-0.232915,-0.313174,-0.268001,-0.009637,-0.22342,-0.282733,-0.366135,-0.302772,0.035359,-0.359883,-1.363116
05053,-0.164939,-0.154631,-0.126784,-0.229532,-0.294413,-0.214421,-0.025592,-0.175415,-0.227991,-0.396779,-0.288758,-0.015162,-0.343364,-1.540882
05055,-0.026948,-0.153022,-0.089157,-0.14791,-0.210854,-0.166752,0.145262,-0.262973,-0.263582,-0.248427,-0.256655,0.069778,-0.108082,-0.563905
05057,-0.214889,-0.243318,-0.156771,-0.331974,-0.373175,-0.272897,-0.073907,-0.120478,-0.204841,-0.538087,-0.414728,-0.096096,-0.477296,-1.499731
05059,-0.165752,-0.158888,-0.11456,-0.232915,-0.313174,-0.268001,-0.009637,-0.22342,-0.282733,-0.366135,-0.302772,0.035359,-0.359883,-1.363116
05061,-0.244029,-0.265121,-0.142141,-0.352135,-0.418331,-0.400872,-0.067546,-0.161368,-0.263942,-0.535119,-0.51478,-0.058546,-0.550029,-1.262641
05063,-0.078881,-0.144687,-0.075804,-0.197224,-0.2448,-0.182987,0.086886,-0.21636,-0.251535,-0.30486,-0.241683,0.114248,-0.20776,-0.942625
05065,-0.01115,-0.224705,0.01716,-0.231563,-0.365533,-0.154494,0.059378,-0.314056,-0.37962,-0.395059,-0.380633,0.072518,-0.235383,-1.0925
05067,-0.078881,-0.144687,-0.075804,-0.197224,-0.2448,-0.182987,0.086886,-0.21636,-0.251535,-0.30486,-0.241683,0.114248,-0.20776,-0.942625
05069,-0.164939,-0.154631,-0.126784,-0.229532,-0.294413,-0.214421,-0.025592,-0.175415,-0.227991,-0.396779,-0.288758,-0.015162,-0.343364,-1.540882
05071,-0.165752,-0.158888,-0.11456,-0.232915,-0.313174,-0.268001,-0.009637,-0.22342,-0.282733,-0.366135,-0.302772,0.035359,-0.359883,-1.363116
05073,-0.214889,-0.243318,-0.156771,-0.331974,-0.373175,-0.272897,-0.073907,-0.120478,-0.204841,-0.538087,-0.414728,-0.096096,-0.477296,-1.499731
05075,-0.019049,-0.188863,-0.035998,-0.189736,-0.288193,-0.160623,0.10232,-0.288514,-0.321601,-0.321743,-0.318644,0.071148,-0.171732,-0.828203
05077,0.007989,-0.130486,-0.037048,-0.161533,-0.176425,-0.097973,0.183409,-0.2093,-0.220337,-0.243585,-0.180594,0.193138,-0.055638,-0.522135
05079,-0.164939,-0.154631,-0.126784,-0.229532,-0.294413,-0.214421,-0.025592,-0.175415,-0.227991,-0.396779,-0.288758,-0.015162,-0.343364,-1.540882
05081,-0.265651,-0.336263,-0.174533,-0.437798,-0.470699,-0.384952,-0.106266,-0.113545,-0.236434,-0.648751,-0.554712,-0.12651,-0.627746,-1.280813
05083,-0.19408,-0.176434,-0.112154,-0.249693,-0.339568,-0.342397,-0.019231,-0.216306,-0.287092,-0.393812,-0.38881,0.022388,-0.416098,-1.303792
05085,-0.165752,-0.158888,-0.11456,-0.232915,-0.313174,-0.268001,-0.009637,-0.22342,-0.282733,-0.366135,-0.302772,0.035359,-0.359883,-1.363116
05087,-0.061858,-0.177325,-0.002955,-0.190885,-0.326186,-0.223549,0.024822,-0.246461,-0.332679,-0.374169,-0.382876,0.100322,-0.283934,-0.961937
05089,0.143451,-0.290522,0.148881,-0.230211,-0.417891,-0.040987,0.128394,-0.404693,-0.476507,-0.423982,-0.458494,0.109677,-0.110883,-0.821884
05091,-0.214889,-0.243318,-0.156771,-0.331974,-0.373175,-0.272897,-0.073907,-0.120478,-0.204841,-0.538087,-0.414728,-0.096096,-0.477296,-1.499731
05093,-0.026948,-0.153022,-0.089157,-0.14791,-0.210854,-0.166752,0.145262,-0.262973,-0.263582,-0.248427,-0.256655,0.069778,-0.108082,-0.563905
05095,-0.078881,-0.144687,-0.075804,-0.197224,-0.2448,-0.182987,0.086886,-0.21636,-0.251535,-0.30486,-0.241683,0.114248,-0.20776,-0.942625
05097,-0.19408,-0.176434,-0.112154,-0.249693,-0.339568,-0.342397,-0.019231,-0.216306,-0.287092,-0.393812,-0.38881,0.022388,-0.416098,-1.303792
05099,-0.164126,-0.150374,-0.139009,-0.226149,-0.275651,-0.160841,-0.041548,-0.127411,-0.173249,-0.427423,-0.274744,-0.065683,-0.326846,-1.718649
51001,-0.034355,0.076683,-0.040907,0.110966,-0.016847,-0.035404,-0.172163,-0.212408,-0.110163,0.122386,-0.13319,0.00471,-0.038416,-0.076261
51003,-0.048753,0.016105,-0.009135,0.094355,-0.044339,-0.078811,-0.145013,-0.219389,-0.33422,0.097956,-0.163765,-0.00073,-0.015407,-0.158199
51005,-0.044343,0.025163,-0.003435,0.086587,-0.038337,-0.068606,-0.122316,-0.179649,-0.340512,0.079729,-0.151603,0.004746,-0.007493,-0.179888
51007,-0.065893,0.055115,0.003995,0.114076,-0.040813,-0.066078,-0.146569,-0.203588,-0.327762,0.096246,-0.138078,-0.010473,-0.013414,-0.12726
51009,-0.070352,0.050109,-0.00388,0.096241,-0.02012,-0.052696,-0.132851,-0.161842,-0.355558,0.071036,-0.142261,-0.005566,-0.020536,-0.168986
05101,-0.01115,-0.224705,0.01716,-0.231563,-0.365533,-0.154494,0.059378,-0.314056,-0.37962,-0.395059,-0.380633,0.072518,-0.235383,-1.0925
51011,-0.068123,0.052612,5.7e-05,0.105158,-0.030466,-0.059387,-0.13971,-0.182715,-0.34166,0.083641,-0.14017,-0.00802,-0.016975,-0.148123
51013,-0.062034,-0.007017,-0.028409,0.092055,-0.03565,-0.085839,-0.17669,-0.257123,-0.349432,0.109201,-0.192273,-0.006773,-0.038357,-0.156548
51015,-0.05024,0.014436,-0.01176,0.08841,-0.037441,-0.07435,-0.14044,-0.205474,-0.343486,0.089553,-0.16516,0.000906,-0.017781,-0.172108
51017,-0.044343,0.025163,-0.003435,0.086587,-0.038337,-0.068606,-0.122316,-0.179649,-0.340512,0.079729,-0.151603,0.004746,-0.007493,-0.179888
51019,-0.070352,0.050109,-0.00388,0.096241,-0.02012,-0.052696,-0.132851,-0.161842,-0.355558,0.071036,-0.142261,-0.005566,-0.020536,-0.168986
51021,-0.058854,0.040105,-0.000777,0.09715,-0.027622,-0.045746,-0.126168,-0.165488,-0.24763,0.055895,-0.149615,0.005392,-0.179527,-0.184739
51023,-0.070352,0.050109,-0.00388,0.096241,-0.02012,-0.052696,-0.132851,-0.161842,-0.355558,0.071036,-0.142261,-0.005566,-0.020536,-0.168986
51025,-0.065893,0.055115,0.003995,0.114076,-0.040813,-0.066078,-0.146569,-0.203588,-0.327762,0.096246,-0.138078,-0.010473,-0.013414,-0.12726
51027,-0.047356,0.030101,0.002327,0.09806,-0.035124,-0.038796,-0.119484,-0.169135,-0.139703,0.040755,-0.156969,0.016349,-0.338517,-0.200492
51029,-0.068123,0.052612,5.7e-05,0.105158,-0.030466,-0.059387,-0.13971,-0.182715,-0.34166,0.083641,-0.14017,-0.00802,-0.016975,-0.148123
05103,-0.164126,-0.150374,-0.139009,-0.226149,-0.275651,-0.160841,-0.041548,-0.127411,-0.173249,-0.427423,-0.274744,-0.065683,-0.326846,-1.718649
51031,-0.070352,0.050109,-0.00388,0.096241,-0.02012,-0.052696,-0.132851,-0.161842,-0.355558,0.071036,-0.142261,-0.005566,-0.020536,-0.168986
51033,-0.063964,0.024049,-0.012207,0.103065,-0.038231,-0.075958,-0.16163,-0.230355,-0.338597,0.102723,-0.165176,-0.008623,-0.025886,-0.141904
51035,-0.070352,0.050109,-0.00388,0.096241,-0.02012,-0.052696,-0.132851,-0.161842,-0.355558,0.071036,-0.142261,-0.005566,-0.020536,-0.168986
51036,-0.065893,0.055115,0.003995,0.114076,-0.040813,-0.066078,-0.146569,-0.203588,-0.327762,0.096246,-0.138078,-0.010473,-0.013414,-0.12726
51037,-0.068123,0.052612,5.7e-05,0.105158,-0.030466,-0.059387,-0.13971,-0.182715,-0.34166,0.083641,-0.14017,-0.00802,-0.016975,-0.148123
51041,-0.065893,0.055115,0.003995,0.114076,-0.040813,-0.066078,-0.146569,-0.203588,-0.327762,0.096246,-0.138078,-0.010473,-0.013414,-0.12726
51043,-0.062034,-0.007017,-0.028409,0.092055,-0.03565,-0.085839,-0.17669,-0.257123,-0.349432,0.109201,-0.192273,-0.006773,-0.038357,-0.156548
51045,-0.070352,0.050109,-0.00388,0.096241,-0.02012,-0.052696,-0.132851,-0.161842,-0.355558,0.071036,-0.142261,-0.005566,-0.020536,-0.168986
51047,-0.062034,-0.007017,-0.028409,0.092055,-0.03565,-0.085839,-0.17669,-0.257123,-0.349432,0.109201,-0.192273,-0.006773,-0.038357,-0.156548
51049,-0.065893,0.055115,0.003995,0.114076,-0.040813,-0.066078,-0.146569,-0.203588,-0.327762,0.096246,-0.138078,-0.010473,-0.013414,-0.12726
05105,-0.165752,-0.158888,-0.11456,-0.232915,-0.313174,-0.268001,-0.009637,-0.22342,-0.282733,-0.366135,-0.302772,0.035359,-0.359883,-1.363116
51051,-0.047356,0.030101,0.002327,0.09806,-0.035124,-0.038796,-0.119484,-0.169135,-0.139703,0.040755,-0.156969,0.016349,-0.338517,-0.200492
51053,-0.065893,0.055115,0.003995,0.114076,-0.040813,-0.066078,-0.146569,-0.203588,-0.327762,0.096246,-0.138078,-0.010473,-0.013414,-0.12726
51057,-0.063964,0.024049,-0.012207,0.103065,-0.038231,-0.075958,-0.16163,-0.230355,-0.338597,0.102723,-0.165176,-0.008623,-0.025886,-0.141904
51059,-0.062034,-0.007017,-0.028409,0.092055,-0.03565,-0.085839,-0.17669,-0.257123,-0.349432,0.109201,-0.192273,-0.006773,-0.038357,-0.156548
51061,-0.062034,-0.007017,-0.028409,0.092055,-0.03565,-0.085839,-0.17669,-0.257123,-0.349432,0.109201,-0.192273,-0.006773,-0.038357,-0.156548
51063,-0.070352,0.050109,-0.00388,0.096241,-0.02012,-0.052696,-0.132851,-0.161842,-0.355558,0.071036,-0.142261,-0.005566,-0.020536,-0.168986
51065,-0.063964,0.024049,-0.012207,0.103065,-0.038231,-0.075958,-0.16163,-0.230355,-0.338597,0.102723,-0.165176,-0.008623,-0.025886,-0.141904
51067,-0.070352,0.050109,-0.00388,0.096241,-0.02012,-0.052696,-0.132851,-0.161842,-0.355558,0.071036,-0.142261,-0.005566,-0.020536,-0.168986
51069,-0.062034,-0.007017,-0.028409,0.092055,-0.03565,-0.085839,-0.17669,-0.257123,-0.349432,0.109201,-0.192273,-0.006773,-0.038357,-0.156548
05107,0.007989,-0.130486,-0.037048,-0.161533,-0.176425,-0.097973,0.183409,-0.2093,-0.220337,-0.243585,-0.180594,0.193138,-0.055638,-0.522135
51071,-0.070352,0.050109,-0.00388,0.096241,-0.02012,-0.052696,-0.132851,-0.161842,-0.355558,0.071036,-0.142261,-0.005566,-0.020536,-0.168986
51073,-0.065893,0.055115,0.003995,0.114076,-0.040813,-0.066078,-0.146569,-0.203588,-0.327762,0.096246,-0.138078,-0.010473,-0.013414,-0.12726
51075,-0.063964,0.024049,-0.012207,0.103065,-0.038231,-0.075958,-0.16163,-0.230355,-0.338597,0.102723,-0.165176,-0.008623,-0.025886,-0.141904
51077,-0.058854,0.040105,-0.000777,0.09715,-0.027622,-0.045746,-0.126168,-0.165488,-0.24763,0.055895,-0.149615,0.005392,-0.179527,-0.184739
51079,-0.062034,-0.007017,-0.028409,0.092055,-0.03565,-0.085839,-0.17669,-0.257123,-0.349432,0.109201,-0.192273,-0.006773,-0.038357,-0.156548
51081,-0.065893,0.055115,0.003995,0.114076,-0.040813,-0.066078,-0.146569,-0.203588,-0.327762,0.096246,-0.138078,-0.010473,-0.013414,-0.12726
51083,-0.068123,0.052612,5.7e-05,0.105158,-0.030466,-0.059387,-0.13971,-0.182715,-0.34166,0.083641,-0.14017,-0.00802,-0.016975,-0.148123
51085,-0.063964,0.024049,-0.012207,0.103065,-0.038231,-0.075958,-0.16163,-0.230355,-0.338597,0.102723,-0.165176,-0.008623,-0.025886,-0.141904
51087,-0.065893,0.055115,0.003995,0.114076,-0.040813,-0.066078,-0.146569,-0.203588,-0.327762,0.096246,-0.138078,-0.010473,-0.013414,-0.12726
51089,-0.070352,0.050109,-0.00388,0.096241,-0.02012,-0.052696,-0.132851,-0.161842,-0.355558,0.071036,-0.142261,-0.005566,-0.020536,-0.168986
05109,-0.204484,-0.209876,-0.134463,-0.290834,-0.356372,-0.307647,-0.046569,-0.168392,-0.245967,-0.465949,-0.401769,-0.036854,-0.446697,-1.401761
51091,-0.018333,0.000217,-0.00299,0.076934,-0.056554,-0.084516,-0.11178,-0.197457,-0.325467,0.088421,-0.160945,0.015057,0.005549,-0.19079
51093,-0.065893,0.055115,0.003995,0.114076,-0.040813,-0.066078,-0.146569,-0.203588,-0.327762,0.096246,-0.138078,-0.010473,-0.013414,-0.12726
51095,-0.065893,0.055115,0.003995,0.114076,-0.040813,-0.066078,-0.146569,-0.203588,-0.327762,0.096246,-0.138078,-0.010473,-0.013414,-0.12726
51097,-0.063964,0.024049,-0.012207,0.103065,-0.038231,-0.075958,-0.16163,-0.230355,-0.338597,0.102723,-0.165176,-0.008623,-0.025886,-0.141904
51099,-0.062034,-0.007017,-0.028409,0.092055,-0.03565,-0.085839,-0.17669,-0.257123,-0.349432,0.109201,-0.192273,-0.006773,-0.038357,-0.156548
51101,-0.063964,0.024049,-0.012207,0.103065,-0.038231,-0.075958,-0.16163,-0.230355,-0.338597,0.102723,-0.165176,-0.008623,-0.025886,-0.141904
51103,-0.065893,0.055115,0.003995,0.114076,-0.040813,-0.066078,-0.146569,-0.203588,-0.327762,0.096246,-0.138078,-0.010473,-0.013414,-0.12726
51105,-0.047356,0.030101,0.002327,0.09806,-0.035124,-0.038796,-0.119484,-0.169135,-0.139703,0.040755,-0.156969,0.016349,-0.338517,-0.200492
51107,-0.062034,-0.007017,-0.028409,0.092055,-0.03565,-0.085839,-0.17669,-0.257123,-0.349432,0.109201,-0.192273,-0.006773,-0.038357,-0.156548
51109,-0.063964,0.024049,-0.012207,0.103065,-0.038231,-0.075958,-0.16163,-0.230355,-0.338597,0.102723,-0.165176,-0.008623,-0.025886,-0.141904
05111,0.007989,-0.130486,-0.037048,-0.161533,-0.176425,-0.097973,0.183409,-0.2093,-0.220337,-0.243585,-0.180594,0.193138,-0.055638,-0.522135
51111,-0.065893,0.055115,0.003995,0.114076,-0.040813,-0.066078,-0.146569,-0.203588,-0.327762,0.096246,-0.138078,-0.010473,-0.013414,-0.12726
51113,-0.062034,-0.007017,-0.028409,0.092055,-0.03565,-0.085839,-0.17669,-0.257123,-0.349432,0.109201,-0.192273,-0.006773,-0.038357,-0.156548
51115,-0.052027,0.077677,-0.015648,0.116957,-0.021243,-0.041455,-0.155275,-0.187614,-0.211034,0.100856,-0.125341,-0.008046,-0.025605,-0.095573
51117,-0.065893,0.055115,0.003995,0.114076,-0.040813,-0.066078,-0.146569,-0.203588,-0.327762,0.096246,-0.138078,-0.010473,-0.013414,-0.12726
51119,-0.065893,0.055115,0.003995,0.114076,-0.040813,-0.066078,-0.146569,-0.203588,-0.327762,0.096246,-0.138078,-0.010473,-0.013414,-0.12726
51121,-0.070352,0.050109,-0.00388,0.096241,-0.02012,-0.052696,-0.132851,-0.161842,-0.355558,0.071036,-0.142261,-0.005566,-0.020536,-0.168986
51125,-0.054153,0.024606,-0.007821,0.094826,-0.038284,-0.072282,-0.141973,-0.205002,-0.339555,0.091226,-0.158389,-0.001939,-0.01669,-0.160896
51127,-0.065893,0.055115,0.003995,0.114076,-0.040813,-0.066078,-0.146569,-0.203588,-0.327762,0.096246,-0.138078,-0.010473,-0.013414,-0.12726
05113,-0.222407,-0.193979,-0.109749,-0.266472,-0.365962,-0.416792,-0.028825,-0.209192,-0.291451,-0.421488,-0.474848,0.009418,-0.472312,-1.244469
51131,-0.038161,0.100238,-0.035291,0.119839,-0.001674,-0.016832,-0.163981,-0.17164,-0.094305,0.105466,-0.112603,-0.005619,-0.037796,-0.063887
51133,-0.049159,0.050366,-0.026557,0.107016,-0.027539,-0.055681,-0.166896,-0.221382,-0.22438,0.112555,-0.149183,-0.001957,-0.032151,-0.109082
51135,-0.065893,0.055115,0.003995,0.114076,-0.040813,-0.066078,-0.146569,-0.203588,-0.327762,0.096246,-0.138078,-0.010473,-0.013414,-0.12726
51137,-0.062034,-0.007017,-0.028409,0.092055,-0.03565,-0.085839,-0.17669,-0.257123,-0.349432,0.109201,-0.192273,-0.006773,-0.038357,-0.156548
51139,-0.062034,-0.007017,-0.028409,0.092055,-0.03565,-0.085839,-0.17669,-0.257123,-0.349432,0.109201,-0.192273,-0.006773,-0.038357,-0.156548
51141,-0.070352,0.050109,-0.00388,0.096241,-0.02012,-0.052696,-0.132851,-0.161842,-0.355558,0.071036,-0.142261,-0.005566,-0.020536,-0.168986
51143,-0.070352,0.050109,-0.00388,0.096241,-0.02012,-0.052696,-0.132851,-0.161842,-0.355558,0.071036,-0.142261,-0.005566,-0.020536,-0.168986
51145,-0.065893,0.055115,0.003995,0.114076,-0.040813,-0.066078,-0.146569,-0.203588,-0.327762,0.096246,-0.138078,-0.010473,-0.013414,-0.12726
51147,-0.065893,0.055115,0.003995,0.114076,-0.040813,-0.066078,-0.146569,-0.203588,-0.327762,0.096246,-0.138078,-0.010473,-0.013414,-0.12726
51149,-0.065893,0.055115,0.003995,0.114076,-0.040813,-0.066078,-0.146569,-0.203588,-0.327762,0.096246,-0.138078,-0.010473,-0.013414,-0.12726
05115,-0.165752,-0.158888,-0.11456,-0.232915,-0.313174,-0.268001,-0.009637,-0.22342,-0.282733,-0.366135,-0.302772,0.035359,-0.359883,-1.363116
51153,-0.062034,-0.007017,-0.028409,0.092055,-0.03565,-0.085839,-0.17669,-0.257123,-0.349432,0.109201,-0.192273,-0.006773,-0.038357,-0.156548
51155,-0.070352,0.050109,-0.00388,0.096241,-0.02012,-0.052696,-0.132851,-0.161842,-0.355558,0.071036,-0.142261,-0.005566,-0.020536,-0.168986
51157,-0.062034,-0.007017,-0.028409,0.092055,-0.03565,-0.085839,-0.17669,-0.257123,-0.349432,0.109201,-0.192273,-0.006773,-0.038357,-0.156548
51159,-0.063964,0.024049,-0.012207,0.103065,-0.038231,-0.075958,-0.16163,-0.230355,-0.338597,0.102723,-0.165176,-0.008623,-0.025886,-0.141904
51161,-0.070352,0.050109,-0.00388,0.096241,-0.02012,-0.052696,-0.132851,-0.161842,-0.355558,0.071036,-0.142261,-0.005566,-0.020536,-0.168986
51163,-0.044343,0.025163,-0.003435,0.086587,-0.038337,-0.068606,-0.122316,-0.179649,-0.340512,0.079729,-0.151603,0.004746,-0.007493,-0.179888
51165,-0.040184,-0.0034,-0.0157,0.084494,-0.046102,-0.085177,-0.144235,-0.22729,-0.337449,0.098811,-0.176609,0.004142,-0.016404,-0.173669
51167,-0.047356,0.030101,0.002327,0.09806,-0.035124,-0.038796,-0.119484,-0.169135,-0.139703,0.040755,-0.156969,0.016349,-0.338517,-0.200492
51169,-0.047356,0.030101,0.002327,0.09806,-0.035124,-0.038796,-0.119484,-0.169135,-0.139703,0.040755,-0.156969,0.016349,-0.338517,-0.200492
05117,-0.165752,-0.158888,-0.11456,-0.232915,-0.313174,-0.268001,-0.009637,-0.22342,-0.282733,-0.366135,-0.302772,0.035359,-0.359883,-1.363116
51171,-0.040184,-0.0034,-0.0157,0.084494,-0.046102,-0.085177,-0.144235,-0.22729,-0.337449,0.098811,-0.176609,0.004142,-0.016404,-0.173669
51173,-0.047356,0.030101,0.002327,0.09806,-0.035124,-0.038796,-0.119484,-0.169135,-0.139703,0.040755,-0.156969,0.016349,-0.338517,-0.200492
51175,-0.065893,0.055115,0.003995,0.114076,-0.040813,-0.066078,-0.146569,-0.203588,-0.327762,0.096246,-0.138078,-0.010473,-0.013414,-0.12726
51177,-0.062034,-0.007017,-0.028409,0.092055,-0.03565,-0.085839,-0.17669,-0.257123,-0.349432,0.109201,-0.192273,-0.006773,-0.038357,-0.156548
51179,-0.062034,-0.007017,-0.028409,0.092055,-0.03565,-0.085839,-0.17669,-0.257123,-0.349432,0.109201,-0.192273,-0.006773,-0.038357,-0.156548
51181,-0.065893,0.055115,0.003995,0.114076,-0.040813,-0.066078,-0.146569,-0.203588,-0.327762,0.096246,-0.138078,-0.010473,-0.013414,-0.12726
51183,-0.065893,0.055115,0.003995,0.114076,-0.040813,-0.066078,-0.146569,-0.203588,-0.327762,0.096246,-0.138078,-0.010473,-0.013414,-0.12726
51185,-0.058854,0.040105,-0.000777,0.09715,-0.027622,-0.045746,-0.126168,-0.165488,-0.24763,0.055895,-0.149615,0.005392,-0.179527,-0.184739
51187,-0.062034,-0.007017,-0.028409,0.092055,-0.03565,-0.085839,-0.17669,-0.257123,-0.349432,0.109201,-0.192273,-0.006773,-0.038357,-0.156548
05119,-0.165752,-0.158888,-0.11456,-0.232915,-0.313174,-0.268001,-0.009637,-0.22342,-0.282733,-0.366135,-0.302772,0.035359,-0.359883,-1.363116
51191,-0.047356,0.030101,0.002327,0.09806,-0.035124,-0.038796,-0.119484,-0.169135,-0.139703,0.040755,-0.156969,0.016349,-0.338517,-0.200492
51193,-0.062034,-0.007017,-0.028409,0.092055,-0.03565,-0.085839,-0.17669,-0.257123,-0.349432,0.109201,-0.192273,-0.006773,-0.038357,-0.156548
51195,-0.047356,0.030101,0.002327,0.09806,-0.035124,-0.038796,-0.119484,-0.169135,-0.139703,0.040755,-0.156969,0.016349,-0.338517,-0.200492
51197,-0.058854,0.040105,-0.000777,0.09715,-0.027622,-0.045746,-0.126168,-0.165488,-0.24763,0.055895,-0.149615,0.005392,-0.179527,-0.184739
51199,-0.065893,0.055115,0.003995,0.114076,-0.040813,-0.066078,-0.146569,-0.203588,-0.327762,0.096246,-0.138078,-0.010473,-0.013414,-0.12726
05121,0.040783,-0.23304,0.003808,-0.182249,-0.331587,-0.138259,0.117755,-0.360669,-0.391667,-0.338626,-0.395605,0.028048,-0.135704,-0.71378
05123,0.007989,-0.130486,-0.037048,-0.161533,-0.176425,-0.097973,0.183409,-0.2093,-0.220337,-0.243585,-0.180594,0.193138,-0.055638,-0.522135
05125,-0.165752,-0.158888,-0.11456,-0.232915,-0.313174,-0.268001,-0.009637,-0.22342,-0.282733,-0.366135,-0.302772,0.035359,-0.359883,-1.363116
05127,-0.19408,-0.176434,-0.112154,-0.249693,-0.339568,-0.342397,-0.019231,-0.216306,-0.287092,-0.393812,-0.38881,0.022388,-0.416098,-1.303792
05129,-0.01115,-0.224705,0.01716,-0.231563,-0.365533,-0.154494,0.059378,-0.314056,-0.37962,-0.395059,-0.380633,0.072518,-0.235383,-1.0925
05131,-0.222407,-0.193979,-0.109749,-0.266472,-0.365962,-0.416792,-0.028825,-0.209192,-0.291451,-0.421488,-0.474848,0.009418,-0.472312,-1.244469
05133,-0.244029,-0.265121,-0.142141,-0.352135,-0.418331,-0.400872,-0.067546,-0.161368,-0.263942,-0.535119,-0.51478,-0.058546,-0.550029,-1.262641
05135,-0.01115,-0.224705,0.01716,-0.231563,-0.365533,-0.154494,0.059378,-0.314056,-0.37962,-0.395059,-0.380633,0.072518,-0.235383,-1.0925
05137,-0.01115,-0.224705,0.01716,-0.231563,-0.365533,-0.154494,0.059378,-0.314056,-0.37962,-0.395059,-0.380633,0.072518,-0.235383,-1.0925
05139,-0.164126,-0.150374,-0.139009,-0.226149,-0.275651,-0.160841,-0.041548,-0.127411,-0.173249,-0.427423,-0.274744,-0.065683,-0.326846,-1.718649
05141,-0.165752,-0.158888,-0.11456,-0.232915,-0.313174,-0.268001,-0.009637,-0.22342,-0.282733,-0.366135,-0.302772,0.035359,-0.359883,-1.363116
05143,-0.112566,-0.129946,-0.02307,-0.150207,-0.286839,-0.292603,-0.009733,-0.178867,-0.285738,-0.35328,-0.385119,0.128127,-0.332486,-0.831375
05145,-0.165752,-0.158888,-0.11456,-0.232915,-0.313174,-0.268001,-0.009637,-0.22342,-0.282733,-0.366135,-0.302772,0.035359,-0.359883,-1.363116
05147,-0.078881,-0.144687,-0.075804,-0.197224,-0.2448,-0.182987,0.086886,-0.21636,-0.251535,-0.30486,-0.241683,0.114248,-0.20776,-0.942625
05149,-0.165752,-0.158888,-0.11456,-0.232915,-0.313174,-0.268001,-0.009637,-0.22342,-0.282733,-0.366135,-0.302772,0.035359,-0.359883,-1.363116
51510,-0.062034,-0.007017,-0.028409,0.092055,-0.03565,-0.085839,-0.17669,-0.257123,-0.349432,0.109201,-0.192273,-0.006773,-0.038357,-0.156548
51520,-0.047356,0.030101,0.002327,0.09806,-0.035124,-0.038796,-0.119484,-0.169135,-0.139703,0.040755,-0.156969,0.016349,-0.338517,-0.200492
51530,-0.070352,0.050109,-0.00388,0.096241,-0.02012,-0.052696,-0.132851,-0.161842,-0.355558,0.071036,-0.142261,-0.005566,-0.020536,-0.168986
51540,-0.062034,-0.007017,-0.028409,0.092055,-0.03565,-0.085839,-0.17669,-0.257123,-0.349432,0.109201,-0.192273,-0.006773,-0.038357,-0.156548
51550,-0.052027,0.077677,-0.015648,0.116957,-0.021243,-0.041455,-0.155275,-0.187614,-0.211034,0.100856,-0.125341,-0.008046,-0.025605,-0.095573
51570,-0.065893,0.055115,0.003995,0.114076,-0.040813,-0.066078,-0.146569,-0.203588,-0.327762,0.096246,-0.138078,-0.010473,-0.013414,-0.12726
51580,-0.070352,0.050109,-0.00388,0.096241,-0.02012,-0.052696,-0.132851,-0.161842,-0.355558,0.071036,-0.142261,-0.005566,-0.020536,-0.168986
51590,-0.070352,0.050109,-0.00388,0.096241,-0.02012,-0.052696,-0.132851,-0.161842,-0.355558,0.071036,-0.142261,-0.005566,-0.020536,-0.168986
51595,-0.065893,0.055115,0.003995,0.114076,-0.040813,-0.066078,-0.146569,-0.203588,-0.327762,0.096246,-0.138078,-0.010473,-0.013414,-0.12726
51600,-0.062034,-0.007017,-0.028409,0.092055,-0.03565,-0.085839,-0.17669,-0.257123,-0.349432,0.109201,-0.192273,-0.006773,-0.038357,-0.156548
51610,-0.062034,-0.007017,-0.028409,0.092055,-0.03565,-0.085839,-0.17669,-0.257123,-0.349432,0.109201,-0.192273,-0.006773,-0.038357,-0.156548
51620,-0.065893,0.055115,0.003995,0.114076,-0.040813,-0.066078,-0.146569,-0.203588,-0.327762,0.096246,-0.138078,-0.010473,-0.013414,-0.12726
51630,-0.062034,-0.007017,-0.028409,0.092055,-0.03565,-0.085839,-0.17669,-0.257123,-0.349432,0.109201,-0.192273,-0.006773,-0.038357,-0.156548
51640,-0.070352,0.050109,-0.00388,0.096241,-0.02012,-0.052696,-0.132851,-0.161842,-0.355558,0.071036,-0.142261,-0.005566,-0.020536,-0.168986
51650,-0.065893,0.055115,0.003995,0.114076,-0.040813,-0.066078,-0.146569,-0.203588,-0.327762,0.096246,-0.138078,-0.010473,-0.013414,-0.12726
51660,-0.018333,0.000217,-0.00299,0.076934,-0.056554,-0.084516,-0.11178,-0.197457,-0.325467,0.088421,-0.160945,0.015057,0.005549,-0.19079
51670,-0.065893,0.055115,0.003995,0.114076,-0.040813,-0.066078,-0.146569,-0.203588,-0.327762,0.096246,-0.138078,-0.010473,-0.013414,-0.12726
51678,-0.070352,0.050109,-0.00388,0.096241,-0.02012,-0.052696,-0.132851,-0.161842,-0.355558,0.071036,-0.142261,-0.005566,-0.020536,-0.168986
51680,-0.070352,0.050109,-0.00388,0.096241,-0.02012,-0.052696,-0.132851,-0.161842,-0.355558,0.071036,-0.142261,-0.005566,-0.020536,-0.168986
51683,-0.062034,-0.007017,-0.028409,0.092055,-0.03565,-0.085839,-0.17669,-0.257123,-0.349432,0.109201,-0.192273,-0.006773,-0.038357,-0.156548
51685,-0.062034,-0.007017,-0.028409,0.092055,-0.03565,-0.085839,-0.17669,-0.257123,-0.349432,0.109201,-0.192273,-0.006773,-0.038357,-0.156548
51690,-0.070352,0.050109,-0.00388,0.096241,-0.02012,-0.052696,-0.132851,-0.161842,-0.355558,0.071036,-0.142261,-0.005566,-0.020536,-0.168986
51700,-0.065893,0.055115,0.003995,0.114076,-0.040813,-0.066078,-0.146569,-0.203588,-0.327762,0.096246,-0.138078,-0.010473,-0.013414,-0.12726
51710,-0.052027,0.077677,-0.015648,0.116957,-0.021243,-0.041455,-0.155275,-0.187614,-0.211034,0.100856,-0.125341,-0.008046,-0.025605,-0.095573
51720,-0.047356,0.030101,0.002327,0.09806,-0.035124,-0.038796,-0.119484,-0.169135,-0.139703,0.040755,-0.156969,0.016349,-0.338517,-0.200492
51730,-0.065893,0.055115,0.003995,0.114076,-0.040813,-0.066078,-0.146569,-0.203588,-0.327762,0.096246,-0.138078,-0.010473,-0.013414,-0.12726
51735,-0.065893,0.055115,0.003995,0.114076,-0.040813,-0.066078,-0.146569,-0.203588,-0.327762,0.096246,-0.138078,-0.010473,-0.013414,-0.12726
51740,-0.065893,0.055115,0.003995,0.114076,-0.040813,-0.066078,-0.146569,-0.203588,-0.327762,0.096246,-0.138078,-0.010473,-0.013414,-0.12726
51750,-0.070352,0.050109,-0.00388,0.096241,-0.02012,-0.052696,-0.132851,-0.161842,-0.355558,0.071036,-0.142261,-0.005566,-0.020536,-0.168986
51760,-0.065893,0.055115,0.003995,0.114076,-0.040813,-0.066078,-0.146569,-0.203588,-0.327762,0.096246,-0.138078,-0.010473,-0.013414,-0.12726
51770,-0.070352,0.050109,-0.00388,0.096241,-0.02012,-0.052696,-0.132851,-0.161842,-0.355558,0.071036,-0.142261,-0.005566,-0.020536,-0.168986
51775,-0.070352,0.050109,-0.00388,0.096241,-0.02012,-0.052696,-0.132851,-0.161842,-0.355558,0.071036,-0.142261,-0.005566,-0.020536,-0.168986
51790,-0.018333,0.000217,-0.00299,0.076934,-0.056554,-0.084516,-0.11178,-0.197457,-0.325467,0.088421,-0.160945,0.015057,0.005549,-0.19079
51800,-0.065893,0.055115,0.003995,0.114076,-0.040813,-0.066078,-0.146569,-0.203588,-0.327762,0.096246,-0.138078,-0.010473,-0.013414,-0.12726
51810,-0.038161,0.100238,-0.035291,0.119839,-0.001674,-0.016832,-0.163981,-0.17164,-0.094305,0.105466,-0.112603,-0.005619,-0.037796,-0.063887
51820,-0.018333,0.000217,-0.00299,0.076934,-0.056554,-0.084516,-0.11178,-0.197457,-0.325467,0.088421,-0.160945,0.015057,0.005549,-0.19079
51830,-0.065893,0.055115,0.003995,0.114076,-0.040813,-0.066078,-0.146569,-0.203588,-0.327762,0.096246,-0.138078,-0.010473,-0.013414,-0.12726
51840,-0.062034,-0.007017,-0.028409,0.092055,-0.03565,-0.085839,-0.17669,-0.257123,-0.349432,0.109201,-0.192273,-0.006773,-0.038357,-0.156548
53001,0.305208,0.315533,0.014199,0.247201,0.434968,0.276757,0.06152,0.420939,0.189565,0.219463,0.241574,0.160484,0.149101,0.263152
53003,0.330659,0.274476,-0.067126,0.134322,0.346163,0.16412,0.009618,0.356128,0.093109,0.207416,0.149123,0.13795,0.050308,0.230397
53005,0.279756,0.35659,0.095524,0.36008,0.523773,0.389394,0.113421,0.48575,0.28602,0.231509,0.334025,0.183019,0.247893,0.295907
53007,0.177445,0.269773,0.059554,0.545786,0.419528,0.334304,0.048784,0.382164,0.215529,0.208934,0.259358,0.133358,0.194529,0.233887
53009,0.026464,0.182221,0.090319,0.26132,0.649595,0.402365,-0.025057,0.184658,0.265963,0.173321,0.22106,0.052696,0.210946,0.121275
53011,0.064756,0.171974,0.055866,0.410969,0.384661,0.385641,-0.046513,0.229986,0.255713,0.161655,0.223371,0.065174,0.186622,0.12726
53013,0.330659,0.274476,-0.067126,0.134322,0.346163,0.16412,0.009618,0.356128,0.093109,0.207416,0.149123,0.13795,0.050308,0.230397
53015,0.064756,0.171974,0.055866,0.410969,0.384661,0.385641,-0.046513,0.229986,0.255713,0.161655,0.223371,0.065174,0.186622,0.12726
53017,0.177445,0.269773,0.059554,0.545786,0.419528,0.334304,0.048784,0.382164,0.215529,0.208934,0.259358,0.133358,0.194529,0.233887
53019,0.212087,0.174663,-0.163472,0.45304,0.291321,0.115629,-0.018093,0.149473,0.090624,0.160367,0.001567,0.060331,-0.025145,0.143158
53021,0.305208,0.315533,0.014199,0.247201,0.434968,0.276757,0.06152,0.420939,0.189565,0.219463,0.241574,0.160484,0.149101,0.263152
53023,0.330659,0.274476,-0.067126,0.134322,0.346163,0.16412,0.009618,0.356128,0.093109,0.207416,0.149123,0.13795,0.050308,0.230397
53025,0.177445,0.269773,0.059554,0.545786,0.419528,0.334304,0.048784,0.382164,0.215529,0.208934,0.259358,0.133358,0.194529,0.233887
53027,0.02615,0.171998,0.046582,0.271946,0.506534,0.401399,-0.040516,0.163884,0.240602,0.181454,0.208387,0.04485,0.202199,0.118683
53029,0.059952,0.19763,0.114902,0.345649,0.886483,0.384778,-0.024214,0.267635,0.282941,0.145594,0.253899,0.077937,0.192021,0.142075
53031,0.026464,0.182221,0.090319,0.26132,0.649595,0.402365,-0.025057,0.184658,0.265963,0.173321,0.22106,0.052696,0.210946,0.121275
53033,0.066614,0.184187,0.064784,0.496037,0.528809,0.349877,-0.02886,0.258733,0.227897,0.164536,0.220654,0.075603,0.173269,0.147067
53035,0.059952,0.19763,0.114902,0.345649,0.886483,0.384778,-0.024214,0.267635,0.282941,0.145594,0.253899,0.077937,0.192021,0.142075
53037,0.1199,0.227287,0.072469,0.462047,0.52755,0.359757,0.00671,0.315488,0.242428,0.181279,0.248997,0.102457,0.191925,0.184277
53039,0.172256,0.264282,0.075695,0.385524,0.454217,0.387517,0.033454,0.357868,0.270867,0.196582,0.278698,0.124097,0.217257,0.211583
53041,0.064756,0.171974,0.055866,0.410969,0.384661,0.385641,-0.046513,0.229986,0.255713,0.161655,0.223371,0.065174,0.186622,0.12726
53043,0.258647,0.245098,-0.074637,0.350121,0.363144,0.196193,0.021713,0.285206,0.140095,0.189915,0.121571,0.110408,0.061978,0.203155
53045,0.062354,0.184802,0.085384,0.378309,0.635572,0.385209,-0.035363,0.248811,0.269327,0.153624,0.238635,0.071556,0.189321,0.134667
53047,0.075134,0.182957,0.023585,0.731493,0.315283,0.279214,-0.015853,0.278579,0.145038,0.186359,0.184691,0.083698,0.141164,0.171867
53049,0.025837,0.161775,0.002845,0.282571,0.363473,0.400433,-0.055975,0.143109,0.215242,0.189588,0.195714,0.037004,0.193451,0.116091
53051,0.34904,0.16637,-0.35053,0.174587,0.267359,-0.047956,-0.020334,0.020368,0.036211,0.134375,-0.181557,0.036964,-0.191454,0.114449
53053,0.062354,0.184802,0.085384,0.378309,0.635572,0.385209,-0.035363,0.248811,0.269327,0.153624,0.238635,0.071556,0.189321,0.134667
53055,0.059952,0.19763,0.114902,0.345649,0.886483,0.384778,-0.024214,0.267635,0.282941,0.145594,0.253899,0.077937,0.192021,0.142075
53057,0.067543,0.190293,0.069243,0.538571,0.600883,0.331996,-0.020033,0.273107,0.213989,0.165976,0.219295,0.080817,0.166592,0.156971
53059,0.064756,0.171974,0.055866,0.410969,0.384661,0.385641,-0.046513,0.229986,0.255713,0.161655,0.223371,0.065174,0.186622,0.12726
53061,0.067543,0.190293,0.069243,0.538571,0.600883,0.331996,-0.020033,0.273107,0.213989,0.165976,0.219295,0.080817,0.166592,0.156971
53063,0.339849,0.220423,-0.208828,0.154455,0.306761,0.058082,-0.005358,0.188248,0.06466,0.170895,-0.016217,0.087457,-0.070573,0.172423
53065,0.34904,0.16637,-0.35053,0.174587,0.267359,-0.047956,-0.020334,0.020368,0.036211,0.134375,-0.181557,0.036964,-0.191454,0.114449
53067,0.064756,0.171974,0.055866,0.410969,0.384661,0.385641,-0.046513,0.229986,0.255713,0.161655,0.223371,0.065174,0.186622,0.12726
53069,0.064756,0.171974,0.055866,0.410969,0.384661,0.385641,-0.046513,0.229986,0.255713,0.161655,0.223371,0.065174,0.186622,0.12726
53071,0.305208,0.315533,0.014199,0.247201,0.434968,0.276757,0.06152,0.420939,0.189565,0.219463,0.241574,0.160484,0.149101,0.263152
53073,0.067543,0.190293,0.069243,0.538571,0.600883,0.331996,-0.020033,0.273107,0.213989,0.165976,0.219295,0.080817,0.166592,0.156971
53075,0.330659,0.274476,-0.067126,0.134322,0.346163,0.16412,0.009618,0.356128,0.093109,0.207416,0.149123,0.13795,0.050308,0.230397
53077,0.172256,0.264282,0.075695,0.385524,0.454217,0.387517,0.033454,0.357868,0.270867,0.196582,0.278698,0.124097,0.217257,0.211583
54001,-0.035663,-0.031213,-0.104665,0.034333,-0.014675,-0.147994,-0.098115,-0.27022,-0.287796,0.07989,-0.132966,0.01133,-0.052518,-0.191519
54003,-0.056428,-0.038347,-0.120593,0.050903,0.007778,-0.133259,-0.15554,-0.30216,-0.334084,0.089619,-0.156336,-0.001084,-0.090633,-0.151834
54005,-0.050173,-0.022138,-0.093933,0.04552,-0.03085,-0.117869,-0.106312,-0.349506,-0.178548,0.036024,-0.137131,-0.005981,-0.205518,-0.218225
54007,-0.035663,-0.031213,-0.104665,0.034333,-0.014675,-0.147994,-0.098115,-0.27022,-0.287796,0.07989,-0.132966,0.01133,-0.052518,-0.191519
54009,-0.007398,-0.060638,-0.140196,0.027404,0.003926,-0.184036,-0.112401,-0.225648,-0.214495,0.065502,-0.189297,0.049506,-0.094672,-0.208219
54011,-0.032389,-0.038737,-0.094507,0.043484,-0.041193,-0.151415,-0.099835,-0.432061,-0.187243,0.043506,-0.136027,-0.003562,-0.07619,-0.21699
54013,-0.034026,-0.034975,-0.099586,0.038908,-0.027934,-0.149705,-0.098975,-0.35114,-0.23752,0.061698,-0.134497,0.003884,-0.064354,-0.204255
54015,-0.034026,-0.034975,-0.099586,0.038908,-0.027934,-0.149705,-0.098975,-0.35114,-0.23752,0.061698,-0.134497,0.003884,-0.064354,-0.204255
54017,-0.035663,-0.031213,-0.104665,0.034333,-0.014675,-0.147994,-0.098115,-0.27022,-0.287796,0.07989,-0.132966,0.01133,-0.052518,-0.191519
54019,-0.05308,-0.015292,-0.097524,0.043889,-0.020311,-0.119849,-0.107573,-0.305277,-0.245785,0.052275,-0.132754,-0.004463,-0.133189,-0.202649
54021,-0.035663,-0.031213,-0.104665,0.034333,-0.014675,-0.147994,-0.098115,-0.27022,-0.287796,0.07989,-0.132966,0.01133,-0.052518,-0.191519
54023,-0.035663,-0.031213,-0.104665,0.034333,-0.014675,-0.147994,-0.098115,-0.27022,-0.287796,0.07989,-0.132966,0.01133,-0.052518,-0.191519
54025,-0.055986,-0.008446,-0.101116,0.042258,-0.009772,-0.121829,-0.108834,-0.261049,-0.313022,0.068525,-0.128378,-0.002945,-0.060859,-0.187074
54027,-0.046046,-0.03478,-0.112629,0.042618,-0.003448,-0.140626,-0.126827,-0.28619,-0.31094,0.084754,-0.144651,0.005123,-0.071576,-0.171676
54029,-0.007398,-0.060638,-0.140196,0.027404,0.003926,-0.184036,-0.112401,-0.225648,-0.214495,0.065502,-0.189297,0.049506,-0.094672,-0.208219
54031,-0.046046,-0.03478,-0.112629,0.042618,-0.003448,-0.140626,-0.126827,-0.28619,-0.31094,0.084754,-0.144651,0.005123,-0.071576,-0.171676
54033,-0.035663,-0.031213,-0.104665,0.034333,-0.014675,-0.147994,-0.098115,-0.27022,-0.287796,0.07989,-0.132966,0.01133,-0.052518,-0.191519
54035,-0.032389,-0.038737,-0.094507,0.043484,-0.041193,-0.151415,-0.099835,-0.432061,-0.187243,0.043506,-0.136027,-0.003562,-0.07619,-0.21699
54037,-0.056428,-0.038347,-0.120593,0.050903,0.007778,-0.133259,-0.15554,-0.30216,-0.334084,0.089619,-0.156336,-0.001084,-0.090633,-0.151834
54039,-0.034026,-0.034975,-0.099586,0.038908,-0.027934,-0.149705,-0.098975,-0.35114,-0.23752,0.061698,-0.134497,0.003884,-0.064354,-0.204255
54041,-0.035663,-0.031213,-0.104665,0.034333,-0.014675,-0.147994,-0.098115,-0.27022,-0.287796,0.07989,-0.132966,0.01133,-0.052518,-0.191519
54043,-0.032389,-0.038737,-0.094507,0.043484,-0.041193,-0.151415,-0.099835,-0.432061,-0.187243,0.043506,-0.136027,-0.003562,-0.07619,-0.21699
54045,-0.050173,-0.022138,-0.093933,0.04552,-0.03085,-0.117869,-0.106312,-0.349506,-0.178548,0.036024,-0.137131,-0.005981,-0.205518,-0.218225
54047,-0.067958,-0.005539,-0.09336,0.047556,-0.020507,-0.084322,-0.112789,-0.26695,-0.169853,0.028543,-0.138235,-0.008399,-0.334846,-0.219459
54049,-0.035663,-0.031213,-0.104665,0.034333,-0.014675,-0.147994,-0.098115,-0.27022,-0.287796,0.07989,-0.132966,0.01133,-0.052518,-0.191519
54051,-0.02153,-0.045925,-0.12243,0.030868,-0.005374,-0.166015,-0.105258,-0.247934,-0.251146,0.072696,-0.161132,0.030418,-0.073595,-0.199869
54053,-0.032389,-0.038737,-0.094507,0.043484,-0.041193,-0.151415,-0.099835,-0.432061,-0.187243,0.043506,-0.136027,-0.003562,-0.07619,-0.21699
54055,-0.072133,0.004391,-0.095463,0.04887,-0.012688,-0.089993,-0.11617,-0.259414,-0.254051,0.042852,-0.131012,-0.012809,-0.202023,-0.201044
54057,-0.046046,-0.03478,-0.112629,0.042618,-0.003448,-0.140626,-0.126827,-0.28619,-0.31094,0.084754,-0.144651,0.005123,-0.071576,-0.171676
54059,-0.050173,-0.022138,-0.093933,0.04552,-0.03085,-0.117869,-0.106312,-0.349506,-0.178548,0.036024,-0.137131,-0.005981,-0.205518,-0.218225
54061,-0.035663,-0.031213,-0.104665,0.034333,-0.014675,-0.147994,-0.098115,-0.27022,-0.287796,0.07989,-0.132966,0.01133,-0.052518,-0.191519
54063,-0.076308,0.014321,-0.097566,0.050183,-0.004869,-0.095664,-0.119552,-0.251878,-0.338248,0.057161,-0.12379,-0.017219,-0.0692,-0.182629
54065,-0.056428,-0.038347,-0.120593,0.050903,0.007778,-0.133259,-0.15554,-0.30216,-0.334084,0.089619,-0.156336,-0.001084,-0.090633,-0.151834
54067,-0.035663,-0.031213,-0.104665,0.034333,-0.014675,-0.147994,-0.098115,-0.27022,-0.287796,0.07989,-0.132966,0.01133,-0.052518,-0.191519
54069,-0.007398,-0.060638,-0.140196,0.027404,0.003926,-0.184036,-0.112401,-0.225648,-0.214495,0.065502,-0.189297,0.049506,-0.094672,-0.208219
54071,-0.035663,-0.031213,-0.104665,0.034333,-0.014675,-0.147994,-0.098115,-0.27022,-0.287796,0.07989,-0.132966,0.01133,-0.052518,-0.191519
54073,-0.034026,-0.034975,-0.099586,0.038908,-0.027934,-0.149705,-0.098975,-0.35114,-0.23752,0.061698,-0.134497,0.003884,-0.064354,-0.204255
54075,-0.035663,-0.031213,-0.104665,0.034333,-0.014675,-0.147994,-0.098115,-0.27022,-0.287796,0.07989,-0.132966,0.01133,-0.052518,-0.191519
54077,-0.035663,-0.031213,-0.104665,0.034333,-0.014675,-0.147994,-0.098115,-0.27022,-0.287796,0.07989,-0.132966,0.01133,-0.052518,-0.191519
54079,-0.032389,-0.038737,-0.094507,0.043484,-0.041193,-0.151415,-0.099835,-0.432061,-0.187243,0.043506,-0.136027,-0.003562,-0.07619,-0.21699
54081,-0.058885,-0.009985,-0.095144,0.047074,-0.02219,-0.110467,-0.110725,-0.316963,-0.231782,0.04307,-0.132684,-0.009727,-0.160079,-0.206359
54083,-0.035663,-0.031213,-0.104665,0.034333,-0.014675,-0.147994,-0.098115,-0.27022,-0.287796,0.07989,-0.132966,0.01133,-0.052518,-0.191519
54085,-0.034026,-0.034975,-0.099586,0.038908,-0.027934,-0.149705,-0.098975,-0.35114,-0.23752,0.061698,-0.134497,0.003884,-0.064354,-0.204255
54087,-0.034026,-0.034975,-0.099586,0.038908,-0.027934,-0.149705,-0.098975,-0.35114,-0.23752,0.061698,-0.134497,0.003884,-0.064354,-0.204255
54089,-0.076308,0.014321,-0.097566,0.050183,-0.004869,-0.095664,-0.119552,-0.251878,-0.338248,0.057161,-0.12379,-0.017219,-0.0692,-0.182629
54091,-0.035663,-0.031213,-0.104665,0.034333,-0.014675,-0.147994,-0.098115,-0.27022,-0.287796,0.07989,-0.132966,0.01133,-0.052518,-0.191519
54093,-0.035663,-0.031213,-0.104665,0.034333,-0.014675,-0.147994,-0.098115,-0.27022,-0.287796,0.07989,-0.132966,0.01133,-0.052518,-0.191519
54095,-0.035663,-0.031213,-0.104665,0.034333,-0.014675,-0.147994,-0.098115,-0.27022,-0.287796,0.07989,-0.132966,0.01133,-0.052518,-0.191519
54097,-0.035663,-0.031213,-0.104665,0.034333,-0.014675,-0.147994,-0.098115,-0.27022,-0.287796,0.07989,-0.132966,0.01133,-0.052518,-0.191519
54099,-0.050173,-0.022138,-0.093933,0.04552,-0.03085,-0.117869,-0.106312,-0.349506,-0.178548,0.036024,-0.137131,-0.005981,-0.205518,-0.218225
54101,-0.035663,-0.031213,-0.104665,0.034333,-0.014675,-0.147994,-0.098115,-0.27022,-0.287796,0.07989,-0.132966,0.01133,-0.052518,-0.191519
54103,-0.035663,-0.031213,-0.104665,0.034333,-0.014675,-0.147994,-0.098115,-0.27022,-0.287796,0.07989,-0.132966,0.01133,-0.052518,-0.191519
54105,-0.034026,-0.034975,-0.099586,0.038908,-0.027934,-0.149705,-0.098975,-0.35114,-0.23752,0.061698,-0.134497,0.003884,-0.064354,-0.204255
54107,-0.034026,-0.034975,-0.099586,0.038908,-0.027934,-0.149705,-0.098975,-0.35114,-0.23752,0.061698,-0.134497,0.003884,-0.064354,-0.204255
54109,-0.072133,0.004391,-0.095463,0.04887,-0.012688,-0.089993,-0.11617,-0.259414,-0.254051,0.042852,-0.131012,-0.012809,-0.202023,-0.201044
55001,0.028613,-0.059993,-0.166531,-0.001937,-0.074516,-0.32134,-0.085606,-0.149158,-0.385218,-0.072896,-0.31776,-0.044012,-0.144933,-0.217315
55003,-0.021735,-0.117965,-0.214366,-0.013032,-0.019088,-0.318837,-0.150101,-0.140503,-0.341769,-0.072067,-0.465391,-0.070778,-0.178061,-0.219477
55005,-0.061962,-0.110047,-0.279752,-0.098639,-0.112257,-0.427419,-0.120939,-0.21658,-0.432188,-0.209287,-0.444858,-0.140136,-0.277876,-0.264039
55007,-0.024571,-0.115196,-0.221405,-0.019926,-0.035119,-0.344396,-0.148956,-0.158073,-0.368327,-0.108504,-0.437718,-0.078231,-0.202234,-0.219946
55009,0.045527,-0.121035,-0.201576,-0.035807,-0.037518,-0.327537,-0.090567,-0.193806,-0.34637,-0.072427,-0.361433,-0.057204,-0.194809,-0.227316
55011,-0.096517,-0.107668,-0.331061,-0.170457,-0.173363,-0.484883,-0.094068,-0.257518,-0.469492,-0.273634,-0.479671,-0.194589,-0.329345,-0.307663
55013,-0.027408,-0.112427,-0.228444,-0.026821,-0.05115,-0.369955,-0.14781,-0.175642,-0.394885,-0.14494,-0.410044,-0.085683,-0.226408,-0.220414
55015,0.045527,-0.121035,-0.201576,-0.035807,-0.037518,-0.327537,-0.090567,-0.193806,-0.34637,-0.072427,-0.361433,-0.057204,-0.194809,-0.227316
55017,-0.033952,-0.08383,-0.248796,-0.086197,-0.123939,-0.403111,-0.089837,-0.203338,-0.427355,-0.173265,-0.398715,-0.1193,-0.237139,-0.262489
55019,0.028613,-0.059993,-0.166531,-0.001937,-0.074516,-0.32134,-0.085606,-0.149158,-0.385218,-0.072896,-0.31776,-0.044012,-0.144933,-0.217315
55021,-0.00296,-0.049145,-0.20807,-0.049668,-0.118926,-0.35661,-0.120543,-0.194352,-0.406887,-0.074648,-0.35925,-0.024498,-0.191603,-0.207001
55023,-0.034533,-0.038298,-0.249609,-0.097399,-0.163336,-0.391881,-0.155481,-0.239547,-0.428557,-0.0764,-0.400741,-0.004985,-0.238273,-0.196687
55025,-0.034533,-0.038298,-0.249609,-0.097399,-0.163336,-0.391881,-0.155481,-0.239547,-0.428557,-0.0764,-0.400741,-0.004985,-0.238273,-0.196687
55027,0.010661,-0.082699,-0.208232,-0.0429,-0.087266,-0.341358,-0.109984,-0.199654,-0.377201,-0.076641,-0.364397,-0.035451,-0.20254,-0.218755
55029,0.045527,-0.121035,-0.201576,-0.035807,-0.037518,-0.327537,-0.090567,-0.193806,-0.34637,-0.072427,-0.361433,-0.057204,-0.194809,-0.227316
55031,-0.027408,-0.112427,-0.228444,-0.026821,-0.05115,-0.369955,-0.14781,-0.175642,-0.394885,-0.14494,-0.410044,-0.085683,-0.226408,-0.220414
55033,-0.096517,-0.107668,-0.331061,-0.170457,-0.173363,-0.484883,-0.094068,-0.257518,-0.469492,-0.273634,-0.479671,-0.194589,-0.329345,-0.307663
55035,-0.033952,-0.08383,-0.248796,-0.086197,-0.123939,-0.403111,-0.089837,-0.203338,-0.427355,-0.173265,-0.398715,-0.1193,-0.237139,-0.262489
55037,-0.007906,-0.124368,-0.194146,0.001526,-0.004744,-0.262167,-0.124742,-0.118513,-0.29695,-0.039048,-0.49425,-0.0306,-0.156381,-0.208844
55039,0.025725,-0.0975,-0.19444,-0.024734,-0.061909,-0.324517,-0.094819,-0.186357,-0.360083,-0.076721,-0.352282,-0.045606,-0.190629,-0.226111
55041,0.011125,-0.10584,-0.194155,-0.012312,-0.033966,-0.30747,-0.112754,-0.150495,-0.342577,-0.06411,-0.409708,-0.050649,-0.168546,-0.218238
55043,-0.034533,-0.038298,-0.249609,-0.097399,-0.163336,-0.391881,-0.155481,-0.239547,-0.428557,-0.0764,-0.400741,-0.004985,-0.238273,-0.196687
55045,-0.034533,-0.038298,-0.249609,-0.097399,-0.163336,-0.391881,-0.155481,-0.239547,-0.428557,-0.0764,-0.400741,-0.004985,-0.238273,-0.196687
55047,0.028613,-0.059993,-0.166531,-0.001937,-0.074516,-0.32134,-0.085606,-0.149158,-0.385218,-0.072896,-0.31776,-0.044012,-0.144933,-0.217315
55049,-0.034533,-0.038298,-0.249609,-0.097399,-0.163336,-0.391881,-0.155481,-0.239547,-0.428557,-0.0764,-0.400741,-0.004985,-0.238273,-0.196687
55051,-0.021735,-0.117965,-0.214366,-0.013032,-0.019088,-0.318837,-0.150101,-0.140503,-0.341769,-0.072067,-0.465391,-0.070778,-0.178061,-0.219477
55053,0.028613,-0.059993,-0.166531,-0.001937,-0.074516,-0.32134,-0.085606,-0.149158,-0.385218,-0.072896,-0.31776,-0.044012,-0.144933,-0.217315
55055,-0.015748,-0.074885,-0.232411,-0.066928,-0.118515,-0.358278,-0.131882,-0.227826,-0.388609,-0.08062,-0.389197,-0.020293,-0.23521,-0.215194
55057,0.028613,-0.059993,-0.166531,-0.001937,-0.074516,-0.32134,-0.085606,-0.149158,-0.385218,-0.072896,-0.31776,-0.044012,-0.144933,-0.217315
55059,0.003037,-0.111472,-0.215213,-0.036458,-0.073693,-0.324675,-0.108284,-0.216106,-0.34866,-0.08484,-0.377653,-0.035602,-0.232146,-0.233701
55061,0.045527,-0.121035,-0.201576,-0.035807,-0.037518,-0.327537,-0.090567,-0.193806,-0.34637,-0.072427,-0.361433,-0.057204,-0.194809,-0.227316
55063,-0.033952,-0.08383,-0.248796,-0.086197,-0.123939,-0.403111,-0.089837,-0.203338,-0.427355,-0.173265,-0.398715,-0.1193,-0.237139,-0.262489
55065,-0.034533,-0.038298,-0.249609,-0.097399,-0.163336,-0.391881,-0.155481,-0.239547,-0.428557,-0.0764,-0.400741,-0.004985,-0.238273,-0.196687
55067,0.03707,-0.090514,-0.184054,-0.018872,-0.056017,-0.324438,-0.088086,-0.171482,-0.365794,-0.072662,-0.339596,-0.050608,-0.169871,-0.222316
55069,0.003439,-0.088979,-0.190449,-0.007484,-0.046802,-0.320088,-0.117853,-0.144831,-0.363494,-0.072482,-0.391575,-0.057395,-0.161497,-0.218396
55071,0.045527,-0.121035,-0.201576,-0.035807,-0.037518,-0.327537,-0.090567,-0.193806,-0.34637,-0.072427,-0.361433,-0.057204,-0.194809,-0.227316
55073,0.028613,-0.059993,-0.166531,-0.001937,-0.074516,-0.32134,-0.085606,-0.149158,-0.385218,-0.072896,-0.31776,-0.044012,-0.144933,-0.217315
55075,0.01881,-0.122701,-0.197861,-0.01714,-0.021131,-0.294852,-0.107654,-0.15616,-0.32166,-0.055738,-0.427841,-0.043902,-0.175595,-0.21808
55077,0.028613,-0.059993,-0.166531,-0.001937,-0.074516,-0.32134,-0.085606,-0.149158,-0.385218,-0.072896,-0.31776,-0.044012,-0.144933,-0.217315
55078,0.03707,-0.090514,-0.184054,-0.018872,-0.056017,-0.324438,-0.088086,-0.171482,-0.365794,-0.072662,-0.339596,-0.050608,-0.169871,-0.222316
55079,0.003037,-0.111472,-0.215213,-0.036458,-0.073693,-0.324675,-0.108284,-0.216106,-0.34866,-0.08484,-0.377653,-0.035602,-0.232146,-0.233701
55081,0.028613,-0.059993,-0.166531,-0.001937,-0.074516,-0.32134,-0.085606,-0.149158,-0.385218,-0.072896,-0.31776,-0.044012,-0.144933,-0.217315
55083,0.045527,-0.121035,-0.201576,-0.035807,-0.037518,-0.327537,-0.090567,-0.193806,-0.34637,-0.072427,-0.361433,-0.057204,-0.194809,-0.227316
55085,0.003439,-0.088979,-0.190449,-0.007484,-0.046802,-0.320088,-0.117853,-0.144831,-0.363494,-0.072482,-0.391575,-0.057395,-0.161497,-0.218396
55087,0.045527,-0.121035,-0.201576,-0.035807,-0.037518,-0.327537,-0.090567,-0.193806,-0.34637,-0.072427,-0.361433,-0.057204,-0.194809,-0.227316
55089,0.003037,-0.111472,-0.215213,-0.036458,-0.073693,-0.324675,-0.108284,-0.216106,-0.34866,-0.08484,-0.377653,-0.035602,-0.232146,-0.233701
55091,-0.096517,-0.107668,-0.331061,-0.170457,-0.173363,-0.484883,-0.094068,-0.257518,-0.469492,-0.273634,-0.479671,-0.194589,-0.329345,-0.307663
55093,-0.096517,-0.107668,-0.331061,-0.170457,-0.173363,-0.484883,-0.094068,-0.257518,-0.469492,-0.273634,-0.479671,-0.194589,-0.329345,-0.307663
55095,-0.061962,-0.110047,-0.279752,-0.098639,-0.112257,-0.427419,-0.120939,-0.21658,-0.432188,-0.209287,-0.444858,-0.140136,-0.277876,-0.264039
55097,0.028613,-0.059993,-0.166531,-0.001937,-0.074516,-0.32134,-0.085606,-0.149158,-0.385218,-0.072896,-0.31776,-0.044012,-0.144933,-0.217315
55099,0.003439,-0.088979,-0.190449,-0.007484,-0.046802,-0.320088,-0.117853,-0.144831,-0.363494,-0.072482,-0.391575,-0.057395,-0.161497,-0.218396
55101,0.003037,-0.111472,-0.215213,-0.036458,-0.073693,-0.324675,-0.108284,-0.216106,-0.34866,-0.08484,-0.377653,-0.035602,-0.232146,-0.233701
55103,-0.034533,-0.038298,-0.249609,-0.097399,-0.163336,-0.391881,-0.155481,-0.239547,-0.428557,-0.0764,-0.400741,-0.004985,-0.238273,-0.196687
55105,-0.034533,-0.038298,-0.249609,-0.097399,-0.163336,-0.391881,-0.155481,-0.239547,-0.428557,-0.0764,-0.400741,-0.004985,-0.238273,-0.196687
55107,-0.029262,-0.099513,-0.2351,-0.053062,-0.079529,-0.373754,-0.119396,-0.180705,-0.397841,-0.140885,-0.418217,-0.098765,-0.219687,-0.241217
55109,-0.096517,-0.107668,-0.331061,-0.170457,-0.173363,-0.484883,-0.094068,-0.257518,-0.469492,-0.273634,-0.479671,-0.194589,-0.329345,-0.307663
55111,-0.00296,-0.049145,-0.20807,-0.049668,-0.118926,-0.35661,-0.120543,-0.194352,-0.406887,-0.074648,-0.35925,-0.024498,-0.191603,-0.207001
55113,-0.024571,-0.115196,-0.221405,-0.019926,-0.035119,-0.344396,-0.148956,-0.158073,-0.368327,-0.108504,-0.437718,-0.078231,-0.202234,-0.219946
55115,0.03707,-0.090514,-0.184054,-0.018872,-0.056017,-0.324438,-0.088086,-0.171482,-0.365794,-0.072662,-0.339596,-0.050608,-0.169871,-0.222316
55117,0.024282,-0.116253,-0.208394,-0.036132,-0.055605,-0.326106,-0.099425,-0.204956,-0.347515,-0.078633,-0.369543,-0.046403,-0.213477,-0.230509
55119,0.028613,-0.059993,-0.166531,-0.001937,-0.074516,-0.32134,-0.085606,-0.149158,-0.385218,-0.072896,-0.31776,-0.044012,-0.144933,-0.217315
55121,-0.033952,-0.08383,-0.248796,-0.086197,-0.123939,-0.403111,-0.089837,-0.203338,-0.427355,-0.173265,-0.398715,-0.1193,-0.237139,-0.262489
55123,-0.034146,-0.068653,-0.249067,-0.089931,-0.137072,-0.399368,-0.111718,-0.215407,-0.427756,-0.140977,-0.399391,-0.081195,-0.237517,-0.240555
55125,-0.021735,-0.117965,-0.214366,-0.013032,-0.019088,-0.318837,-0.150101,-0.140503,-0.341769,-0.072067,-0.465391,-0.070778,-0.178061,-0.219477
55127,-0.015748,-0.074885,-0.232411,-0.066928,-0.118515,-0.358278,-0.131882,-0.227826,-0.388609,-0.08062,-0.389197,-0.020293,-0.23521,-0.215194
55129,-0.027408,-0.112427,-0.228444,-0.026821,-0.05115,-0.369955,-0.14781,-0.175642,-0.394885,-0.14494,-0.410044,-0.085683,-0.226408,-0.220414
55131,0.003037,-0.111472,-0.215213,-0.036458,-0.073693,-0.324675,-0.108284,-0.216106,-0.34866,-0.08484,-0.377653,-0.035602,-0.232146,-0.233701
55133,0.003037,-0.111472,-0.215213,-0.036458,-0.073693,-0.324675,-0.108284,-0.216106,-0.34866,-0.08484,-0.377653,-0.035602,-0.232146,-0.233701
55135,0.03707,-0.090514,-0.184054,-0.018872,-0.056017,-0.324438,-0.088086,-0.171482,-0.365794,-0.072662,-0.339596,-0.050608,-0.169871,-0.222316
55137,0.028613,-0.059993,-0.166531,-0.001937,-0.074516,-0.32134,-0.085606,-0.149158,-0.385218,-0.072896,-0.31776,-0.044012,-0.144933,-0.217315
55139,0.03707,-0.090514,-0.184054,-0.018872,-0.056017,-0.324438,-0.088086,-0.171482,-0.365794,-0.072662,-0.339596,-0.050608,-0.169871,-0.222316
55141,0.028613,-0.059993,-0.166531,-0.001937,-0.074516,-0.32134,-0.085606,-0.149158,-0.385218,-0.072896,-0.31776,-0.044012,-0.144933,-0.217315
56001,-0.18456,-0.066239,-0.133793,-0.187605,-0.0578,-0.233446,-0.068015,-0.00596,-0.159622,-0.285169,-0.154625,-0.086546,-0.204801,-0.209384
56003,-0.174801,-0.05076,-0.202995,-0.02591,0.126475,-0.189506,-0.10116,0.065031,-0.252643,-0.177487,-0.173241,-0.050438,-0.185197,-0.160199
56005,-0.171035,-0.089274,-0.229133,-0.080967,0.088335,-0.212532,-0.106479,0.017206,-0.236064,-0.155966,-0.18634,-0.083877,-0.193862,-0.176296
56007,-0.203356,-0.079095,-0.158435,-0.188638,-0.041776,-0.256152,-0.072839,-0.005985,-0.192,-0.283181,-0.154715,-0.077319,-0.213595,-0.215555
56009,-0.223688,-0.105993,-0.205198,-0.158887,0.036152,-0.225251,-0.091483,-0.024587,-0.235809,-0.235441,-0.1895,-0.085556,-0.192792,-0.187394
56011,-0.118382,-0.072554,-0.253067,-0.003048,0.140517,-0.199813,-0.121475,0.058998,-0.236319,-0.076492,-0.183179,-0.082198,-0.194932,-0.165198
56013,-0.244431,-0.12865,-0.219765,-0.117636,-0.038006,-0.286523,-0.096107,0.05296,-0.364297,-0.246392,-0.205529,-0.0286,-0.247314,-0.225055
56015,-0.205845,-0.109601,-0.156819,-0.17879,0.029206,-0.199438,-0.074701,-0.020874,-0.163265,-0.247685,-0.157348,-0.096838,-0.168643,-0.191658
56017,-0.227023,-0.109177,-0.215573,-0.094705,0.003115,-0.262268,-0.09737,0.055977,-0.336384,-0.229166,-0.197457,-0.034059,-0.231785,-0.208841
56019,-0.194154,-0.086742,-0.223406,-0.094896,0.07736,-0.23471,-0.100357,0.023346,-0.253476,-0.191659,-0.175226,-0.066957,-0.203225,-0.186715
56021,-0.188001,-0.113208,-0.108441,-0.198693,0.022261,-0.173624,-0.057918,-0.017162,-0.090721,-0.259928,-0.125195,-0.108119,-0.144494,-0.195923
56023,-0.132244,-0.058649,-0.16533,-0.13192,-0.115418,-0.214111,0.078887,0.125786,-0.260804,-0.290716,-0.212125,0.054503,-0.236071,-0.213671
56025,-0.241716,-0.111827,-0.218781,-0.175312,0.021224,-0.27476,-0.089396,-0.015322,-0.26247,-0.256328,-0.172242,-0.067596,-0.216385,-0.210731
56027,-0.223688,-0.105993,-0.205198,-0.158887,0.036152,-0.225251,-0.091483,-0.024587,-0.235809,-0.235441,-0.1895,-0.085556,-0.192792,-0.187394
56029,-0.19935,-0.056011,-0.215525,-0.022092,0.113944,-0.21977,-0.1173,0.071543,-0.286859,-0.173872,-0.154259,-0.046617,-0.209506,-0.143465
56031,-0.205845,-0.109601,-0.156819,-0.17879,0.029206,-0.199438,-0.074701,-0.020874,-0.163265,-0.247685,-0.157348,-0.096838,-0.168643,-0.191658
56033,-0.146591,-0.061657,-0.228031,-0.014479,0.133496,-0.194659,-0.111317,0.062015,-0.244481,-0.126989,-0.17821,-0.066318,-0.190064,-0.162698
56035,-0.249649,-0.207028,-0.198877,-0.142897,-0.221727,-0.285263,-0.067573,0.08688,-0.482686,-0.291704,-0.326327,0.006633,-0.26815,-0.314364
56037,-0.166556,-0.053619,-0.162691,-0.165203,-0.114088,-0.263489,0.003955,0.067346,-0.240769,-0.304696,-0.182103,-0.001648,-0.247309,-0.226562
56039,-0.236774,-0.134144,-0.213465,-0.080586,-0.060156,-0.267649,-0.100506,0.082468,-0.40188,-0.23098,-0.230802,-0.018082,-0.250983,-0.220548
56041,-0.014839,0.08973,-0.131784,-0.120942,-0.00911,-0.142959,0.225348,0.164693,-0.038921,-0.289729,-0.097924,0.102372,-0.203991,-0.112978
56043,-0.217272,-0.08421,-0.21768,-0.108824,0.066386,-0.256888,-0.094235,0.029487,-0.270888,-0.227351,-0.164112,-0.050037,-0.212587,-0.197134
56045,-0.171035,-0.089274,-0.229133,-0.080967,0.088335,-0.212532,-0.106479,0.017206,-0.236064,-0.155966,-0.18634,-0.083877,-0.193862,-0.176296
06001,0.121381,0.10669,-0.038985,0.086398,0.449106,0.77377,0.049529,0.201105,0.156611,0.30587,0.251898,0.230435,0.211481,0.211169
06003,0.041676,0.114761,-0.180612,0.174007,0.396348,0.003646,0.056192,0.319393,0.015374,0.056533,0.260687,0.219149,0.137311,0.156004
06005,0.041676,0.114761,-0.180612,0.174007,0.396348,0.003646,0.056192,0.319393,0.015374,0.056533,0.260687,0.219149,0.137311,0.156004
06007,0.083681,0.152178,-0.095301,0.144528,0.479524,0.70085,0.048535,0.304178,0.094621,0.24401,0.301805,0.242843,0.207645,0.232898
06009,0.155547,0.111355,-0.037591,0.148111,0.472569,0.266855,0.090331,0.362817,0.127943,0.122599,0.25955,0.262052,0.183493,0.210418
06011,0.112957,0.131432,-0.034786,0.120109,0.492689,1.073783,0.041599,0.253941,0.159053,0.343702,0.283471,0.247484,0.230212,0.234295
06013,0.121381,0.10669,-0.038985,0.086398,0.449106,0.77377,0.049529,0.201105,0.156611,0.30587,0.251898,0.230435,0.211481,0.211169
06015,0.04223,0.151551,-0.119412,0.146572,0.409586,0.561346,-0.013541,0.16962,0.139728,0.297377,0.253393,0.12488,0.216294,0.20269
06017,0.041676,0.114761,-0.180612,0.174007,0.396348,0.003646,0.056192,0.319393,0.015374,0.056533,0.260687,0.219149,0.137311,0.156004
06019,0.191431,0.057015,-0.023528,0.086796,0.415929,0.205645,0.091263,0.320857,0.176308,0.1534,0.193317,0.242018,0.137763,0.229639
06021,0.104684,0.170887,-0.052645,0.129788,0.521112,1.049452,0.044707,0.29657,0.134244,0.337748,0.322364,0.254689,0.242812,0.271345
06023,0.053509,0.155997,-0.104562,0.104957,0.390432,0.746832,-0.000995,0.188912,0.126662,0.305809,0.27098,0.164515,0.232277,0.224513
06025,-0.001626,0.010134,-0.169941,-0.003061,0.145863,0.079399,0.027379,0.219941,0.094789,-0.030974,0.015982,0.04555,-0.047682,-0.014314
06027,0.138358,0.02189,-0.063281,0.046883,0.283621,0.093781,0.08003,0.294334,0.112815,0.026335,0.124103,0.132779,0.061586,0.139778
06029,0.138851,-0.009955,-0.092167,0.067642,0.331219,0.070798,0.07967,0.268605,0.156081,0.10304,0.149988,0.183003,0.068844,0.173384
06031,0.230409,0.058469,0.024706,0.116727,0.478574,0.324019,0.106414,0.345602,0.226476,0.188186,0.228617,0.296074,0.162135,0.266438
06033,0.112957,0.131432,-0.034786,0.120109,0.492689,1.073783,0.041599,0.253941,0.159053,0.343702,0.283471,0.247484,0.230212,0.234295
06035,0.025068,0.155545,-0.148683,0.243133,0.422516,0.33688,0.035731,0.305873,0.023892,0.174445,0.271924,0.22204,0.164039,0.209991
06037,0.026135,-0.015327,-0.157693,-0.026374,0.260276,0.109368,0.067645,0.14652,0.104625,0.095156,0.0559,0.095219,0.054825,0.075632
06039,0.269418,0.107949,0.10543,0.122216,0.548789,0.530064,0.124469,0.40624,0.240512,0.188664,0.258413,0.304955,0.229675,0.264833
06041,0.121381,0.10669,-0.038985,0.086398,0.449106,0.77377,0.049529,0.201105,0.156611,0.30587,0.251898,0.230435,0.211481,0.211169
06043,0.155547,0.111355,-0.037591,0.148111,0.472569,0.266855,0.090331,0.362817,0.127943,0.122599,0.25955,0.262052,0.183493,0.210418
06045,0.056683,0.13255,-0.09262,0.095133,0.384031,0.757833,-0.0009,0.165872,0.134847,0.304116,0.245381,0.162123,0.223393,0.204502
06047,0.269418,0.107949,0.10543,0.122216,0.548789,0.530064,0.124469,0.40624,0.240512,0.188664,0.258413,0.304955,0.229675,0.264833
06049,0.03178,0.186204,-0.123756,0.290821,0.473686,0.365466,0.026705,0.302231,0.067461,0.251426,0.274706,0.194257,0.163389,0.235451
06051,0.113186,0.073951,-0.086321,0.073976,0.366899,0.107816,0.073738,0.315833,0.084974,0.089022,0.183124,0.197581,0.12853,0.174958
06053,0.146948,0.058966,-0.02955,0.063572,0.410149,0.364987,0.070199,0.213354,0.17846,0.208595,0.195912,0.219428,0.167581,0.201609
06055,0.112957,0.131432,-0.034786,0.120109,0.492689,1.073783,0.041599,0.253941,0.159053,0.343702,0.283471,0.247484,0.230212,0.234295
06057,0.077316,0.123096,-0.107699,0.147058,0.444519,0.538714,0.048896,0.286667,0.087214,0.200117,0.272079,0.233317,0.183761,0.195149
06059,-0.098237,-0.042673,-0.260633,-0.122511,0.170559,0.064415,0.068064,0.051647,0.034975,0.040798,-0.062035,-0.007972,-0.02091,-0.050055
06061,0.077316,0.123096,-0.107699,0.147058,0.444519,0.538714,0.048896,0.286667,0.087214,0.200117,0.272079,0.233317,0.183761,0.195149
06063,0.04704,0.149517,-0.120209,0.212377,0.440059,0.521105,0.037198,0.29289,0.057682,0.216759,0.274811,0.228401,0.180582,0.216067
06065,-0.049931,-0.01627,-0.215287,-0.062786,0.158211,0.071907,0.047722,0.135794,0.064882,0.004912,-0.023027,0.018789,-0.034296,-0.032184
06067,0.077316,0.123096,-0.107699,0.147058,0.444519,0.538714,0.048896,0.286667,0.087214,0.200117,0.272079,0.233317,0.183761,0.195149
06069,0.199611,0.094948,0.031123,0.087451,0.477156,0.50191,0.090964,0.277254,0.19734,0.228351,0.239369,0.25917,0.211213,0.226438
06071,0.017736,-0.023362,-0.168368,-0.02373,0.176747,0.036173,0.057316,0.193688,0.070268,-0.017407,0.024012,0.035823,-0.014218,0.017272
06073,-0.049931,-0.01627,-0.215287,-0.062786,0.158211,0.071907,0.047722,0.135794,0.064882,0.004912,-0.023027,0.018789,-0.034296,-0.032184
06075,0.129804,0.081947,-0.043184,0.052686,0.405524,0.473756,0.057459,0.148268,0.154169,0.268038,0.220325,0.213386,0.192751,0.188042
06077,0.138464,0.109022,-0.038288,0.117255,0.460838,0.520312,0.06993,0.281961,0.142277,0.214234,0.255724,0.246243,0.197487,0.210793
06079,0.094285,0.022984,-0.090222,0.039693,0.343141,0.228064,0.049433,0.149453,0.15958,0.18884,0.152455,0.179685,0.123948,0.17678
06081,0.129804,0.081947,-0.043184,0.052686,0.405524,0.473756,0.057459,0.148268,0.154169,0.268038,0.220325,0.213386,0.192751,0.188042
06083,0.058236,0.005133,-0.120912,-0.003515,0.308234,0.174718,0.065767,0.141094,0.141901,0.160728,0.092241,0.155017,0.098558,0.13693
06085,0.199611,0.094948,0.031123,0.087451,0.477156,0.50191,0.090964,0.277254,0.19734,0.228351,0.239369,0.25917,0.211213,0.226438
06087,0.129804,0.081947,-0.043184,0.052686,0.405524,0.473756,0.057459,0.148268,0.154169,0.268038,0.220325,0.213386,0.192751,0.188042
06089,0.09641,0.210342,-0.070504,0.139467,0.549534,1.025121,0.047815,0.339199,0.109435,0.331795,0.361256,0.261894,0.255413,0.308395
06091,0.041676,0.114761,-0.180612,0.174007,0.396348,0.003646,0.056192,0.319393,0.015374,0.056533,0.260687,0.219149,0.137311,0.156004
06093,0.086851,0.201824,-0.083471,0.216755,0.567212,0.667083,0.027218,0.316631,0.136085,0.323124,0.339588,0.207014,0.23061,0.276262
06095,0.112957,0.131432,-0.034786,0.120109,0.492689,1.073783,0.041599,0.253941,0.159053,0.343702,0.283471,0.247484,0.230212,0.234295
06097,0.112957,0.131432,-0.034786,0.120109,0.492689,1.073783,0.041599,0.253941,0.159053,0.343702,0.283471,0.247484,0.230212,0.234295
06099,0.146966,0.101552,-0.039456,0.116303,0.45022,0.335822,0.079374,0.291301,0.136685,0.171078,0.246475,0.24583,0.186579,0.20296
06101,0.112957,0.131432,-0.034786,0.120109,0.492689,1.073783,0.041599,0.253941,0.159053,0.343702,0.283471,0.247484,0.230212,0.234295
06103,0.09641,0.210342,-0.070504,0.139467,0.549534,1.025121,0.047815,0.339199,0.109435,0.331795,0.361256,0.261894,0.255413,0.308395
06105,0.09641,0.210342,-0.070504,0.139467,0.549534,1.025121,0.047815,0.339199,0.109435,0.331795,0.361256,0.261894,0.255413,0.308395
06107,0.165149,0.035537,-0.049725,0.071108,0.375466,0.160139,0.086193,0.303705,0.157162,0.119643,0.170276,0.201217,0.114096,0.19191
06109,0.155547,0.111355,-0.037591,0.148111,0.472569,0.266855,0.090331,0.362817,0.127943,0.122599,0.25955,0.262052,0.183493,0.210418
06111,0.067592,-0.006211,-0.12338,0.005672,0.290182,0.124353,0.067505,0.178145,0.127842,0.113275,0.095212,0.129616,0.08007,0.117528
06113,0.112957,0.131432,-0.034786,0.120109,0.492689,1.073783,0.041599,0.253941,0.159053,0.343702,0.283471,0.247484,0.230212,0.234295
06115,0.077316,0.123096,-0.107699,0.147058,0.444519,0.538714,0.048896,0.286667,0.087214,0.200117,0.272079,0.233317,0.183761,0.195149
08001,-0.170972,-0.11923,-0.031635,-0.145649,-0.031999,-0.160246,-0.032654,-0.001909,-0.087729,-0.230618,-0.107387,-0.093638,-0.079769,-0.148099
08003,-0.246187,-0.541085,0.08724,-0.267521,-0.169366,-0.439108,-0.111144,-0.080527,0.122496,-0.556811,-0.166121,-0.228521,-0.158927,-0.230162
08005,-0.18313,-0.126011,0.008611,-0.155114,-0.063249,-0.173396,-0.034385,-0.021929,-0.058393,-0.258303,-0.104601,-0.116327,-0.07955,-0.157786
08007,-0.017802,0.094343,0.266121,-0.212023,-0.201101,-0.186496,0.193863,0.127666,0.220026,-0.269087,-0.04336,0.00444,-0.224456,0.125863
08009,-0.08941,-0.100588,0.010115,-0.099636,-0.028833,-0.176515,-0.018857,-0.014775,-0.037132,-0.189944,-0.118976,-0.075182,-0.116085,-0.173081
08011,-0.106596,-0.086213,-0.01337,-0.11083,-0.030797,-0.164697,-0.016847,-0.017386,-0.056489,-0.192178,-0.110854,-0.064921,-0.098831,-0.143682
08013,-0.159004,-0.107838,-0.043774,-0.164641,0.001708,-0.132534,-0.022518,0.021685,-0.066558,-0.240653,-0.092856,-0.09453,-0.093578,-0.138491
08014,-0.159004,-0.107838,-0.043774,-0.164641,0.001708,-0.132534,-0.022518,0.021685,-0.066558,-0.240653,-0.092856,-0.09453,-0.093578,-0.138491
08015,-0.14623,0.013537,0.096665,-0.168405,-0.131473,-0.184081,0.022855,0.054593,0.034879,-0.352249,-0.102386,-0.110404,-0.146979,-0.150028
08017,-0.123782,-0.071837,-0.036855,-0.122023,-0.032762,-0.152878,-0.014837,-0.019996,-0.075847,-0.194412,-0.102731,-0.054661,-0.081578,-0.114283
08019,-0.200741,-0.144012,0.005151,-0.176423,-0.046014,-0.163224,-0.038225,-0.001089,-0.053749,-0.281424,-0.099664,-0.136262,-0.08555,-0.16989
08021,-0.131995,-0.223371,0.176681,-0.239772,-0.185234,-0.312802,0.04136,0.02357,0.171261,-0.412949,-0.104741,-0.11204,-0.191692,-0.05215
08023,-0.246187,-0.541085,0.08724,-0.267521,-0.169366,-0.439108,-0.111144,-0.080527,0.122496,-0.556811,-0.166121,-0.228521,-0.158927,-0.230162
08025,-0.18313,-0.126011,0.008611,-0.155114,-0.063249,-0.173396,-0.034385,-0.021929,-0.058393,-0.258303,-0.104601,-0.116327,-0.07955,-0.157786
08027,-0.244333,-0.360635,0.070659,-0.227863,-0.131551,-0.316511,-0.082538,-0.052195,0.040778,-0.439503,-0.136296,-0.203257,-0.118225,-0.215726
08029,-0.049981,0.207259,0.139252,-0.148606,-0.169209,-0.174248,0.099643,0.133048,0.110697,-0.382303,-0.0983,-0.042814,-0.216435,-0.098768
08031,-0.200741,-0.144012,0.005151,-0.176423,-0.046014,-0.163224,-0.038225,-0.001089,-0.053749,-0.281424,-0.099664,-0.136262,-0.08555,-0.16989
08033,0.015603,0.033524,0.120185,-0.111641,-0.093709,-0.152672,0.166824,0.182472,0.147652,-0.31698,-0.061392,-0.014085,-0.197297,0.024365
08035,-0.242479,-0.180185,0.054077,-0.188204,-0.093736,-0.193915,-0.053933,-0.023863,-0.04094,-0.322194,-0.106471,-0.177994,-0.077522,-0.201289
08037,-0.130667,0.017532,0.055813,-0.17349,-0.174512,-0.211697,0.010947,0.055804,-0.023225,-0.350653,-0.106103,-0.092541,-0.17243,-0.165899
08039,-0.18313,-0.126011,0.008611,-0.155114,-0.063249,-0.173396,-0.034385,-0.021929,-0.058393,-0.258303,-0.104601,-0.116327,-0.07955,-0.157786
08041,-0.242479,-0.180185,0.054077,-0.188204,-0.093736,-0.193915,-0.053933,-0.023863,-0.04094,-0.322194,-0.106471,-0.177994,-0.077522,-0.201289
08043,-0.242479,-0.180185,0.054077,-0.188204,-0.093736,-0.193915,-0.053933,-0.023863,-0.04094,-0.322194,-0.106471,-0.177994,-0.077522,-0.201289
08045,-0.020192,0.054499,0.04989,-0.117234,-0.145123,-0.18497,0.10664,0.161876,0.037817,-0.339963,-0.077818,0.004474,-0.209632,-0.085896
08047,-0.200741,-0.144012,0.005151,-0.176423,-0.046014,-0.163224,-0.038225,-0.001089,-0.053749,-0.281424,-0.099664,-0.136262,-0.08555,-0.16989
08049,-0.167008,-0.0875,-0.005196,-0.178835,-0.117539,-0.197792,-0.029774,0.018683,-0.08231,-0.303437,-0.104289,-0.10978,-0.131478,-0.17914
08051,-0.14623,0.013537,0.096665,-0.168405,-0.131473,-0.184081,0.022855,0.054593,0.034879,-0.352249,-0.102386,-0.110404,-0.146979,-0.150028
08053,-0.033892,0.150801,0.202687,-0.180314,-0.185155,-0.180372,0.146753,0.130357,0.165362,-0.325695,-0.07083,-0.019187,-0.220445,0.013547
08055,-0.244333,-0.360635,0.070659,-0.227863,-0.131551,-0.316511,-0.082538,-0.052195,0.040778,-0.439503,-0.136296,-0.203257,-0.118225,-0.215726
08057,-0.129273,-0.041158,-0.034833,-0.17415,-0.129441,-0.199731,-0.017694,0.039956,-0.102996,-0.294058,-0.103198,-0.075673,-0.158456,-0.168066
08059,-0.200741,-0.144012,0.005151,-0.176423,-0.046014,-0.163224,-0.038225,-0.001089,-0.053749,-0.281424,-0.099664,-0.136262,-0.08555,-0.16989
08061,-0.123782,-0.071837,-0.036855,-0.122023,-0.032762,-0.152878,-0.014837,-0.019996,-0.075847,-0.194412,-0.102731,-0.054661,-0.081578,-0.114283
08063,-0.123782,-0.071837,-0.036855,-0.122023,-0.032762,-0.152878,-0.014837,-0.019996,-0.075847,-0.194412,-0.102731,-0.054661,-0.081578,-0.114283
08065,-0.14623,0.013537,0.096665,-0.168405,-0.131473,-0.184081,0.022855,0.054593,0.034879,-0.352249,-0.102386,-0.110404,-0.146979,-0.150028
08067,-0.017802,0.094343,0.266121,-0.212023,-0.201101,-0.186496,0.193863,0.127666,0.220026,-0.269087,-0.04336,0.00444,-0.224456,0.125863
08069,-0.159004,-0.107838,-0.043774,-0.164641,0.001708,-0.132534,-0.022518,0.021685,-0.066558,-0.240653,-0.092856,-0.09453,-0.093578,-0.138491
08071,-0.167799,-0.320837,0.048677,-0.183578,-0.0991,-0.307812,-0.065001,-0.047651,0.042682,-0.373378,-0.142548,-0.151851,-0.137506,-0.201622
08073,-0.18313,-0.126011,0.008611,-0.155114,-0.063249,-0.173396,-0.034385,-0.021929,-0.058393,-0.258303,-0.104601,-0.116327,-0.07955,-0.157786
08075,-0.158625,-0.117059,-0.099988,-0.107729,-0.003207,-0.161658,-0.03933,0.014538,-0.167571,-0.165212,-0.127487,-0.047367,-0.066398,-0.138335
08077,0.019483,0.068988,0.087782,-0.084021,-0.08739,-0.14399,0.166395,0.213701,0.126442,-0.336214,-0.059958,0.035119,-0.20278,-0.030023
08079,-0.033892,0.150801,0.202687,-0.180314,-0.185155,-0.180372,0.146753,0.130357,0.165362,-0.325695,-0.07083,-0.019187,-0.220445,0.013547
08081,-0.041223,0.059289,-0.058556,-0.146464,-0.144097,-0.191121,0.127197,0.123243,-0.090142,-0.310493,-0.091045,0.022588,-0.191332,-0.136376
08083,0.011723,-0.001939,0.152587,-0.13926,-0.100029,-0.161353,0.167252,0.151242,0.168861,-0.297746,-0.062826,-0.063289,-0.191813,0.078753
08085,0.019483,0.068988,0.087782,-0.084021,-0.08739,-0.14399,0.166395,0.213701,0.126442,-0.336214,-0.059958,0.035119,-0.20278,-0.030023
08087,-0.158815,-0.112448,-0.071881,-0.136185,-0.00075,-0.147096,-0.030924,0.018112,-0.117065,-0.202932,-0.110172,-0.070949,-0.079988,-0.138413
08089,-0.175465,-0.223424,0.028644,-0.169346,-0.081174,-0.240604,-0.049693,-0.03479,-0.007856,-0.31584,-0.123575,-0.134089,-0.108528,-0.179704
08091,-0.033892,0.150801,0.202687,-0.180314,-0.185155,-0.180372,0.146753,0.130357,0.165362,-0.325695,-0.07083,-0.019187,-0.220445,0.013547
08093,-0.242479,-0.180185,0.054077,-0.188204,-0.093736,-0.193915,-0.053933,-0.023863,-0.04094,-0.322194,-0.106471,-0.177994,-0.077522,-0.201289
08095,-0.158625,-0.117059,-0.099988,-0.107729,-0.003207,-0.161658,-0.03933,0.014538,-0.167571,-0.165212,-0.127487,-0.047367,-0.066398,-0.138335
08097,-0.049981,0.207259,0.139252,-0.148606,-0.169209,-0.174248,0.099643,0.133048,0.110697,-0.382303,-0.0983,-0.042814,-0.216435,-0.098768
08099,-0.106596,-0.086213,-0.01337,-0.11083,-0.030797,-0.164697,-0.016847,-0.017386,-0.056489,-0.192178,-0.110854,-0.064921,-0.098831,-0.143682
08101,-0.244333,-0.360635,0.070659,-0.227863,-0.131551,-0.316511,-0.082538,-0.052195,0.040778,-0.439503,-0.136296,-0.203257,-0.118225,-0.215726
08103,-0.01087,0.064138,0.014613,-0.115242,-0.115744,-0.167556,0.146796,0.168472,0.01815,-0.323353,-0.075501,0.028854,-0.197056,-0.0832
08105,-0.131995,-0.223371,0.176681,-0.239772,-0.185234,-0.312802,0.04136,0.02357,0.171261,-0.412949,-0.104741,-0.11204,-0.191692,-0.05215
08107,-0.099541,0.025523,-0.025892,-0.183659,-0.260589,-0.266929,-0.01287,0.058226,-0.139433,-0.347462,-0.113539,-0.056815,-0.223334,-0.197642
08109,-0.139112,-0.104917,0.136673,-0.204089,-0.158353,-0.248442,0.032107,0.039081,0.10307,-0.382599,-0.103563,-0.111222,-0.169335,-0.101089
08111,-0.033892,0.150801,0.202687,-0.180314,-0.185155,-0.180372,0.146753,0.130357,0.165362,-0.325695,-0.07083,-0.019187,-0.220445,0.013547
08113,0.015603,0.033524,0.120185,-0.111641,-0.093709,-0.152672,0.166824,0.182472,0.147652,-0.31698,-0.061392,-0.014085,-0.197297,0.024365
08115,-0.158625,-0.117059,-0.099988,-0.107729,-0.003207,-0.161658,-0.03933,0.014538,-0.167571,-0.165212,-0.127487,-0.047367,-0.066398,-0.138335
08117,-0.137751,-0.01381,0.030916,-0.171278,-0.130457,-0.191906,0.002581,0.047274,-0.034059,-0.323153,-0.102792,-0.093038,-0.152717,-0.159047
08119,-0.242479,-0.180185,0.054077,-0.188204,-0.093736,-0.193915,-0.053933,-0.023863,-0.04094,-0.322194,-0.106471,-0.177994,-0.077522,-0.201289
08121,-0.141203,-0.094448,-0.068421,-0.114876,-0.017985,-0.157268,-0.027083,-0.002729,-0.121709,-0.179812,-0.115109,-0.051014,-0.073988,-0.126309
08123,-0.158815,-0.112448,-0.071881,-0.136185,-0.00075,-0.147096,-0.030924,0.018112,-0.117065,-0.202932,-0.110172,-0.070949,-0.079988,-0.138413
08125,-0.141203,-0.094448,-0.068421,-0.114876,-0.017985,-0.157268,-0.027083,-0.002729,-0.121709,-0.179812,-0.115109,-0.051014,-0.073988,-0.126309
09001,-0.014708,0.001622,-0.091715,0.061769,0.006449,-0.098881,-0.151439,-0.262145,-0.104407,0.16785,-0.123065,0.072051,-0.048566,-0.045556
09003,-0.009671,-0.022759,-0.088054,0.052899,0.02659,-0.114257,-0.127413,-0.289621,-0.108193,0.15543,-0.107401,0.098577,-0.035883,-0.055428
09005,-0.009671,-0.022759,-0.088054,0.052899,0.02659,-0.114257,-0.127413,-0.289621,-0.108193,0.15543,-0.107401,0.098577,-0.035883,-0.055428
09007,-0.014708,0.001622,-0.091715,0.061769,0.006449,-0.098881,-0.151439,-0.262145,-0.104407,0.16785,-0.123065,0.072051,-0.048566,-0.045556
09009,-0.014708,0.001622,-0.091715,0.061769,0.006449,-0.098881,-0.151439,-0.262145,-0.104407,0.16785,-0.123065,0.072051,-0.048566,-0.045556
09011,-0.009671,-0.022759,-0.088054,0.052899,0.02659,-0.114257,-0.127413,-0.289621,-0.108193,0.15543,-0.107401,0.098577,-0.035883,-0.055428
09013,-0.009671,-0.022759,-0.088054,0.052899,0.02659,-0.114257,-0.127413,-0.289621,-0.108193,0.15543,-0.107401,0.098577,-0.035883,-0.055428
09015,-0.009671,-0.022759,-0.088054,0.052899,0.02659,-0.114257,-0.127413,-0.289621,-0.108193,0.15543,-0.107401,0.098577,-0.035883,-0.055428
